I386	256	if
I386	257	else
I386	258	while
I386	259	for
I386	260	do
I386	261	continue
I386	262	break
I386	263	return
I386	264	goto
I386	265	switch
I386	266	case
I386	267	default
I386	268	asm
I386	269	__asm
I386	270	__asm__
I386	271	extern
I386	272	static
I386	273	unsigned
I386	274	_Atomic
I386	275	const
I386	276	__const
I386	277	__const__
I386	278	volatile
I386	279	__volatile
I386	280	__volatile__
I386	281	register
I386	282	signed
I386	283	__signed
I386	284	__signed__
I386	285	auto
I386	286	inline
I386	287	__inline
I386	288	__inline__
I386	289	restrict
I386	290	__restrict
I386	291	__restrict__
I386	292	__extension__
I386	293	_Thread_local
I386	294	__thread
I386	295	_Generic
I386	296	_Static_assert
I386	297	void
I386	298	char
I386	299	int
I386	300	float
I386	301	double
I386	302	_Bool
I386	303	_Complex
I386	304	short
I386	305	long
I386	306	struct
I386	307	union
I386	308	typedef
I386	309	enum
I386	310	sizeof
I386	311	__attribute
I386	312	__attribute__
I386	313	__alignof
I386	314	__alignof__
I386	315	_Alignof
I386	316	_Alignas
I386	317	typeof
I386	318	__typeof
I386	319	__typeof__
I386	320	__label__
I386	321	define
I386	322	include
I386	323	include_next
I386	324	ifdef
I386	325	ifndef
I386	326	elif
I386	327	endif
I386	328	defined
I386	329	undef
I386	330	error
I386	331	warning
I386	332	line
I386	333	pragma
I386	334	__LINE__
I386	335	__FILE__
I386	336	__DATE__
I386	337	__TIME__
I386	338	__FUNCTION__
I386	339	__VA_ARGS__
I386	340	__COUNTER__
I386	341	__has_include
I386	342	__has_include_next
I386	343	__func__
I386	344	__nan__
I386	345	__snan__
I386	346	__inf__
I386	347	section
I386	348	__section__
I386	349	aligned
I386	350	__aligned__
I386	351	packed
I386	352	__packed__
I386	353	weak
I386	354	__weak__
I386	355	alias
I386	356	__alias__
I386	357	used
I386	358	__used__
I386	359	unused
I386	360	__unused__
I386	361	format
I386	362	__format__
I386	363	nodebug
I386	364	__nodebug__
I386	365	cdecl
I386	366	__cdecl
I386	367	__cdecl__
I386	368	stdcall
I386	369	__stdcall
I386	370	__stdcall__
I386	371	fastcall
I386	372	__fastcall
I386	373	__fastcall__
I386	374	thiscall
I386	375	__thiscall
I386	376	__thiscall__
I386	377	regparm
I386	378	__regparm__
I386	379	cleanup
I386	380	__cleanup__
I386	381	constructor
I386	382	__constructor__
I386	383	destructor
I386	384	__destructor__
I386	385	always_inline
I386	386	__always_inline__
I386	387	__noinline__
I386	388	pure
I386	389	__pure__
I386	390	__mode__
I386	391	__QI__
I386	392	__DI__
I386	393	__HI__
I386	394	__SI__
I386	395	__word__
I386	396	dllexport
I386	397	dllimport
I386	398	nodecorate
I386	399	noreturn
I386	400	__noreturn__
I386	401	_Noreturn
I386	402	visibility
I386	403	__visibility__
I386	404	__builtin_types_compatible_p
I386	405	__builtin_choose_expr
I386	406	__builtin_constant_p
I386	407	__builtin_frame_address
I386	408	__builtin_return_address
I386	409	__builtin_expect
I386	410	__builtin_unreachable
I386	411	__atomic_store
I386	412	__atomic_load
I386	413	__atomic_exchange
I386	414	__atomic_compare_exchange
I386	415	__atomic_fetch_add
I386	416	__atomic_fetch_sub
I386	417	__atomic_fetch_or
I386	418	__atomic_fetch_xor
I386	419	__atomic_fetch_and
I386	420	__atomic_fetch_nand
I386	421	__atomic_add_fetch
I386	422	__atomic_sub_fetch
I386	423	__atomic_or_fetch
I386	424	__atomic_xor_fetch
I386	425	__atomic_and_fetch
I386	426	__atomic_nand_fetch
I386	427	pack
I386	428	comment
I386	429	lib
I386	430	push_macro
I386	431	pop_macro
I386	432	once
I386	433	option
I386	434	memcpy
I386	435	memmove
I386	436	memset
I386	437	__divdi3
I386	438	__moddi3
I386	439	__udivdi3
I386	440	__umoddi3
I386	441	__ashrdi3
I386	442	__lshrdi3
I386	443	__ashldi3
I386	444	__floatundisf
I386	445	__floatundidf
I386	446	__floatundixf
I386	447	__fixunsxfdi
I386	448	__fixunssfdi
I386	449	__fixunsdfdi
I386	450	__fixsfdi
I386	451	__fixdfdi
I386	452	__fixxfdi
I386	453	alloca
I386	454	.byte
I386	455	.word
I386	456	.align
I386	457	.balign
I386	458	.p2align
I386	459	.set
I386	460	.skip
I386	461	.space
I386	462	.string
I386	463	.asciz
I386	464	.ascii
I386	465	.file
I386	466	.globl
I386	467	.global
I386	468	.weak
I386	469	.hidden
I386	470	.ident
I386	471	.size
I386	472	.type
I386	473	.text
I386	474	.data
I386	475	.bss
I386	476	.previous
I386	477	.pushsection
I386	478	.popsection
I386	479	.fill
I386	480	.rept
I386	481	.endr
I386	482	.org
I386	483	.quad
I386	484	.code16
I386	485	.code32
I386	486	.short
I386	487	.long
I386	488	.int
I386	489	.symver
I386	490	.reloc
I386	491	.section
I386	492	al
I386	493	cl
I386	494	dl
I386	495	bl
I386	496	ah
I386	497	ch
I386	498	dh
I386	499	bh
I386	500	ax
I386	501	cx
I386	502	dx
I386	503	bx
I386	504	sp
I386	505	bp
I386	506	si
I386	507	di
I386	508	eax
I386	509	ecx
I386	510	edx
I386	511	ebx
I386	512	esp
I386	513	ebp
I386	514	esi
I386	515	edi
I386	516	mm0
I386	517	mm1
I386	518	mm2
I386	519	mm3
I386	520	mm4
I386	521	mm5
I386	522	mm6
I386	523	mm7
I386	524	xmm0
I386	525	xmm1
I386	526	xmm2
I386	527	xmm3
I386	528	xmm4
I386	529	xmm5
I386	530	xmm6
I386	531	xmm7
I386	532	cr0
I386	533	cr1
I386	534	cr2
I386	535	cr3
I386	536	cr4
I386	537	cr5
I386	538	cr6
I386	539	cr7
I386	540	tr0
I386	541	tr1
I386	542	tr2
I386	543	tr3
I386	544	tr4
I386	545	tr5
I386	546	tr6
I386	547	tr7
I386	548	db0
I386	549	db1
I386	550	db2
I386	551	db3
I386	552	db4
I386	553	db5
I386	554	db6
I386	555	db7
I386	556	dr0
I386	557	dr1
I386	558	dr2
I386	559	dr3
I386	560	dr4
I386	561	dr5
I386	562	dr6
I386	563	dr7
I386	564	es
I386	565	cs
I386	566	ss
I386	567	ds
I386	568	fs
I386	569	gs
I386	570	st
I386	571	rip
I386	572	movb
I386	573	movw
I386	574	movl
I386	575	mov
I386	576	addb
I386	577	addw
I386	578	addl
I386	579	add
I386	580	orb
I386	581	orw
I386	582	orl
I386	583	or
I386	584	adcb
I386	585	adcw
I386	586	adcl
I386	587	adc
I386	588	sbbb
I386	589	sbbw
I386	590	sbbl
I386	591	sbb
I386	592	andb
I386	593	andw
I386	594	andl
I386	595	and
I386	596	subb
I386	597	subw
I386	598	subl
I386	599	sub
I386	600	xorb
I386	601	xorw
I386	602	xorl
I386	603	xor
I386	604	cmpb
I386	605	cmpw
I386	606	cmpl
I386	607	cmp
I386	608	incb
I386	609	incw
I386	610	incl
I386	611	inc
I386	612	decb
I386	613	decw
I386	614	decl
I386	615	dec
I386	616	notb
I386	617	notw
I386	618	notl
I386	619	not
I386	620	negb
I386	621	negw
I386	622	negl
I386	623	neg
I386	624	mulb
I386	625	mulw
I386	626	mull
I386	627	mul
I386	628	imulb
I386	629	imulw
I386	630	imull
I386	631	imul
I386	632	divb
I386	633	divw
I386	634	divl
I386	635	div
I386	636	idivb
I386	637	idivw
I386	638	idivl
I386	639	idiv
I386	640	xchgb
I386	641	xchgw
I386	642	xchgl
I386	643	xchg
I386	644	testb
I386	645	testw
I386	646	testl
I386	647	test
I386	648	rolb
I386	649	rolw
I386	650	roll
I386	651	rol
I386	652	rorb
I386	653	rorw
I386	654	rorl
I386	655	ror
I386	656	rclb
I386	657	rclw
I386	658	rcll
I386	659	rcl
I386	660	rcrb
I386	661	rcrw
I386	662	rcrl
I386	663	rcr
I386	664	shlb
I386	665	shlw
I386	666	shll
I386	667	shl
I386	668	shrb
I386	669	shrw
I386	670	shrl
I386	671	shr
I386	672	sarb
I386	673	sarw
I386	674	sarl
I386	675	sar
I386	676	shldw
I386	677	shldl
I386	678	shld
I386	679	shrdw
I386	680	shrdl
I386	681	shrd
I386	682	pushw
I386	683	pushl
I386	684	push
I386	685	popw
I386	686	popl
I386	687	pop
I386	688	inb
I386	689	inw
I386	690	inl
I386	691	in
I386	692	outb
I386	693	outw
I386	694	outl
I386	695	out
I386	696	movzbw
I386	697	movzbl
I386	698	movzb
I386	699	movzwl
I386	700	movsbw
I386	701	movsbl
I386	702	movswl
I386	703	leaw
I386	704	leal
I386	705	lea
I386	706	les
I386	707	lds
I386	708	lss
I386	709	lfs
I386	710	lgs
I386	711	call
I386	712	jmp
I386	713	lcall
I386	714	ljmp
I386	715	jo
I386	716	jno
I386	717	jb
I386	718	jc
I386	719	jnae
I386	720	jnb
I386	721	jnc
I386	722	jae
I386	723	je
I386	724	jz
I386	725	jne
I386	726	jnz
I386	727	jbe
I386	728	jna
I386	729	jnbe
I386	730	ja
I386	731	js
I386	732	jns
I386	733	jp
I386	734	jpe
I386	735	jnp
I386	736	jpo
I386	737	jl
I386	738	jnge
I386	739	jnl
I386	740	jge
I386	741	jle
I386	742	jng
I386	743	jnle
I386	744	jg
I386	745	seto
I386	746	setno
I386	747	setb
I386	748	setc
I386	749	setnae
I386	750	setnb
I386	751	setnc
I386	752	setae
I386	753	sete
I386	754	setz
I386	755	setne
I386	756	setnz
I386	757	setbe
I386	758	setna
I386	759	setnbe
I386	760	seta
I386	761	sets
I386	762	setns
I386	763	setp
I386	764	setpe
I386	765	setnp
I386	766	setpo
I386	767	setl
I386	768	setnge
I386	769	setnl
I386	770	setge
I386	771	setle
I386	772	setng
I386	773	setnle
I386	774	setg
I386	775	setob
I386	776	setnob
I386	777	setbb
I386	778	setcb
I386	779	setnaeb
I386	780	setnbb
I386	781	setncb
I386	782	setaeb
I386	783	seteb
I386	784	setzb
I386	785	setneb
I386	786	setnzb
I386	787	setbeb
I386	788	setnab
I386	789	setnbeb
I386	790	setab
I386	791	setsb
I386	792	setnsb
I386	793	setpb
I386	794	setpeb
I386	795	setnpb
I386	796	setpob
I386	797	setlb
I386	798	setngeb
I386	799	setnlb
I386	800	setgeb
I386	801	setleb
I386	802	setngb
I386	803	setnleb
I386	804	setgb
I386	805	cmovo
I386	806	cmovno
I386	807	cmovb
I386	808	cmovc
I386	809	cmovnae
I386	810	cmovnb
I386	811	cmovnc
I386	812	cmovae
I386	813	cmove
I386	814	cmovz
I386	815	cmovne
I386	816	cmovnz
I386	817	cmovbe
I386	818	cmovna
I386	819	cmovnbe
I386	820	cmova
I386	821	cmovs
I386	822	cmovns
I386	823	cmovp
I386	824	cmovpe
I386	825	cmovnp
I386	826	cmovpo
I386	827	cmovl
I386	828	cmovnge
I386	829	cmovnl
I386	830	cmovge
I386	831	cmovle
I386	832	cmovng
I386	833	cmovnle
I386	834	cmovg
I386	835	bsfw
I386	836	bsfl
I386	837	bsf
I386	838	bsrw
I386	839	bsrl
I386	840	bsr
I386	841	btw
I386	842	btl
I386	843	bt
I386	844	btsw
I386	845	btsl
I386	846	bts
I386	847	btrw
I386	848	btrl
I386	849	btr
I386	850	btcw
I386	851	btcl
I386	852	btc
I386	853	popcntw
I386	854	popcntl
I386	855	popcnt
I386	856	tzcntw
I386	857	tzcntl
I386	858	tzcnt
I386	859	lzcntw
I386	860	lzcntl
I386	861	lzcnt
I386	862	larw
I386	863	larl
I386	864	lar
I386	865	lslw
I386	866	lsll
I386	867	lsl
I386	868	fadd
I386	869	faddp
I386	870	fadds
I386	871	fiaddl
I386	872	faddl
I386	873	fiadds
I386	874	fmul
I386	875	fmulp
I386	876	fmuls
I386	877	fimull
I386	878	fmull
I386	879	fimuls
I386	880	fcom
I386	881	fcom_1
I386	882	fcoms
I386	883	ficoml
I386	884	fcoml
I386	885	ficoms
I386	886	fcomp
I386	887	fcompp
I386	888	fcomps
I386	889	ficompl
I386	890	fcompl
I386	891	ficomps
I386	892	fsub
I386	893	fsubp
I386	894	fsubs
I386	895	fisubl
I386	896	fsubl
I386	897	fisubs
I386	898	fsubr
I386	899	fsubrp
I386	900	fsubrs
I386	901	fisubrl
I386	902	fsubrl
I386	903	fisubrs
I386	904	fdiv
I386	905	fdivp
I386	906	fdivs
I386	907	fidivl
I386	908	fdivl
I386	909	fidivs
I386	910	fdivr
I386	911	fdivrp
I386	912	fdivrs
I386	913	fidivrl
I386	914	fdivrl
I386	915	fidivrs
I386	916	xaddb
I386	917	xaddw
I386	918	xaddl
I386	919	xadd
I386	920	cmpxchgb
I386	921	cmpxchgw
I386	922	cmpxchgl
I386	923	cmpxchg
I386	924	cmpsb
I386	925	cmpsw
I386	926	cmpsl
I386	927	cmps
I386	928	scmpb
I386	929	scmpw
I386	930	scmpl
I386	931	scmp
I386	932	insb
I386	933	insw
I386	934	insl
I386	935	ins
I386	936	outsb
I386	937	outsw
I386	938	outsl
I386	939	outs
I386	940	lodsb
I386	941	lodsw
I386	942	lodsl
I386	943	lods
I386	944	slodb
I386	945	slodw
I386	946	slodl
I386	947	slod
I386	948	movsb
I386	949	movsw
I386	950	movsl
I386	951	movs
I386	952	smovb
I386	953	smovw
I386	954	smovl
I386	955	smov
I386	956	scasb
I386	957	scasw
I386	958	scasl
I386	959	scas
I386	960	sscab
I386	961	sscaw
I386	962	sscal
I386	963	ssca
I386	964	stosb
I386	965	stosw
I386	966	stosl
I386	967	stos
I386	968	sstob
I386	969	sstow
I386	970	sstol
I386	971	ssto
I386	972	clc
I386	973	cld
I386	974	cli
I386	975	clts
I386	976	cmc
I386	977	lahf
I386	978	sahf
I386	979	pusha
I386	980	popa
I386	981	pushfl
I386	982	popfl
I386	983	pushf
I386	984	popf
I386	985	stc
I386	986	std
I386	987	sti
I386	988	aaa
I386	989	aas
I386	990	daa
I386	991	das
I386	992	aad
I386	993	aam
I386	994	cbw
I386	995	cwd
I386	996	cwde
I386	997	cdq
I386	998	cbtw
I386	999	cwtl
I386	1000	cwtd
I386	1001	cltd
I386	1002	int3
I386	1003	into
I386	1004	iret
I386	1005	rsm
I386	1006	hlt
I386	1007	nop
I386	1008	pause
I386	1009	xlat
I386	1010	wait
I386	1011	fwait
I386	1012	aword
I386	1013	addr16
I386	1014	data16
I386	1015	lock
I386	1016	rep
I386	1017	repe
I386	1018	repz
I386	1019	repne
I386	1020	repnz
I386	1021	invd
I386	1022	wbinvd
I386	1023	cpuid
I386	1024	wrmsr
I386	1025	rdtsc
I386	1026	rdmsr
I386	1027	rdpmc
I386	1028	ud2
I386	1029	leave
I386	1030	ret
I386	1031	retl
I386	1032	lret
I386	1033	fucompp
I386	1034	ftst
I386	1035	fxam
I386	1036	fld1
I386	1037	fldl2t
I386	1038	fldl2e
I386	1039	fldpi
I386	1040	fldlg2
I386	1041	fldln2
I386	1042	fldz
I386	1043	f2xm1
I386	1044	fyl2x
I386	1045	fptan
I386	1046	fpatan
I386	1047	fxtract
I386	1048	fprem1
I386	1049	fdecstp
I386	1050	fincstp
I386	1051	fprem
I386	1052	fyl2xp1
I386	1053	fsqrt
I386	1054	fsincos
I386	1055	frndint
I386	1056	fscale
I386	1057	fsin
I386	1058	fcos
I386	1059	fchs
I386	1060	fabs
I386	1061	fninit
I386	1062	fnclex
I386	1063	fnop
I386	1064	fxch
I386	1065	fnstsw
I386	1066	emms
I386	1067	endbr32
I386	1068	enter
I386	1069	loopne
I386	1070	loopnz
I386	1071	loope
I386	1072	loopz
I386	1073	loop
I386	1074	jecxz
I386	1075	fld
I386	1076	fldl
I386	1077	flds
I386	1078	fildl
I386	1079	fildq
I386	1080	fildll
I386	1081	fldt
I386	1082	fbld
I386	1083	fst
I386	1084	fstl
I386	1085	fsts
I386	1086	fstps
I386	1087	fstpl
I386	1088	fist
I386	1089	fistp
I386	1090	fistl
I386	1091	fistpl
I386	1092	fstp
I386	1093	fistpq
I386	1094	fistpll
I386	1095	fstpt
I386	1096	fbstp
I386	1097	fucom
I386	1098	fucomp
I386	1099	finit
I386	1100	fldcw
I386	1101	fnstcw
I386	1102	fstcw
I386	1103	fstsw
I386	1104	fclex
I386	1105	fnstenv
I386	1106	fstenv
I386	1107	fldenv
I386	1108	fnsave
I386	1109	fsave
I386	1110	frstor
I386	1111	ffree
I386	1112	ffreep
I386	1113	fxsave
I386	1114	fxrstor
I386	1115	arpl
I386	1116	lgdt
I386	1117	lidt
I386	1118	lldt
I386	1119	lmsw
I386	1120	ltr
I386	1121	sgdt
I386	1122	sidt
I386	1123	sldt
I386	1124	smsw
I386	1125	str
I386	1126	verr
I386	1127	verw
I386	1128	bswap
I386	1129	invlpg
I386	1130	boundl
I386	1131	boundw
I386	1132	cmpxchg8b
I386	1133	fcmovb
I386	1134	fcmove
I386	1135	fcmovbe
I386	1136	fcmovu
I386	1137	fcmovnb
I386	1138	fcmovne
I386	1139	fcmovnbe
I386	1140	fcmovnu
I386	1141	fucomi
I386	1142	fcomi
I386	1143	fucomip
I386	1144	fcomip
I386	1145	movd
I386	1146	movq
I386	1147	packssdw
I386	1148	packsswb
I386	1149	packuswb
I386	1150	paddb
I386	1151	paddw
I386	1152	paddd
I386	1153	paddsb
I386	1154	paddsw
I386	1155	paddusb
I386	1156	paddusw
I386	1157	pand
I386	1158	pandn
I386	1159	pcmpeqb
I386	1160	pcmpeqw
I386	1161	pcmpeqd
I386	1162	pcmpgtb
I386	1163	pcmpgtw
I386	1164	pcmpgtd
I386	1165	pmaddwd
I386	1166	pmulhw
I386	1167	pmullw
I386	1168	por
I386	1169	psllw
I386	1170	pslld
I386	1171	psllq
I386	1172	psraw
I386	1173	psrad
I386	1174	psrlw
I386	1175	psrld
I386	1176	psrlq
I386	1177	psubb
I386	1178	psubw
I386	1179	psubd
I386	1180	psubsb
I386	1181	psubsw
I386	1182	psubusb
I386	1183	psubusw
I386	1184	punpckhbw
I386	1185	punpckhwd
I386	1186	punpckhdq
I386	1187	punpcklbw
I386	1188	punpcklwd
I386	1189	punpckldq
I386	1190	pxor
I386	1191	ldmxcsr
I386	1192	stmxcsr
I386	1193	movups
I386	1194	movaps
I386	1195	movhps
I386	1196	addps
I386	1197	cvtpi2ps
I386	1198	cvtps2pi
I386	1199	cvttps2pi
I386	1200	divps
I386	1201	maxps
I386	1202	minps
I386	1203	mulps
I386	1204	pavgb
I386	1205	pavgw
I386	1206	pmaxsw
I386	1207	pmaxub
I386	1208	pminsw
I386	1209	pminub
I386	1210	rcpss
I386	1211	rsqrtps
I386	1212	sqrtps
I386	1213	subps
I386	FIRST_IDENTIFIER	1214
I386_PE	256	if
I386_PE	257	else
I386_PE	258	while
I386_PE	259	for
I386_PE	260	do
I386_PE	261	continue
I386_PE	262	break
I386_PE	263	return
I386_PE	264	goto
I386_PE	265	switch
I386_PE	266	case
I386_PE	267	default
I386_PE	268	asm
I386_PE	269	__asm
I386_PE	270	__asm__
I386_PE	271	extern
I386_PE	272	static
I386_PE	273	unsigned
I386_PE	274	_Atomic
I386_PE	275	const
I386_PE	276	__const
I386_PE	277	__const__
I386_PE	278	volatile
I386_PE	279	__volatile
I386_PE	280	__volatile__
I386_PE	281	register
I386_PE	282	signed
I386_PE	283	__signed
I386_PE	284	__signed__
I386_PE	285	auto
I386_PE	286	inline
I386_PE	287	__inline
I386_PE	288	__inline__
I386_PE	289	restrict
I386_PE	290	__restrict
I386_PE	291	__restrict__
I386_PE	292	__extension__
I386_PE	293	_Thread_local
I386_PE	294	__thread
I386_PE	295	_Generic
I386_PE	296	_Static_assert
I386_PE	297	void
I386_PE	298	char
I386_PE	299	int
I386_PE	300	float
I386_PE	301	double
I386_PE	302	_Bool
I386_PE	303	_Complex
I386_PE	304	short
I386_PE	305	long
I386_PE	306	struct
I386_PE	307	union
I386_PE	308	typedef
I386_PE	309	enum
I386_PE	310	sizeof
I386_PE	311	__attribute
I386_PE	312	__attribute__
I386_PE	313	__alignof
I386_PE	314	__alignof__
I386_PE	315	_Alignof
I386_PE	316	_Alignas
I386_PE	317	typeof
I386_PE	318	__typeof
I386_PE	319	__typeof__
I386_PE	320	__label__
I386_PE	321	define
I386_PE	322	include
I386_PE	323	include_next
I386_PE	324	ifdef
I386_PE	325	ifndef
I386_PE	326	elif
I386_PE	327	endif
I386_PE	328	defined
I386_PE	329	undef
I386_PE	330	error
I386_PE	331	warning
I386_PE	332	line
I386_PE	333	pragma
I386_PE	334	__LINE__
I386_PE	335	__FILE__
I386_PE	336	__DATE__
I386_PE	337	__TIME__
I386_PE	338	__FUNCTION__
I386_PE	339	__VA_ARGS__
I386_PE	340	__COUNTER__
I386_PE	341	__has_include
I386_PE	342	__has_include_next
I386_PE	343	__func__
I386_PE	344	__nan__
I386_PE	345	__snan__
I386_PE	346	__inf__
I386_PE	347	section
I386_PE	348	__section__
I386_PE	349	aligned
I386_PE	350	__aligned__
I386_PE	351	packed
I386_PE	352	__packed__
I386_PE	353	weak
I386_PE	354	__weak__
I386_PE	355	alias
I386_PE	356	__alias__
I386_PE	357	used
I386_PE	358	__used__
I386_PE	359	unused
I386_PE	360	__unused__
I386_PE	361	format
I386_PE	362	__format__
I386_PE	363	nodebug
I386_PE	364	__nodebug__
I386_PE	365	cdecl
I386_PE	366	__cdecl
I386_PE	367	__cdecl__
I386_PE	368	stdcall
I386_PE	369	__stdcall
I386_PE	370	__stdcall__
I386_PE	371	fastcall
I386_PE	372	__fastcall
I386_PE	373	__fastcall__
I386_PE	374	thiscall
I386_PE	375	__thiscall
I386_PE	376	__thiscall__
I386_PE	377	regparm
I386_PE	378	__regparm__
I386_PE	379	cleanup
I386_PE	380	__cleanup__
I386_PE	381	constructor
I386_PE	382	__constructor__
I386_PE	383	destructor
I386_PE	384	__destructor__
I386_PE	385	always_inline
I386_PE	386	__always_inline__
I386_PE	387	__noinline__
I386_PE	388	pure
I386_PE	389	__pure__
I386_PE	390	__mode__
I386_PE	391	__QI__
I386_PE	392	__DI__
I386_PE	393	__HI__
I386_PE	394	__SI__
I386_PE	395	__word__
I386_PE	396	dllexport
I386_PE	397	dllimport
I386_PE	398	nodecorate
I386_PE	399	noreturn
I386_PE	400	__noreturn__
I386_PE	401	_Noreturn
I386_PE	402	visibility
I386_PE	403	__visibility__
I386_PE	404	__builtin_types_compatible_p
I386_PE	405	__builtin_choose_expr
I386_PE	406	__builtin_constant_p
I386_PE	407	__builtin_frame_address
I386_PE	408	__builtin_return_address
I386_PE	409	__builtin_expect
I386_PE	410	__builtin_unreachable
I386_PE	411	__atomic_store
I386_PE	412	__atomic_load
I386_PE	413	__atomic_exchange
I386_PE	414	__atomic_compare_exchange
I386_PE	415	__atomic_fetch_add
I386_PE	416	__atomic_fetch_sub
I386_PE	417	__atomic_fetch_or
I386_PE	418	__atomic_fetch_xor
I386_PE	419	__atomic_fetch_and
I386_PE	420	__atomic_fetch_nand
I386_PE	421	__atomic_add_fetch
I386_PE	422	__atomic_sub_fetch
I386_PE	423	__atomic_or_fetch
I386_PE	424	__atomic_xor_fetch
I386_PE	425	__atomic_and_fetch
I386_PE	426	__atomic_nand_fetch
I386_PE	427	pack
I386_PE	428	comment
I386_PE	429	lib
I386_PE	430	push_macro
I386_PE	431	pop_macro
I386_PE	432	once
I386_PE	433	option
I386_PE	434	memcpy
I386_PE	435	memmove
I386_PE	436	memset
I386_PE	437	__divdi3
I386_PE	438	__moddi3
I386_PE	439	__udivdi3
I386_PE	440	__umoddi3
I386_PE	441	__ashrdi3
I386_PE	442	__lshrdi3
I386_PE	443	__ashldi3
I386_PE	444	__floatundisf
I386_PE	445	__floatundidf
I386_PE	446	__floatundixf
I386_PE	447	__fixunsxfdi
I386_PE	448	__fixunssfdi
I386_PE	449	__fixunsdfdi
I386_PE	450	__fixsfdi
I386_PE	451	__fixdfdi
I386_PE	452	__fixxfdi
I386_PE	453	alloca
I386_PE	454	__chkstk
I386_PE	455	__tls_index
I386_PE	456	.byte
I386_PE	457	.word
I386_PE	458	.align
I386_PE	459	.balign
I386_PE	460	.p2align
I386_PE	461	.set
I386_PE	462	.skip
I386_PE	463	.space
I386_PE	464	.string
I386_PE	465	.asciz
I386_PE	466	.ascii
I386_PE	467	.file
I386_PE	468	.globl
I386_PE	469	.global
I386_PE	470	.weak
I386_PE	471	.hidden
I386_PE	472	.ident
I386_PE	473	.size
I386_PE	474	.type
I386_PE	475	.text
I386_PE	476	.data
I386_PE	477	.bss
I386_PE	478	.previous
I386_PE	479	.pushsection
I386_PE	480	.popsection
I386_PE	481	.fill
I386_PE	482	.rept
I386_PE	483	.endr
I386_PE	484	.org
I386_PE	485	.quad
I386_PE	486	.code16
I386_PE	487	.code32
I386_PE	488	.short
I386_PE	489	.long
I386_PE	490	.int
I386_PE	491	.symver
I386_PE	492	.reloc
I386_PE	493	.section
I386_PE	494	al
I386_PE	495	cl
I386_PE	496	dl
I386_PE	497	bl
I386_PE	498	ah
I386_PE	499	ch
I386_PE	500	dh
I386_PE	501	bh
I386_PE	502	ax
I386_PE	503	cx
I386_PE	504	dx
I386_PE	505	bx
I386_PE	506	sp
I386_PE	507	bp
I386_PE	508	si
I386_PE	509	di
I386_PE	510	eax
I386_PE	511	ecx
I386_PE	512	edx
I386_PE	513	ebx
I386_PE	514	esp
I386_PE	515	ebp
I386_PE	516	esi
I386_PE	517	edi
I386_PE	518	mm0
I386_PE	519	mm1
I386_PE	520	mm2
I386_PE	521	mm3
I386_PE	522	mm4
I386_PE	523	mm5
I386_PE	524	mm6
I386_PE	525	mm7
I386_PE	526	xmm0
I386_PE	527	xmm1
I386_PE	528	xmm2
I386_PE	529	xmm3
I386_PE	530	xmm4
I386_PE	531	xmm5
I386_PE	532	xmm6
I386_PE	533	xmm7
I386_PE	534	cr0
I386_PE	535	cr1
I386_PE	536	cr2
I386_PE	537	cr3
I386_PE	538	cr4
I386_PE	539	cr5
I386_PE	540	cr6
I386_PE	541	cr7
I386_PE	542	tr0
I386_PE	543	tr1
I386_PE	544	tr2
I386_PE	545	tr3
I386_PE	546	tr4
I386_PE	547	tr5
I386_PE	548	tr6
I386_PE	549	tr7
I386_PE	550	db0
I386_PE	551	db1
I386_PE	552	db2
I386_PE	553	db3
I386_PE	554	db4
I386_PE	555	db5
I386_PE	556	db6
I386_PE	557	db7
I386_PE	558	dr0
I386_PE	559	dr1
I386_PE	560	dr2
I386_PE	561	dr3
I386_PE	562	dr4
I386_PE	563	dr5
I386_PE	564	dr6
I386_PE	565	dr7
I386_PE	566	es
I386_PE	567	cs
I386_PE	568	ss
I386_PE	569	ds
I386_PE	570	fs
I386_PE	571	gs
I386_PE	572	st
I386_PE	573	rip
I386_PE	574	movb
I386_PE	575	movw
I386_PE	576	movl
I386_PE	577	mov
I386_PE	578	addb
I386_PE	579	addw
I386_PE	580	addl
I386_PE	581	add
I386_PE	582	orb
I386_PE	583	orw
I386_PE	584	orl
I386_PE	585	or
I386_PE	586	adcb
I386_PE	587	adcw
I386_PE	588	adcl
I386_PE	589	adc
I386_PE	590	sbbb
I386_PE	591	sbbw
I386_PE	592	sbbl
I386_PE	593	sbb
I386_PE	594	andb
I386_PE	595	andw
I386_PE	596	andl
I386_PE	597	and
I386_PE	598	subb
I386_PE	599	subw
I386_PE	600	subl
I386_PE	601	sub
I386_PE	602	xorb
I386_PE	603	xorw
I386_PE	604	xorl
I386_PE	605	xor
I386_PE	606	cmpb
I386_PE	607	cmpw
I386_PE	608	cmpl
I386_PE	609	cmp
I386_PE	610	incb
I386_PE	611	incw
I386_PE	612	incl
I386_PE	613	inc
I386_PE	614	decb
I386_PE	615	decw
I386_PE	616	decl
I386_PE	617	dec
I386_PE	618	notb
I386_PE	619	notw
I386_PE	620	notl
I386_PE	621	not
I386_PE	622	negb
I386_PE	623	negw
I386_PE	624	negl
I386_PE	625	neg
I386_PE	626	mulb
I386_PE	627	mulw
I386_PE	628	mull
I386_PE	629	mul
I386_PE	630	imulb
I386_PE	631	imulw
I386_PE	632	imull
I386_PE	633	imul
I386_PE	634	divb
I386_PE	635	divw
I386_PE	636	divl
I386_PE	637	div
I386_PE	638	idivb
I386_PE	639	idivw
I386_PE	640	idivl
I386_PE	641	idiv
I386_PE	642	xchgb
I386_PE	643	xchgw
I386_PE	644	xchgl
I386_PE	645	xchg
I386_PE	646	testb
I386_PE	647	testw
I386_PE	648	testl
I386_PE	649	test
I386_PE	650	rolb
I386_PE	651	rolw
I386_PE	652	roll
I386_PE	653	rol
I386_PE	654	rorb
I386_PE	655	rorw
I386_PE	656	rorl
I386_PE	657	ror
I386_PE	658	rclb
I386_PE	659	rclw
I386_PE	660	rcll
I386_PE	661	rcl
I386_PE	662	rcrb
I386_PE	663	rcrw
I386_PE	664	rcrl
I386_PE	665	rcr
I386_PE	666	shlb
I386_PE	667	shlw
I386_PE	668	shll
I386_PE	669	shl
I386_PE	670	shrb
I386_PE	671	shrw
I386_PE	672	shrl
I386_PE	673	shr
I386_PE	674	sarb
I386_PE	675	sarw
I386_PE	676	sarl
I386_PE	677	sar
I386_PE	678	shldw
I386_PE	679	shldl
I386_PE	680	shld
I386_PE	681	shrdw
I386_PE	682	shrdl
I386_PE	683	shrd
I386_PE	684	pushw
I386_PE	685	pushl
I386_PE	686	push
I386_PE	687	popw
I386_PE	688	popl
I386_PE	689	pop
I386_PE	690	inb
I386_PE	691	inw
I386_PE	692	inl
I386_PE	693	in
I386_PE	694	outb
I386_PE	695	outw
I386_PE	696	outl
I386_PE	697	out
I386_PE	698	movzbw
I386_PE	699	movzbl
I386_PE	700	movzb
I386_PE	701	movzwl
I386_PE	702	movsbw
I386_PE	703	movsbl
I386_PE	704	movswl
I386_PE	705	leaw
I386_PE	706	leal
I386_PE	707	lea
I386_PE	708	les
I386_PE	709	lds
I386_PE	710	lss
I386_PE	711	lfs
I386_PE	712	lgs
I386_PE	713	call
I386_PE	714	jmp
I386_PE	715	lcall
I386_PE	716	ljmp
I386_PE	717	jo
I386_PE	718	jno
I386_PE	719	jb
I386_PE	720	jc
I386_PE	721	jnae
I386_PE	722	jnb
I386_PE	723	jnc
I386_PE	724	jae
I386_PE	725	je
I386_PE	726	jz
I386_PE	727	jne
I386_PE	728	jnz
I386_PE	729	jbe
I386_PE	730	jna
I386_PE	731	jnbe
I386_PE	732	ja
I386_PE	733	js
I386_PE	734	jns
I386_PE	735	jp
I386_PE	736	jpe
I386_PE	737	jnp
I386_PE	738	jpo
I386_PE	739	jl
I386_PE	740	jnge
I386_PE	741	jnl
I386_PE	742	jge
I386_PE	743	jle
I386_PE	744	jng
I386_PE	745	jnle
I386_PE	746	jg
I386_PE	747	seto
I386_PE	748	setno
I386_PE	749	setb
I386_PE	750	setc
I386_PE	751	setnae
I386_PE	752	setnb
I386_PE	753	setnc
I386_PE	754	setae
I386_PE	755	sete
I386_PE	756	setz
I386_PE	757	setne
I386_PE	758	setnz
I386_PE	759	setbe
I386_PE	760	setna
I386_PE	761	setnbe
I386_PE	762	seta
I386_PE	763	sets
I386_PE	764	setns
I386_PE	765	setp
I386_PE	766	setpe
I386_PE	767	setnp
I386_PE	768	setpo
I386_PE	769	setl
I386_PE	770	setnge
I386_PE	771	setnl
I386_PE	772	setge
I386_PE	773	setle
I386_PE	774	setng
I386_PE	775	setnle
I386_PE	776	setg
I386_PE	777	setob
I386_PE	778	setnob
I386_PE	779	setbb
I386_PE	780	setcb
I386_PE	781	setnaeb
I386_PE	782	setnbb
I386_PE	783	setncb
I386_PE	784	setaeb
I386_PE	785	seteb
I386_PE	786	setzb
I386_PE	787	setneb
I386_PE	788	setnzb
I386_PE	789	setbeb
I386_PE	790	setnab
I386_PE	791	setnbeb
I386_PE	792	setab
I386_PE	793	setsb
I386_PE	794	setnsb
I386_PE	795	setpb
I386_PE	796	setpeb
I386_PE	797	setnpb
I386_PE	798	setpob
I386_PE	799	setlb
I386_PE	800	setngeb
I386_PE	801	setnlb
I386_PE	802	setgeb
I386_PE	803	setleb
I386_PE	804	setngb
I386_PE	805	setnleb
I386_PE	806	setgb
I386_PE	807	cmovo
I386_PE	808	cmovno
I386_PE	809	cmovb
I386_PE	810	cmovc
I386_PE	811	cmovnae
I386_PE	812	cmovnb
I386_PE	813	cmovnc
I386_PE	814	cmovae
I386_PE	815	cmove
I386_PE	816	cmovz
I386_PE	817	cmovne
I386_PE	818	cmovnz
I386_PE	819	cmovbe
I386_PE	820	cmovna
I386_PE	821	cmovnbe
I386_PE	822	cmova
I386_PE	823	cmovs
I386_PE	824	cmovns
I386_PE	825	cmovp
I386_PE	826	cmovpe
I386_PE	827	cmovnp
I386_PE	828	cmovpo
I386_PE	829	cmovl
I386_PE	830	cmovnge
I386_PE	831	cmovnl
I386_PE	832	cmovge
I386_PE	833	cmovle
I386_PE	834	cmovng
I386_PE	835	cmovnle
I386_PE	836	cmovg
I386_PE	837	bsfw
I386_PE	838	bsfl
I386_PE	839	bsf
I386_PE	840	bsrw
I386_PE	841	bsrl
I386_PE	842	bsr
I386_PE	843	btw
I386_PE	844	btl
I386_PE	845	bt
I386_PE	846	btsw
I386_PE	847	btsl
I386_PE	848	bts
I386_PE	849	btrw
I386_PE	850	btrl
I386_PE	851	btr
I386_PE	852	btcw
I386_PE	853	btcl
I386_PE	854	btc
I386_PE	855	popcntw
I386_PE	856	popcntl
I386_PE	857	popcnt
I386_PE	858	tzcntw
I386_PE	859	tzcntl
I386_PE	860	tzcnt
I386_PE	861	lzcntw
I386_PE	862	lzcntl
I386_PE	863	lzcnt
I386_PE	864	larw
I386_PE	865	larl
I386_PE	866	lar
I386_PE	867	lslw
I386_PE	868	lsll
I386_PE	869	lsl
I386_PE	870	fadd
I386_PE	871	faddp
I386_PE	872	fadds
I386_PE	873	fiaddl
I386_PE	874	faddl
I386_PE	875	fiadds
I386_PE	876	fmul
I386_PE	877	fmulp
I386_PE	878	fmuls
I386_PE	879	fimull
I386_PE	880	fmull
I386_PE	881	fimuls
I386_PE	882	fcom
I386_PE	883	fcom_1
I386_PE	884	fcoms
I386_PE	885	ficoml
I386_PE	886	fcoml
I386_PE	887	ficoms
I386_PE	888	fcomp
I386_PE	889	fcompp
I386_PE	890	fcomps
I386_PE	891	ficompl
I386_PE	892	fcompl
I386_PE	893	ficomps
I386_PE	894	fsub
I386_PE	895	fsubp
I386_PE	896	fsubs
I386_PE	897	fisubl
I386_PE	898	fsubl
I386_PE	899	fisubs
I386_PE	900	fsubr
I386_PE	901	fsubrp
I386_PE	902	fsubrs
I386_PE	903	fisubrl
I386_PE	904	fsubrl
I386_PE	905	fisubrs
I386_PE	906	fdiv
I386_PE	907	fdivp
I386_PE	908	fdivs
I386_PE	909	fidivl
I386_PE	910	fdivl
I386_PE	911	fidivs
I386_PE	912	fdivr
I386_PE	913	fdivrp
I386_PE	914	fdivrs
I386_PE	915	fidivrl
I386_PE	916	fdivrl
I386_PE	917	fidivrs
I386_PE	918	xaddb
I386_PE	919	xaddw
I386_PE	920	xaddl
I386_PE	921	xadd
I386_PE	922	cmpxchgb
I386_PE	923	cmpxchgw
I386_PE	924	cmpxchgl
I386_PE	925	cmpxchg
I386_PE	926	cmpsb
I386_PE	927	cmpsw
I386_PE	928	cmpsl
I386_PE	929	cmps
I386_PE	930	scmpb
I386_PE	931	scmpw
I386_PE	932	scmpl
I386_PE	933	scmp
I386_PE	934	insb
I386_PE	935	insw
I386_PE	936	insl
I386_PE	937	ins
I386_PE	938	outsb
I386_PE	939	outsw
I386_PE	940	outsl
I386_PE	941	outs
I386_PE	942	lodsb
I386_PE	943	lodsw
I386_PE	944	lodsl
I386_PE	945	lods
I386_PE	946	slodb
I386_PE	947	slodw
I386_PE	948	slodl
I386_PE	949	slod
I386_PE	950	movsb
I386_PE	951	movsw
I386_PE	952	movsl
I386_PE	953	movs
I386_PE	954	smovb
I386_PE	955	smovw
I386_PE	956	smovl
I386_PE	957	smov
I386_PE	958	scasb
I386_PE	959	scasw
I386_PE	960	scasl
I386_PE	961	scas
I386_PE	962	sscab
I386_PE	963	sscaw
I386_PE	964	sscal
I386_PE	965	ssca
I386_PE	966	stosb
I386_PE	967	stosw
I386_PE	968	stosl
I386_PE	969	stos
I386_PE	970	sstob
I386_PE	971	sstow
I386_PE	972	sstol
I386_PE	973	ssto
I386_PE	974	clc
I386_PE	975	cld
I386_PE	976	cli
I386_PE	977	clts
I386_PE	978	cmc
I386_PE	979	lahf
I386_PE	980	sahf
I386_PE	981	pusha
I386_PE	982	popa
I386_PE	983	pushfl
I386_PE	984	popfl
I386_PE	985	pushf
I386_PE	986	popf
I386_PE	987	stc
I386_PE	988	std
I386_PE	989	sti
I386_PE	990	aaa
I386_PE	991	aas
I386_PE	992	daa
I386_PE	993	das
I386_PE	994	aad
I386_PE	995	aam
I386_PE	996	cbw
I386_PE	997	cwd
I386_PE	998	cwde
I386_PE	999	cdq
I386_PE	1000	cbtw
I386_PE	1001	cwtl
I386_PE	1002	cwtd
I386_PE	1003	cltd
I386_PE	1004	int3
I386_PE	1005	into
I386_PE	1006	iret
I386_PE	1007	rsm
I386_PE	1008	hlt
I386_PE	1009	nop
I386_PE	1010	pause
I386_PE	1011	xlat
I386_PE	1012	wait
I386_PE	1013	fwait
I386_PE	1014	aword
I386_PE	1015	addr16
I386_PE	1016	data16
I386_PE	1017	lock
I386_PE	1018	rep
I386_PE	1019	repe
I386_PE	1020	repz
I386_PE	1021	repne
I386_PE	1022	repnz
I386_PE	1023	invd
I386_PE	1024	wbinvd
I386_PE	1025	cpuid
I386_PE	1026	wrmsr
I386_PE	1027	rdtsc
I386_PE	1028	rdmsr
I386_PE	1029	rdpmc
I386_PE	1030	ud2
I386_PE	1031	leave
I386_PE	1032	ret
I386_PE	1033	retl
I386_PE	1034	lret
I386_PE	1035	fucompp
I386_PE	1036	ftst
I386_PE	1037	fxam
I386_PE	1038	fld1
I386_PE	1039	fldl2t
I386_PE	1040	fldl2e
I386_PE	1041	fldpi
I386_PE	1042	fldlg2
I386_PE	1043	fldln2
I386_PE	1044	fldz
I386_PE	1045	f2xm1
I386_PE	1046	fyl2x
I386_PE	1047	fptan
I386_PE	1048	fpatan
I386_PE	1049	fxtract
I386_PE	1050	fprem1
I386_PE	1051	fdecstp
I386_PE	1052	fincstp
I386_PE	1053	fprem
I386_PE	1054	fyl2xp1
I386_PE	1055	fsqrt
I386_PE	1056	fsincos
I386_PE	1057	frndint
I386_PE	1058	fscale
I386_PE	1059	fsin
I386_PE	1060	fcos
I386_PE	1061	fchs
I386_PE	1062	fabs
I386_PE	1063	fninit
I386_PE	1064	fnclex
I386_PE	1065	fnop
I386_PE	1066	fxch
I386_PE	1067	fnstsw
I386_PE	1068	emms
I386_PE	1069	endbr32
I386_PE	1070	enter
I386_PE	1071	loopne
I386_PE	1072	loopnz
I386_PE	1073	loope
I386_PE	1074	loopz
I386_PE	1075	loop
I386_PE	1076	jecxz
I386_PE	1077	fld
I386_PE	1078	fldl
I386_PE	1079	flds
I386_PE	1080	fildl
I386_PE	1081	fildq
I386_PE	1082	fildll
I386_PE	1083	fldt
I386_PE	1084	fbld
I386_PE	1085	fst
I386_PE	1086	fstl
I386_PE	1087	fsts
I386_PE	1088	fstps
I386_PE	1089	fstpl
I386_PE	1090	fist
I386_PE	1091	fistp
I386_PE	1092	fistl
I386_PE	1093	fistpl
I386_PE	1094	fstp
I386_PE	1095	fistpq
I386_PE	1096	fistpll
I386_PE	1097	fstpt
I386_PE	1098	fbstp
I386_PE	1099	fucom
I386_PE	1100	fucomp
I386_PE	1101	finit
I386_PE	1102	fldcw
I386_PE	1103	fnstcw
I386_PE	1104	fstcw
I386_PE	1105	fstsw
I386_PE	1106	fclex
I386_PE	1107	fnstenv
I386_PE	1108	fstenv
I386_PE	1109	fldenv
I386_PE	1110	fnsave
I386_PE	1111	fsave
I386_PE	1112	frstor
I386_PE	1113	ffree
I386_PE	1114	ffreep
I386_PE	1115	fxsave
I386_PE	1116	fxrstor
I386_PE	1117	arpl
I386_PE	1118	lgdt
I386_PE	1119	lidt
I386_PE	1120	lldt
I386_PE	1121	lmsw
I386_PE	1122	ltr
I386_PE	1123	sgdt
I386_PE	1124	sidt
I386_PE	1125	sldt
I386_PE	1126	smsw
I386_PE	1127	str
I386_PE	1128	verr
I386_PE	1129	verw
I386_PE	1130	bswap
I386_PE	1131	invlpg
I386_PE	1132	boundl
I386_PE	1133	boundw
I386_PE	1134	cmpxchg8b
I386_PE	1135	fcmovb
I386_PE	1136	fcmove
I386_PE	1137	fcmovbe
I386_PE	1138	fcmovu
I386_PE	1139	fcmovnb
I386_PE	1140	fcmovne
I386_PE	1141	fcmovnbe
I386_PE	1142	fcmovnu
I386_PE	1143	fucomi
I386_PE	1144	fcomi
I386_PE	1145	fucomip
I386_PE	1146	fcomip
I386_PE	1147	movd
I386_PE	1148	movq
I386_PE	1149	packssdw
I386_PE	1150	packsswb
I386_PE	1151	packuswb
I386_PE	1152	paddb
I386_PE	1153	paddw
I386_PE	1154	paddd
I386_PE	1155	paddsb
I386_PE	1156	paddsw
I386_PE	1157	paddusb
I386_PE	1158	paddusw
I386_PE	1159	pand
I386_PE	1160	pandn
I386_PE	1161	pcmpeqb
I386_PE	1162	pcmpeqw
I386_PE	1163	pcmpeqd
I386_PE	1164	pcmpgtb
I386_PE	1165	pcmpgtw
I386_PE	1166	pcmpgtd
I386_PE	1167	pmaddwd
I386_PE	1168	pmulhw
I386_PE	1169	pmullw
I386_PE	1170	por
I386_PE	1171	psllw
I386_PE	1172	pslld
I386_PE	1173	psllq
I386_PE	1174	psraw
I386_PE	1175	psrad
I386_PE	1176	psrlw
I386_PE	1177	psrld
I386_PE	1178	psrlq
I386_PE	1179	psubb
I386_PE	1180	psubw
I386_PE	1181	psubd
I386_PE	1182	psubsb
I386_PE	1183	psubsw
I386_PE	1184	psubusb
I386_PE	1185	psubusw
I386_PE	1186	punpckhbw
I386_PE	1187	punpckhwd
I386_PE	1188	punpckhdq
I386_PE	1189	punpcklbw
I386_PE	1190	punpcklwd
I386_PE	1191	punpckldq
I386_PE	1192	pxor
I386_PE	1193	ldmxcsr
I386_PE	1194	stmxcsr
I386_PE	1195	movups
I386_PE	1196	movaps
I386_PE	1197	movhps
I386_PE	1198	addps
I386_PE	1199	cvtpi2ps
I386_PE	1200	cvtps2pi
I386_PE	1201	cvttps2pi
I386_PE	1202	divps
I386_PE	1203	maxps
I386_PE	1204	minps
I386_PE	1205	mulps
I386_PE	1206	pavgb
I386_PE	1207	pavgw
I386_PE	1208	pmaxsw
I386_PE	1209	pmaxub
I386_PE	1210	pminsw
I386_PE	1211	pminub
I386_PE	1212	rcpss
I386_PE	1213	rsqrtps
I386_PE	1214	sqrtps
I386_PE	1215	subps
I386_PE	FIRST_IDENTIFIER	1216
X86_64_LINUX	256	if
X86_64_LINUX	257	else
X86_64_LINUX	258	while
X86_64_LINUX	259	for
X86_64_LINUX	260	do
X86_64_LINUX	261	continue
X86_64_LINUX	262	break
X86_64_LINUX	263	return
X86_64_LINUX	264	goto
X86_64_LINUX	265	switch
X86_64_LINUX	266	case
X86_64_LINUX	267	default
X86_64_LINUX	268	asm
X86_64_LINUX	269	__asm
X86_64_LINUX	270	__asm__
X86_64_LINUX	271	extern
X86_64_LINUX	272	static
X86_64_LINUX	273	unsigned
X86_64_LINUX	274	_Atomic
X86_64_LINUX	275	const
X86_64_LINUX	276	__const
X86_64_LINUX	277	__const__
X86_64_LINUX	278	volatile
X86_64_LINUX	279	__volatile
X86_64_LINUX	280	__volatile__
X86_64_LINUX	281	register
X86_64_LINUX	282	signed
X86_64_LINUX	283	__signed
X86_64_LINUX	284	__signed__
X86_64_LINUX	285	auto
X86_64_LINUX	286	inline
X86_64_LINUX	287	__inline
X86_64_LINUX	288	__inline__
X86_64_LINUX	289	restrict
X86_64_LINUX	290	__restrict
X86_64_LINUX	291	__restrict__
X86_64_LINUX	292	__extension__
X86_64_LINUX	293	_Thread_local
X86_64_LINUX	294	__thread
X86_64_LINUX	295	_Generic
X86_64_LINUX	296	_Static_assert
X86_64_LINUX	297	void
X86_64_LINUX	298	char
X86_64_LINUX	299	int
X86_64_LINUX	300	float
X86_64_LINUX	301	double
X86_64_LINUX	302	_Bool
X86_64_LINUX	303	_Complex
X86_64_LINUX	304	short
X86_64_LINUX	305	long
X86_64_LINUX	306	struct
X86_64_LINUX	307	union
X86_64_LINUX	308	typedef
X86_64_LINUX	309	enum
X86_64_LINUX	310	sizeof
X86_64_LINUX	311	__attribute
X86_64_LINUX	312	__attribute__
X86_64_LINUX	313	__alignof
X86_64_LINUX	314	__alignof__
X86_64_LINUX	315	_Alignof
X86_64_LINUX	316	_Alignas
X86_64_LINUX	317	typeof
X86_64_LINUX	318	__typeof
X86_64_LINUX	319	__typeof__
X86_64_LINUX	320	__label__
X86_64_LINUX	321	define
X86_64_LINUX	322	include
X86_64_LINUX	323	include_next
X86_64_LINUX	324	ifdef
X86_64_LINUX	325	ifndef
X86_64_LINUX	326	elif
X86_64_LINUX	327	endif
X86_64_LINUX	328	defined
X86_64_LINUX	329	undef
X86_64_LINUX	330	error
X86_64_LINUX	331	warning
X86_64_LINUX	332	line
X86_64_LINUX	333	pragma
X86_64_LINUX	334	__LINE__
X86_64_LINUX	335	__FILE__
X86_64_LINUX	336	__DATE__
X86_64_LINUX	337	__TIME__
X86_64_LINUX	338	__FUNCTION__
X86_64_LINUX	339	__VA_ARGS__
X86_64_LINUX	340	__COUNTER__
X86_64_LINUX	341	__has_include
X86_64_LINUX	342	__has_include_next
X86_64_LINUX	343	__func__
X86_64_LINUX	344	__nan__
X86_64_LINUX	345	__snan__
X86_64_LINUX	346	__inf__
X86_64_LINUX	347	section
X86_64_LINUX	348	__section__
X86_64_LINUX	349	aligned
X86_64_LINUX	350	__aligned__
X86_64_LINUX	351	packed
X86_64_LINUX	352	__packed__
X86_64_LINUX	353	weak
X86_64_LINUX	354	__weak__
X86_64_LINUX	355	alias
X86_64_LINUX	356	__alias__
X86_64_LINUX	357	used
X86_64_LINUX	358	__used__
X86_64_LINUX	359	unused
X86_64_LINUX	360	__unused__
X86_64_LINUX	361	format
X86_64_LINUX	362	__format__
X86_64_LINUX	363	nodebug
X86_64_LINUX	364	__nodebug__
X86_64_LINUX	365	cdecl
X86_64_LINUX	366	__cdecl
X86_64_LINUX	367	__cdecl__
X86_64_LINUX	368	stdcall
X86_64_LINUX	369	__stdcall
X86_64_LINUX	370	__stdcall__
X86_64_LINUX	371	fastcall
X86_64_LINUX	372	__fastcall
X86_64_LINUX	373	__fastcall__
X86_64_LINUX	374	thiscall
X86_64_LINUX	375	__thiscall
X86_64_LINUX	376	__thiscall__
X86_64_LINUX	377	regparm
X86_64_LINUX	378	__regparm__
X86_64_LINUX	379	cleanup
X86_64_LINUX	380	__cleanup__
X86_64_LINUX	381	constructor
X86_64_LINUX	382	__constructor__
X86_64_LINUX	383	destructor
X86_64_LINUX	384	__destructor__
X86_64_LINUX	385	always_inline
X86_64_LINUX	386	__always_inline__
X86_64_LINUX	387	__noinline__
X86_64_LINUX	388	pure
X86_64_LINUX	389	__pure__
X86_64_LINUX	390	__mode__
X86_64_LINUX	391	__QI__
X86_64_LINUX	392	__DI__
X86_64_LINUX	393	__HI__
X86_64_LINUX	394	__SI__
X86_64_LINUX	395	__word__
X86_64_LINUX	396	dllexport
X86_64_LINUX	397	dllimport
X86_64_LINUX	398	nodecorate
X86_64_LINUX	399	noreturn
X86_64_LINUX	400	__noreturn__
X86_64_LINUX	401	_Noreturn
X86_64_LINUX	402	visibility
X86_64_LINUX	403	__visibility__
X86_64_LINUX	404	__builtin_types_compatible_p
X86_64_LINUX	405	__builtin_choose_expr
X86_64_LINUX	406	__builtin_constant_p
X86_64_LINUX	407	__builtin_frame_address
X86_64_LINUX	408	__builtin_return_address
X86_64_LINUX	409	__builtin_expect
X86_64_LINUX	410	__builtin_unreachable
X86_64_LINUX	411	__builtin_va_arg_types
X86_64_LINUX	412	__atomic_store
X86_64_LINUX	413	__atomic_load
X86_64_LINUX	414	__atomic_exchange
X86_64_LINUX	415	__atomic_compare_exchange
X86_64_LINUX	416	__atomic_fetch_add
X86_64_LINUX	417	__atomic_fetch_sub
X86_64_LINUX	418	__atomic_fetch_or
X86_64_LINUX	419	__atomic_fetch_xor
X86_64_LINUX	420	__atomic_fetch_and
X86_64_LINUX	421	__atomic_fetch_nand
X86_64_LINUX	422	__atomic_add_fetch
X86_64_LINUX	423	__atomic_sub_fetch
X86_64_LINUX	424	__atomic_or_fetch
X86_64_LINUX	425	__atomic_xor_fetch
X86_64_LINUX	426	__atomic_and_fetch
X86_64_LINUX	427	__atomic_nand_fetch
X86_64_LINUX	428	pack
X86_64_LINUX	429	comment
X86_64_LINUX	430	lib
X86_64_LINUX	431	push_macro
X86_64_LINUX	432	pop_macro
X86_64_LINUX	433	once
X86_64_LINUX	434	option
X86_64_LINUX	435	memcpy
X86_64_LINUX	436	memmove
X86_64_LINUX	437	memset
X86_64_LINUX	438	__divdi3
X86_64_LINUX	439	__moddi3
X86_64_LINUX	440	__udivdi3
X86_64_LINUX	441	__umoddi3
X86_64_LINUX	442	__ashrdi3
X86_64_LINUX	443	__lshrdi3
X86_64_LINUX	444	__ashldi3
X86_64_LINUX	445	__floatundisf
X86_64_LINUX	446	__floatundidf
X86_64_LINUX	447	__floatundixf
X86_64_LINUX	448	__fixunsxfdi
X86_64_LINUX	449	__fixunssfdi
X86_64_LINUX	450	__fixunsdfdi
X86_64_LINUX	451	__fixxfdi
X86_64_LINUX	452	alloca
X86_64_LINUX	453	.byte
X86_64_LINUX	454	.word
X86_64_LINUX	455	.align
X86_64_LINUX	456	.balign
X86_64_LINUX	457	.p2align
X86_64_LINUX	458	.set
X86_64_LINUX	459	.skip
X86_64_LINUX	460	.space
X86_64_LINUX	461	.string
X86_64_LINUX	462	.asciz
X86_64_LINUX	463	.ascii
X86_64_LINUX	464	.file
X86_64_LINUX	465	.globl
X86_64_LINUX	466	.global
X86_64_LINUX	467	.weak
X86_64_LINUX	468	.hidden
X86_64_LINUX	469	.ident
X86_64_LINUX	470	.size
X86_64_LINUX	471	.type
X86_64_LINUX	472	.text
X86_64_LINUX	473	.data
X86_64_LINUX	474	.bss
X86_64_LINUX	475	.previous
X86_64_LINUX	476	.pushsection
X86_64_LINUX	477	.popsection
X86_64_LINUX	478	.fill
X86_64_LINUX	479	.rept
X86_64_LINUX	480	.endr
X86_64_LINUX	481	.org
X86_64_LINUX	482	.quad
X86_64_LINUX	483	.code64
X86_64_LINUX	484	.short
X86_64_LINUX	485	.long
X86_64_LINUX	486	.int
X86_64_LINUX	487	.symver
X86_64_LINUX	488	.reloc
X86_64_LINUX	489	.section
X86_64_LINUX	490	al
X86_64_LINUX	491	cl
X86_64_LINUX	492	dl
X86_64_LINUX	493	bl
X86_64_LINUX	494	ah
X86_64_LINUX	495	ch
X86_64_LINUX	496	dh
X86_64_LINUX	497	bh
X86_64_LINUX	498	ax
X86_64_LINUX	499	cx
X86_64_LINUX	500	dx
X86_64_LINUX	501	bx
X86_64_LINUX	502	sp
X86_64_LINUX	503	bp
X86_64_LINUX	504	si
X86_64_LINUX	505	di
X86_64_LINUX	506	eax
X86_64_LINUX	507	ecx
X86_64_LINUX	508	edx
X86_64_LINUX	509	ebx
X86_64_LINUX	510	esp
X86_64_LINUX	511	ebp
X86_64_LINUX	512	esi
X86_64_LINUX	513	edi
X86_64_LINUX	514	rax
X86_64_LINUX	515	rcx
X86_64_LINUX	516	rdx
X86_64_LINUX	517	rbx
X86_64_LINUX	518	rsp
X86_64_LINUX	519	rbp
X86_64_LINUX	520	rsi
X86_64_LINUX	521	rdi
X86_64_LINUX	522	mm0
X86_64_LINUX	523	mm1
X86_64_LINUX	524	mm2
X86_64_LINUX	525	mm3
X86_64_LINUX	526	mm4
X86_64_LINUX	527	mm5
X86_64_LINUX	528	mm6
X86_64_LINUX	529	mm7
X86_64_LINUX	530	xmm0
X86_64_LINUX	531	xmm1
X86_64_LINUX	532	xmm2
X86_64_LINUX	533	xmm3
X86_64_LINUX	534	xmm4
X86_64_LINUX	535	xmm5
X86_64_LINUX	536	xmm6
X86_64_LINUX	537	xmm7
X86_64_LINUX	538	cr0
X86_64_LINUX	539	cr1
X86_64_LINUX	540	cr2
X86_64_LINUX	541	cr3
X86_64_LINUX	542	cr4
X86_64_LINUX	543	cr5
X86_64_LINUX	544	cr6
X86_64_LINUX	545	cr7
X86_64_LINUX	546	tr0
X86_64_LINUX	547	tr1
X86_64_LINUX	548	tr2
X86_64_LINUX	549	tr3
X86_64_LINUX	550	tr4
X86_64_LINUX	551	tr5
X86_64_LINUX	552	tr6
X86_64_LINUX	553	tr7
X86_64_LINUX	554	db0
X86_64_LINUX	555	db1
X86_64_LINUX	556	db2
X86_64_LINUX	557	db3
X86_64_LINUX	558	db4
X86_64_LINUX	559	db5
X86_64_LINUX	560	db6
X86_64_LINUX	561	db7
X86_64_LINUX	562	dr0
X86_64_LINUX	563	dr1
X86_64_LINUX	564	dr2
X86_64_LINUX	565	dr3
X86_64_LINUX	566	dr4
X86_64_LINUX	567	dr5
X86_64_LINUX	568	dr6
X86_64_LINUX	569	dr7
X86_64_LINUX	570	es
X86_64_LINUX	571	cs
X86_64_LINUX	572	ss
X86_64_LINUX	573	ds
X86_64_LINUX	574	fs
X86_64_LINUX	575	gs
X86_64_LINUX	576	st
X86_64_LINUX	577	rip
X86_64_LINUX	578	spl
X86_64_LINUX	579	bpl
X86_64_LINUX	580	sil
X86_64_LINUX	581	dil
X86_64_LINUX	582	movb
X86_64_LINUX	583	movw
X86_64_LINUX	584	movl
X86_64_LINUX	585	movq
X86_64_LINUX	586	mov
X86_64_LINUX	587	addb
X86_64_LINUX	588	addw
X86_64_LINUX	589	addl
X86_64_LINUX	590	addq
X86_64_LINUX	591	add
X86_64_LINUX	592	orb
X86_64_LINUX	593	orw
X86_64_LINUX	594	orl
X86_64_LINUX	595	orq
X86_64_LINUX	596	or
X86_64_LINUX	597	adcb
X86_64_LINUX	598	adcw
X86_64_LINUX	599	adcl
X86_64_LINUX	600	adcq
X86_64_LINUX	601	adc
X86_64_LINUX	602	sbbb
X86_64_LINUX	603	sbbw
X86_64_LINUX	604	sbbl
X86_64_LINUX	605	sbbq
X86_64_LINUX	606	sbb
X86_64_LINUX	607	andb
X86_64_LINUX	608	andw
X86_64_LINUX	609	andl
X86_64_LINUX	610	andq
X86_64_LINUX	611	and
X86_64_LINUX	612	subb
X86_64_LINUX	613	subw
X86_64_LINUX	614	subl
X86_64_LINUX	615	subq
X86_64_LINUX	616	sub
X86_64_LINUX	617	xorb
X86_64_LINUX	618	xorw
X86_64_LINUX	619	xorl
X86_64_LINUX	620	xorq
X86_64_LINUX	621	xor
X86_64_LINUX	622	cmpb
X86_64_LINUX	623	cmpw
X86_64_LINUX	624	cmpl
X86_64_LINUX	625	cmpq
X86_64_LINUX	626	cmp
X86_64_LINUX	627	incb
X86_64_LINUX	628	incw
X86_64_LINUX	629	incl
X86_64_LINUX	630	incq
X86_64_LINUX	631	inc
X86_64_LINUX	632	decb
X86_64_LINUX	633	decw
X86_64_LINUX	634	decl
X86_64_LINUX	635	decq
X86_64_LINUX	636	dec
X86_64_LINUX	637	notb
X86_64_LINUX	638	notw
X86_64_LINUX	639	notl
X86_64_LINUX	640	notq
X86_64_LINUX	641	not
X86_64_LINUX	642	negb
X86_64_LINUX	643	negw
X86_64_LINUX	644	negl
X86_64_LINUX	645	negq
X86_64_LINUX	646	neg
X86_64_LINUX	647	mulb
X86_64_LINUX	648	mulw
X86_64_LINUX	649	mull
X86_64_LINUX	650	mulq
X86_64_LINUX	651	mul
X86_64_LINUX	652	imulb
X86_64_LINUX	653	imulw
X86_64_LINUX	654	imull
X86_64_LINUX	655	imulq
X86_64_LINUX	656	imul
X86_64_LINUX	657	divb
X86_64_LINUX	658	divw
X86_64_LINUX	659	divl
X86_64_LINUX	660	divq
X86_64_LINUX	661	div
X86_64_LINUX	662	idivb
X86_64_LINUX	663	idivw
X86_64_LINUX	664	idivl
X86_64_LINUX	665	idivq
X86_64_LINUX	666	idiv
X86_64_LINUX	667	xchgb
X86_64_LINUX	668	xchgw
X86_64_LINUX	669	xchgl
X86_64_LINUX	670	xchgq
X86_64_LINUX	671	xchg
X86_64_LINUX	672	testb
X86_64_LINUX	673	testw
X86_64_LINUX	674	testl
X86_64_LINUX	675	testq
X86_64_LINUX	676	test
X86_64_LINUX	677	rolb
X86_64_LINUX	678	rolw
X86_64_LINUX	679	roll
X86_64_LINUX	680	rolq
X86_64_LINUX	681	rol
X86_64_LINUX	682	rorb
X86_64_LINUX	683	rorw
X86_64_LINUX	684	rorl
X86_64_LINUX	685	rorq
X86_64_LINUX	686	ror
X86_64_LINUX	687	rclb
X86_64_LINUX	688	rclw
X86_64_LINUX	689	rcll
X86_64_LINUX	690	rclq
X86_64_LINUX	691	rcl
X86_64_LINUX	692	rcrb
X86_64_LINUX	693	rcrw
X86_64_LINUX	694	rcrl
X86_64_LINUX	695	rcrq
X86_64_LINUX	696	rcr
X86_64_LINUX	697	shlb
X86_64_LINUX	698	shlw
X86_64_LINUX	699	shll
X86_64_LINUX	700	shlq
X86_64_LINUX	701	shl
X86_64_LINUX	702	shrb
X86_64_LINUX	703	shrw
X86_64_LINUX	704	shrl
X86_64_LINUX	705	shrq
X86_64_LINUX	706	shr
X86_64_LINUX	707	sarb
X86_64_LINUX	708	sarw
X86_64_LINUX	709	sarl
X86_64_LINUX	710	sarq
X86_64_LINUX	711	sar
X86_64_LINUX	712	shldw
X86_64_LINUX	713	shldl
X86_64_LINUX	714	shldq
X86_64_LINUX	715	shld
X86_64_LINUX	716	shrdw
X86_64_LINUX	717	shrdl
X86_64_LINUX	718	shrdq
X86_64_LINUX	719	shrd
X86_64_LINUX	720	pushw
X86_64_LINUX	721	pushl
X86_64_LINUX	722	pushq
X86_64_LINUX	723	push
X86_64_LINUX	724	popw
X86_64_LINUX	725	popl
X86_64_LINUX	726	popq
X86_64_LINUX	727	pop
X86_64_LINUX	728	inb
X86_64_LINUX	729	inw
X86_64_LINUX	730	inl
X86_64_LINUX	731	in
X86_64_LINUX	732	outb
X86_64_LINUX	733	outw
X86_64_LINUX	734	outl
X86_64_LINUX	735	out
X86_64_LINUX	736	movzbw
X86_64_LINUX	737	movzbl
X86_64_LINUX	738	movzbq
X86_64_LINUX	739	movzb
X86_64_LINUX	740	movzwl
X86_64_LINUX	741	movsbw
X86_64_LINUX	742	movsbl
X86_64_LINUX	743	movswl
X86_64_LINUX	744	movsbq
X86_64_LINUX	745	movswq
X86_64_LINUX	746	movzwq
X86_64_LINUX	747	movslq
X86_64_LINUX	748	leaw
X86_64_LINUX	749	leal
X86_64_LINUX	750	leaq
X86_64_LINUX	751	lea
X86_64_LINUX	752	les
X86_64_LINUX	753	lds
X86_64_LINUX	754	lss
X86_64_LINUX	755	lfs
X86_64_LINUX	756	lgs
X86_64_LINUX	757	call
X86_64_LINUX	758	jmp
X86_64_LINUX	759	lcall
X86_64_LINUX	760	ljmp
X86_64_LINUX	761	jo
X86_64_LINUX	762	jno
X86_64_LINUX	763	jb
X86_64_LINUX	764	jc
X86_64_LINUX	765	jnae
X86_64_LINUX	766	jnb
X86_64_LINUX	767	jnc
X86_64_LINUX	768	jae
X86_64_LINUX	769	je
X86_64_LINUX	770	jz
X86_64_LINUX	771	jne
X86_64_LINUX	772	jnz
X86_64_LINUX	773	jbe
X86_64_LINUX	774	jna
X86_64_LINUX	775	jnbe
X86_64_LINUX	776	ja
X86_64_LINUX	777	js
X86_64_LINUX	778	jns
X86_64_LINUX	779	jp
X86_64_LINUX	780	jpe
X86_64_LINUX	781	jnp
X86_64_LINUX	782	jpo
X86_64_LINUX	783	jl
X86_64_LINUX	784	jnge
X86_64_LINUX	785	jnl
X86_64_LINUX	786	jge
X86_64_LINUX	787	jle
X86_64_LINUX	788	jng
X86_64_LINUX	789	jnle
X86_64_LINUX	790	jg
X86_64_LINUX	791	seto
X86_64_LINUX	792	setno
X86_64_LINUX	793	setb
X86_64_LINUX	794	setc
X86_64_LINUX	795	setnae
X86_64_LINUX	796	setnb
X86_64_LINUX	797	setnc
X86_64_LINUX	798	setae
X86_64_LINUX	799	sete
X86_64_LINUX	800	setz
X86_64_LINUX	801	setne
X86_64_LINUX	802	setnz
X86_64_LINUX	803	setbe
X86_64_LINUX	804	setna
X86_64_LINUX	805	setnbe
X86_64_LINUX	806	seta
X86_64_LINUX	807	sets
X86_64_LINUX	808	setns
X86_64_LINUX	809	setp
X86_64_LINUX	810	setpe
X86_64_LINUX	811	setnp
X86_64_LINUX	812	setpo
X86_64_LINUX	813	setl
X86_64_LINUX	814	setnge
X86_64_LINUX	815	setnl
X86_64_LINUX	816	setge
X86_64_LINUX	817	setle
X86_64_LINUX	818	setng
X86_64_LINUX	819	setnle
X86_64_LINUX	820	setg
X86_64_LINUX	821	setob
X86_64_LINUX	822	setnob
X86_64_LINUX	823	setbb
X86_64_LINUX	824	setcb
X86_64_LINUX	825	setnaeb
X86_64_LINUX	826	setnbb
X86_64_LINUX	827	setncb
X86_64_LINUX	828	setaeb
X86_64_LINUX	829	seteb
X86_64_LINUX	830	setzb
X86_64_LINUX	831	setneb
X86_64_LINUX	832	setnzb
X86_64_LINUX	833	setbeb
X86_64_LINUX	834	setnab
X86_64_LINUX	835	setnbeb
X86_64_LINUX	836	setab
X86_64_LINUX	837	setsb
X86_64_LINUX	838	setnsb
X86_64_LINUX	839	setpb
X86_64_LINUX	840	setpeb
X86_64_LINUX	841	setnpb
X86_64_LINUX	842	setpob
X86_64_LINUX	843	setlb
X86_64_LINUX	844	setngeb
X86_64_LINUX	845	setnlb
X86_64_LINUX	846	setgeb
X86_64_LINUX	847	setleb
X86_64_LINUX	848	setngb
X86_64_LINUX	849	setnleb
X86_64_LINUX	850	setgb
X86_64_LINUX	851	cmovo
X86_64_LINUX	852	cmovno
X86_64_LINUX	853	cmovb
X86_64_LINUX	854	cmovc
X86_64_LINUX	855	cmovnae
X86_64_LINUX	856	cmovnb
X86_64_LINUX	857	cmovnc
X86_64_LINUX	858	cmovae
X86_64_LINUX	859	cmove
X86_64_LINUX	860	cmovz
X86_64_LINUX	861	cmovne
X86_64_LINUX	862	cmovnz
X86_64_LINUX	863	cmovbe
X86_64_LINUX	864	cmovna
X86_64_LINUX	865	cmovnbe
X86_64_LINUX	866	cmova
X86_64_LINUX	867	cmovs
X86_64_LINUX	868	cmovns
X86_64_LINUX	869	cmovp
X86_64_LINUX	870	cmovpe
X86_64_LINUX	871	cmovnp
X86_64_LINUX	872	cmovpo
X86_64_LINUX	873	cmovl
X86_64_LINUX	874	cmovnge
X86_64_LINUX	875	cmovnl
X86_64_LINUX	876	cmovge
X86_64_LINUX	877	cmovle
X86_64_LINUX	878	cmovng
X86_64_LINUX	879	cmovnle
X86_64_LINUX	880	cmovg
X86_64_LINUX	881	bsfw
X86_64_LINUX	882	bsfl
X86_64_LINUX	883	bsfq
X86_64_LINUX	884	bsf
X86_64_LINUX	885	bsrw
X86_64_LINUX	886	bsrl
X86_64_LINUX	887	bsrq
X86_64_LINUX	888	bsr
X86_64_LINUX	889	btw
X86_64_LINUX	890	btl
X86_64_LINUX	891	btq
X86_64_LINUX	892	bt
X86_64_LINUX	893	btsw
X86_64_LINUX	894	btsl
X86_64_LINUX	895	btsq
X86_64_LINUX	896	bts
X86_64_LINUX	897	btrw
X86_64_LINUX	898	btrl
X86_64_LINUX	899	btrq
X86_64_LINUX	900	btr
X86_64_LINUX	901	btcw
X86_64_LINUX	902	btcl
X86_64_LINUX	903	btcq
X86_64_LINUX	904	btc
X86_64_LINUX	905	popcntw
X86_64_LINUX	906	popcntl
X86_64_LINUX	907	popcntq
X86_64_LINUX	908	popcnt
X86_64_LINUX	909	tzcntw
X86_64_LINUX	910	tzcntl
X86_64_LINUX	911	tzcntq
X86_64_LINUX	912	tzcnt
X86_64_LINUX	913	lzcntw
X86_64_LINUX	914	lzcntl
X86_64_LINUX	915	lzcntq
X86_64_LINUX	916	lzcnt
X86_64_LINUX	917	larw
X86_64_LINUX	918	larl
X86_64_LINUX	919	larq
X86_64_LINUX	920	lar
X86_64_LINUX	921	lslw
X86_64_LINUX	922	lsll
X86_64_LINUX	923	lslq
X86_64_LINUX	924	lsl
X86_64_LINUX	925	fadd
X86_64_LINUX	926	faddp
X86_64_LINUX	927	fadds
X86_64_LINUX	928	fiaddl
X86_64_LINUX	929	faddl
X86_64_LINUX	930	fiadds
X86_64_LINUX	931	fmul
X86_64_LINUX	932	fmulp
X86_64_LINUX	933	fmuls
X86_64_LINUX	934	fimull
X86_64_LINUX	935	fmull
X86_64_LINUX	936	fimuls
X86_64_LINUX	937	fcom
X86_64_LINUX	938	fcom_1
X86_64_LINUX	939	fcoms
X86_64_LINUX	940	ficoml
X86_64_LINUX	941	fcoml
X86_64_LINUX	942	ficoms
X86_64_LINUX	943	fcomp
X86_64_LINUX	944	fcompp
X86_64_LINUX	945	fcomps
X86_64_LINUX	946	ficompl
X86_64_LINUX	947	fcompl
X86_64_LINUX	948	ficomps
X86_64_LINUX	949	fsub
X86_64_LINUX	950	fsubp
X86_64_LINUX	951	fsubs
X86_64_LINUX	952	fisubl
X86_64_LINUX	953	fsubl
X86_64_LINUX	954	fisubs
X86_64_LINUX	955	fsubr
X86_64_LINUX	956	fsubrp
X86_64_LINUX	957	fsubrs
X86_64_LINUX	958	fisubrl
X86_64_LINUX	959	fsubrl
X86_64_LINUX	960	fisubrs
X86_64_LINUX	961	fdiv
X86_64_LINUX	962	fdivp
X86_64_LINUX	963	fdivs
X86_64_LINUX	964	fidivl
X86_64_LINUX	965	fdivl
X86_64_LINUX	966	fidivs
X86_64_LINUX	967	fdivr
X86_64_LINUX	968	fdivrp
X86_64_LINUX	969	fdivrs
X86_64_LINUX	970	fidivrl
X86_64_LINUX	971	fdivrl
X86_64_LINUX	972	fidivrs
X86_64_LINUX	973	xaddb
X86_64_LINUX	974	xaddw
X86_64_LINUX	975	xaddl
X86_64_LINUX	976	xaddq
X86_64_LINUX	977	xadd
X86_64_LINUX	978	cmpxchgb
X86_64_LINUX	979	cmpxchgw
X86_64_LINUX	980	cmpxchgl
X86_64_LINUX	981	cmpxchgq
X86_64_LINUX	982	cmpxchg
X86_64_LINUX	983	cmpsb
X86_64_LINUX	984	cmpsw
X86_64_LINUX	985	cmpsl
X86_64_LINUX	986	cmpsq
X86_64_LINUX	987	cmps
X86_64_LINUX	988	scmpb
X86_64_LINUX	989	scmpw
X86_64_LINUX	990	scmpl
X86_64_LINUX	991	scmpq
X86_64_LINUX	992	scmp
X86_64_LINUX	993	insb
X86_64_LINUX	994	insw
X86_64_LINUX	995	insl
X86_64_LINUX	996	ins
X86_64_LINUX	997	outsb
X86_64_LINUX	998	outsw
X86_64_LINUX	999	outsl
X86_64_LINUX	1000	outs
X86_64_LINUX	1001	lodsb
X86_64_LINUX	1002	lodsw
X86_64_LINUX	1003	lodsl
X86_64_LINUX	1004	lodsq
X86_64_LINUX	1005	lods
X86_64_LINUX	1006	slodb
X86_64_LINUX	1007	slodw
X86_64_LINUX	1008	slodl
X86_64_LINUX	1009	slodq
X86_64_LINUX	1010	slod
X86_64_LINUX	1011	movsb
X86_64_LINUX	1012	movsw
X86_64_LINUX	1013	movsl
X86_64_LINUX	1014	movsq
X86_64_LINUX	1015	movs
X86_64_LINUX	1016	smovb
X86_64_LINUX	1017	smovw
X86_64_LINUX	1018	smovl
X86_64_LINUX	1019	smovq
X86_64_LINUX	1020	smov
X86_64_LINUX	1021	scasb
X86_64_LINUX	1022	scasw
X86_64_LINUX	1023	scasl
X86_64_LINUX	1024	scasq
X86_64_LINUX	1025	scas
X86_64_LINUX	1026	sscab
X86_64_LINUX	1027	sscaw
X86_64_LINUX	1028	sscal
X86_64_LINUX	1029	sscaq
X86_64_LINUX	1030	ssca
X86_64_LINUX	1031	stosb
X86_64_LINUX	1032	stosw
X86_64_LINUX	1033	stosl
X86_64_LINUX	1034	stosq
X86_64_LINUX	1035	stos
X86_64_LINUX	1036	sstob
X86_64_LINUX	1037	sstow
X86_64_LINUX	1038	sstol
X86_64_LINUX	1039	sstoq
X86_64_LINUX	1040	ssto
X86_64_LINUX	1041	clc
X86_64_LINUX	1042	cld
X86_64_LINUX	1043	cli
X86_64_LINUX	1044	clts
X86_64_LINUX	1045	cmc
X86_64_LINUX	1046	lahf
X86_64_LINUX	1047	sahf
X86_64_LINUX	1048	pushfq
X86_64_LINUX	1049	popfq
X86_64_LINUX	1050	pushf
X86_64_LINUX	1051	popf
X86_64_LINUX	1052	stc
X86_64_LINUX	1053	std
X86_64_LINUX	1054	sti
X86_64_LINUX	1055	aaa
X86_64_LINUX	1056	aas
X86_64_LINUX	1057	daa
X86_64_LINUX	1058	das
X86_64_LINUX	1059	aad
X86_64_LINUX	1060	aam
X86_64_LINUX	1061	cbw
X86_64_LINUX	1062	cwd
X86_64_LINUX	1063	cwde
X86_64_LINUX	1064	cdq
X86_64_LINUX	1065	cbtw
X86_64_LINUX	1066	cwtl
X86_64_LINUX	1067	cwtd
X86_64_LINUX	1068	cltd
X86_64_LINUX	1069	cqto
X86_64_LINUX	1070	int3
X86_64_LINUX	1071	into
X86_64_LINUX	1072	iret
X86_64_LINUX	1073	iretw
X86_64_LINUX	1074	iretl
X86_64_LINUX	1075	iretq
X86_64_LINUX	1076	rsm
X86_64_LINUX	1077	hlt
X86_64_LINUX	1078	wait
X86_64_LINUX	1079	nop
X86_64_LINUX	1080	pause
X86_64_LINUX	1081	xlat
X86_64_LINUX	1082	lock
X86_64_LINUX	1083	rep
X86_64_LINUX	1084	repe
X86_64_LINUX	1085	repz
X86_64_LINUX	1086	repne
X86_64_LINUX	1087	repnz
X86_64_LINUX	1088	invd
X86_64_LINUX	1089	wbinvd
X86_64_LINUX	1090	cpuid
X86_64_LINUX	1091	wrmsr
X86_64_LINUX	1092	rdtsc
X86_64_LINUX	1093	rdmsr
X86_64_LINUX	1094	rdpmc
X86_64_LINUX	1095	syscall
X86_64_LINUX	1096	sysret
X86_64_LINUX	1097	ud2
X86_64_LINUX	1098	leave
X86_64_LINUX	1099	ret
X86_64_LINUX	1100	retq
X86_64_LINUX	1101	lret
X86_64_LINUX	1102	fucompp
X86_64_LINUX	1103	ftst
X86_64_LINUX	1104	fxam
X86_64_LINUX	1105	fld1
X86_64_LINUX	1106	fldl2t
X86_64_LINUX	1107	fldl2e
X86_64_LINUX	1108	fldpi
X86_64_LINUX	1109	fldlg2
X86_64_LINUX	1110	fldln2
X86_64_LINUX	1111	fldz
X86_64_LINUX	1112	f2xm1
X86_64_LINUX	1113	fyl2x
X86_64_LINUX	1114	fptan
X86_64_LINUX	1115	fpatan
X86_64_LINUX	1116	fxtract
X86_64_LINUX	1117	fprem1
X86_64_LINUX	1118	fdecstp
X86_64_LINUX	1119	fincstp
X86_64_LINUX	1120	fprem
X86_64_LINUX	1121	fyl2xp1
X86_64_LINUX	1122	fsqrt
X86_64_LINUX	1123	fsincos
X86_64_LINUX	1124	frndint
X86_64_LINUX	1125	fscale
X86_64_LINUX	1126	fsin
X86_64_LINUX	1127	fcos
X86_64_LINUX	1128	fchs
X86_64_LINUX	1129	fabs
X86_64_LINUX	1130	fninit
X86_64_LINUX	1131	fnclex
X86_64_LINUX	1132	fnop
X86_64_LINUX	1133	fwait
X86_64_LINUX	1134	fxch
X86_64_LINUX	1135	fnstsw
X86_64_LINUX	1136	emms
X86_64_LINUX	1137	vmcall
X86_64_LINUX	1138	vmlaunch
X86_64_LINUX	1139	vmresume
X86_64_LINUX	1140	vmxoff
X86_64_LINUX	1141	sysretq
X86_64_LINUX	1142	callq
X86_64_LINUX	1143	ljmpw
X86_64_LINUX	1144	ljmpl
X86_64_LINUX	1145	enter
X86_64_LINUX	1146	loopne
X86_64_LINUX	1147	loopnz
X86_64_LINUX	1148	loope
X86_64_LINUX	1149	loopz
X86_64_LINUX	1150	loop
X86_64_LINUX	1151	jecxz
X86_64_LINUX	1152	fld
X86_64_LINUX	1153	fldl
X86_64_LINUX	1154	flds
X86_64_LINUX	1155	fildl
X86_64_LINUX	1156	fildq
X86_64_LINUX	1157	fildll
X86_64_LINUX	1158	fldt
X86_64_LINUX	1159	fbld
X86_64_LINUX	1160	fst
X86_64_LINUX	1161	fstl
X86_64_LINUX	1162	fsts
X86_64_LINUX	1163	fstps
X86_64_LINUX	1164	fstpl
X86_64_LINUX	1165	fist
X86_64_LINUX	1166	fistp
X86_64_LINUX	1167	fistl
X86_64_LINUX	1168	fistpl
X86_64_LINUX	1169	fstp
X86_64_LINUX	1170	fistpq
X86_64_LINUX	1171	fistpll
X86_64_LINUX	1172	fstpt
X86_64_LINUX	1173	fbstp
X86_64_LINUX	1174	fucom
X86_64_LINUX	1175	fucomp
X86_64_LINUX	1176	finit
X86_64_LINUX	1177	fldcw
X86_64_LINUX	1178	fnstcw
X86_64_LINUX	1179	fstcw
X86_64_LINUX	1180	fstsw
X86_64_LINUX	1181	fclex
X86_64_LINUX	1182	fnstenv
X86_64_LINUX	1183	fstenv
X86_64_LINUX	1184	fldenv
X86_64_LINUX	1185	fnsave
X86_64_LINUX	1186	fsave
X86_64_LINUX	1187	frstor
X86_64_LINUX	1188	ffree
X86_64_LINUX	1189	ffreep
X86_64_LINUX	1190	fxsave
X86_64_LINUX	1191	fxrstor
X86_64_LINUX	1192	fxsaveq
X86_64_LINUX	1193	fxrstorq
X86_64_LINUX	1194	arpl
X86_64_LINUX	1195	lgdt
X86_64_LINUX	1196	lgdtq
X86_64_LINUX	1197	lidt
X86_64_LINUX	1198	lidtq
X86_64_LINUX	1199	lldt
X86_64_LINUX	1200	lmsw
X86_64_LINUX	1201	ltr
X86_64_LINUX	1202	sgdt
X86_64_LINUX	1203	sgdtq
X86_64_LINUX	1204	sidt
X86_64_LINUX	1205	sidtq
X86_64_LINUX	1206	sldt
X86_64_LINUX	1207	smsw
X86_64_LINUX	1208	str
X86_64_LINUX	1209	verr
X86_64_LINUX	1210	verw
X86_64_LINUX	1211	swapgs
X86_64_LINUX	1212	bswap
X86_64_LINUX	1213	bswapl
X86_64_LINUX	1214	bswapq
X86_64_LINUX	1215	invlpg
X86_64_LINUX	1216	cmpxchg8b
X86_64_LINUX	1217	cmpxchg16b
X86_64_LINUX	1218	fcmovb
X86_64_LINUX	1219	fcmove
X86_64_LINUX	1220	fcmovbe
X86_64_LINUX	1221	fcmovu
X86_64_LINUX	1222	fcmovnb
X86_64_LINUX	1223	fcmovne
X86_64_LINUX	1224	fcmovnbe
X86_64_LINUX	1225	fcmovnu
X86_64_LINUX	1226	fucomi
X86_64_LINUX	1227	fcomi
X86_64_LINUX	1228	fucomip
X86_64_LINUX	1229	fcomip
X86_64_LINUX	1230	movd
X86_64_LINUX	1231	packssdw
X86_64_LINUX	1232	packsswb
X86_64_LINUX	1233	packuswb
X86_64_LINUX	1234	paddb
X86_64_LINUX	1235	paddw
X86_64_LINUX	1236	paddd
X86_64_LINUX	1237	paddsb
X86_64_LINUX	1238	paddsw
X86_64_LINUX	1239	paddusb
X86_64_LINUX	1240	paddusw
X86_64_LINUX	1241	pand
X86_64_LINUX	1242	pandn
X86_64_LINUX	1243	pcmpeqb
X86_64_LINUX	1244	pcmpeqw
X86_64_LINUX	1245	pcmpeqd
X86_64_LINUX	1246	pcmpgtb
X86_64_LINUX	1247	pcmpgtw
X86_64_LINUX	1248	pcmpgtd
X86_64_LINUX	1249	pmaddwd
X86_64_LINUX	1250	pmulhw
X86_64_LINUX	1251	pmullw
X86_64_LINUX	1252	por
X86_64_LINUX	1253	psllw
X86_64_LINUX	1254	pslld
X86_64_LINUX	1255	psllq
X86_64_LINUX	1256	psraw
X86_64_LINUX	1257	psrad
X86_64_LINUX	1258	psrlw
X86_64_LINUX	1259	psrld
X86_64_LINUX	1260	psrlq
X86_64_LINUX	1261	psubb
X86_64_LINUX	1262	psubw
X86_64_LINUX	1263	psubd
X86_64_LINUX	1264	psubsb
X86_64_LINUX	1265	psubsw
X86_64_LINUX	1266	psubusb
X86_64_LINUX	1267	psubusw
X86_64_LINUX	1268	punpckhbw
X86_64_LINUX	1269	punpckhwd
X86_64_LINUX	1270	punpckhdq
X86_64_LINUX	1271	punpcklbw
X86_64_LINUX	1272	punpcklwd
X86_64_LINUX	1273	punpckldq
X86_64_LINUX	1274	pxor
X86_64_LINUX	1275	ldmxcsr
X86_64_LINUX	1276	stmxcsr
X86_64_LINUX	1277	movups
X86_64_LINUX	1278	movaps
X86_64_LINUX	1279	movhps
X86_64_LINUX	1280	addps
X86_64_LINUX	1281	cvtpi2ps
X86_64_LINUX	1282	cvtps2pi
X86_64_LINUX	1283	cvtss2si
X86_64_LINUX	1284	cvtsd2si
X86_64_LINUX	1285	cvttps2pi
X86_64_LINUX	1286	andps
X86_64_LINUX	1287	divps
X86_64_LINUX	1288	maxps
X86_64_LINUX	1289	minps
X86_64_LINUX	1290	mulps
X86_64_LINUX	1291	pavgb
X86_64_LINUX	1292	pavgw
X86_64_LINUX	1293	pmaxsw
X86_64_LINUX	1294	pmaxub
X86_64_LINUX	1295	pminsw
X86_64_LINUX	1296	pminub
X86_64_LINUX	1297	rcpss
X86_64_LINUX	1298	rsqrtps
X86_64_LINUX	1299	sqrtps
X86_64_LINUX	1300	sqrtss
X86_64_LINUX	1301	subps
X86_64_LINUX	1302	andpd
X86_64_LINUX	1303	sqrtsd
X86_64_LINUX	1304	movnti
X86_64_LINUX	1305	movntil
X86_64_LINUX	1306	movntiq
X86_64_LINUX	1307	prefetchnta
X86_64_LINUX	1308	prefetcht0
X86_64_LINUX	1309	prefetcht1
X86_64_LINUX	1310	prefetcht2
X86_64_LINUX	1311	prefetchw
X86_64_LINUX	1312	lfence
X86_64_LINUX	1313	mfence
X86_64_LINUX	1314	sfence
X86_64_LINUX	1315	clflush
X86_64_LINUX	1316	endbr64
X86_64_LINUX	FIRST_IDENTIFIER	1317
X86_64_PE	256	if
X86_64_PE	257	else
X86_64_PE	258	while
X86_64_PE	259	for
X86_64_PE	260	do
X86_64_PE	261	continue
X86_64_PE	262	break
X86_64_PE	263	return
X86_64_PE	264	goto
X86_64_PE	265	switch
X86_64_PE	266	case
X86_64_PE	267	default
X86_64_PE	268	asm
X86_64_PE	269	__asm
X86_64_PE	270	__asm__
X86_64_PE	271	extern
X86_64_PE	272	static
X86_64_PE	273	unsigned
X86_64_PE	274	_Atomic
X86_64_PE	275	const
X86_64_PE	276	__const
X86_64_PE	277	__const__
X86_64_PE	278	volatile
X86_64_PE	279	__volatile
X86_64_PE	280	__volatile__
X86_64_PE	281	register
X86_64_PE	282	signed
X86_64_PE	283	__signed
X86_64_PE	284	__signed__
X86_64_PE	285	auto
X86_64_PE	286	inline
X86_64_PE	287	__inline
X86_64_PE	288	__inline__
X86_64_PE	289	restrict
X86_64_PE	290	__restrict
X86_64_PE	291	__restrict__
X86_64_PE	292	__extension__
X86_64_PE	293	_Thread_local
X86_64_PE	294	__thread
X86_64_PE	295	_Generic
X86_64_PE	296	_Static_assert
X86_64_PE	297	void
X86_64_PE	298	char
X86_64_PE	299	int
X86_64_PE	300	float
X86_64_PE	301	double
X86_64_PE	302	_Bool
X86_64_PE	303	_Complex
X86_64_PE	304	short
X86_64_PE	305	long
X86_64_PE	306	struct
X86_64_PE	307	union
X86_64_PE	308	typedef
X86_64_PE	309	enum
X86_64_PE	310	sizeof
X86_64_PE	311	__attribute
X86_64_PE	312	__attribute__
X86_64_PE	313	__alignof
X86_64_PE	314	__alignof__
X86_64_PE	315	_Alignof
X86_64_PE	316	_Alignas
X86_64_PE	317	typeof
X86_64_PE	318	__typeof
X86_64_PE	319	__typeof__
X86_64_PE	320	__label__
X86_64_PE	321	define
X86_64_PE	322	include
X86_64_PE	323	include_next
X86_64_PE	324	ifdef
X86_64_PE	325	ifndef
X86_64_PE	326	elif
X86_64_PE	327	endif
X86_64_PE	328	defined
X86_64_PE	329	undef
X86_64_PE	330	error
X86_64_PE	331	warning
X86_64_PE	332	line
X86_64_PE	333	pragma
X86_64_PE	334	__LINE__
X86_64_PE	335	__FILE__
X86_64_PE	336	__DATE__
X86_64_PE	337	__TIME__
X86_64_PE	338	__FUNCTION__
X86_64_PE	339	__VA_ARGS__
X86_64_PE	340	__COUNTER__
X86_64_PE	341	__has_include
X86_64_PE	342	__has_include_next
X86_64_PE	343	__func__
X86_64_PE	344	__nan__
X86_64_PE	345	__snan__
X86_64_PE	346	__inf__
X86_64_PE	347	section
X86_64_PE	348	__section__
X86_64_PE	349	aligned
X86_64_PE	350	__aligned__
X86_64_PE	351	packed
X86_64_PE	352	__packed__
X86_64_PE	353	weak
X86_64_PE	354	__weak__
X86_64_PE	355	alias
X86_64_PE	356	__alias__
X86_64_PE	357	used
X86_64_PE	358	__used__
X86_64_PE	359	unused
X86_64_PE	360	__unused__
X86_64_PE	361	format
X86_64_PE	362	__format__
X86_64_PE	363	nodebug
X86_64_PE	364	__nodebug__
X86_64_PE	365	cdecl
X86_64_PE	366	__cdecl
X86_64_PE	367	__cdecl__
X86_64_PE	368	stdcall
X86_64_PE	369	__stdcall
X86_64_PE	370	__stdcall__
X86_64_PE	371	fastcall
X86_64_PE	372	__fastcall
X86_64_PE	373	__fastcall__
X86_64_PE	374	thiscall
X86_64_PE	375	__thiscall
X86_64_PE	376	__thiscall__
X86_64_PE	377	regparm
X86_64_PE	378	__regparm__
X86_64_PE	379	cleanup
X86_64_PE	380	__cleanup__
X86_64_PE	381	constructor
X86_64_PE	382	__constructor__
X86_64_PE	383	destructor
X86_64_PE	384	__destructor__
X86_64_PE	385	always_inline
X86_64_PE	386	__always_inline__
X86_64_PE	387	__noinline__
X86_64_PE	388	pure
X86_64_PE	389	__pure__
X86_64_PE	390	__mode__
X86_64_PE	391	__QI__
X86_64_PE	392	__DI__
X86_64_PE	393	__HI__
X86_64_PE	394	__SI__
X86_64_PE	395	__word__
X86_64_PE	396	dllexport
X86_64_PE	397	dllimport
X86_64_PE	398	nodecorate
X86_64_PE	399	noreturn
X86_64_PE	400	__noreturn__
X86_64_PE	401	_Noreturn
X86_64_PE	402	visibility
X86_64_PE	403	__visibility__
X86_64_PE	404	__builtin_types_compatible_p
X86_64_PE	405	__builtin_choose_expr
X86_64_PE	406	__builtin_constant_p
X86_64_PE	407	__builtin_frame_address
X86_64_PE	408	__builtin_return_address
X86_64_PE	409	__builtin_expect
X86_64_PE	410	__builtin_unreachable
X86_64_PE	411	__builtin_va_start
X86_64_PE	412	__atomic_store
X86_64_PE	413	__atomic_load
X86_64_PE	414	__atomic_exchange
X86_64_PE	415	__atomic_compare_exchange
X86_64_PE	416	__atomic_fetch_add
X86_64_PE	417	__atomic_fetch_sub
X86_64_PE	418	__atomic_fetch_or
X86_64_PE	419	__atomic_fetch_xor
X86_64_PE	420	__atomic_fetch_and
X86_64_PE	421	__atomic_fetch_nand
X86_64_PE	422	__atomic_add_fetch
X86_64_PE	423	__atomic_sub_fetch
X86_64_PE	424	__atomic_or_fetch
X86_64_PE	425	__atomic_xor_fetch
X86_64_PE	426	__atomic_and_fetch
X86_64_PE	427	__atomic_nand_fetch
X86_64_PE	428	pack
X86_64_PE	429	comment
X86_64_PE	430	lib
X86_64_PE	431	push_macro
X86_64_PE	432	pop_macro
X86_64_PE	433	once
X86_64_PE	434	option
X86_64_PE	435	memcpy
X86_64_PE	436	memmove
X86_64_PE	437	memset
X86_64_PE	438	__divdi3
X86_64_PE	439	__moddi3
X86_64_PE	440	__udivdi3
X86_64_PE	441	__umoddi3
X86_64_PE	442	__ashrdi3
X86_64_PE	443	__lshrdi3
X86_64_PE	444	__ashldi3
X86_64_PE	445	__floatundisf
X86_64_PE	446	__floatundidf
X86_64_PE	447	__floatundixf
X86_64_PE	448	__fixunsxfdi
X86_64_PE	449	__fixunssfdi
X86_64_PE	450	__fixunsdfdi
X86_64_PE	451	__fixxfdi
X86_64_PE	452	alloca
X86_64_PE	453	__chkstk
X86_64_PE	454	__tls_index
X86_64_PE	455	.byte
X86_64_PE	456	.word
X86_64_PE	457	.align
X86_64_PE	458	.balign
X86_64_PE	459	.p2align
X86_64_PE	460	.set
X86_64_PE	461	.skip
X86_64_PE	462	.space
X86_64_PE	463	.string
X86_64_PE	464	.asciz
X86_64_PE	465	.ascii
X86_64_PE	466	.file
X86_64_PE	467	.globl
X86_64_PE	468	.global
X86_64_PE	469	.weak
X86_64_PE	470	.hidden
X86_64_PE	471	.ident
X86_64_PE	472	.size
X86_64_PE	473	.type
X86_64_PE	474	.text
X86_64_PE	475	.data
X86_64_PE	476	.bss
X86_64_PE	477	.previous
X86_64_PE	478	.pushsection
X86_64_PE	479	.popsection
X86_64_PE	480	.fill
X86_64_PE	481	.rept
X86_64_PE	482	.endr
X86_64_PE	483	.org
X86_64_PE	484	.quad
X86_64_PE	485	.code64
X86_64_PE	486	.short
X86_64_PE	487	.long
X86_64_PE	488	.int
X86_64_PE	489	.symver
X86_64_PE	490	.reloc
X86_64_PE	491	.section
X86_64_PE	492	al
X86_64_PE	493	cl
X86_64_PE	494	dl
X86_64_PE	495	bl
X86_64_PE	496	ah
X86_64_PE	497	ch
X86_64_PE	498	dh
X86_64_PE	499	bh
X86_64_PE	500	ax
X86_64_PE	501	cx
X86_64_PE	502	dx
X86_64_PE	503	bx
X86_64_PE	504	sp
X86_64_PE	505	bp
X86_64_PE	506	si
X86_64_PE	507	di
X86_64_PE	508	eax
X86_64_PE	509	ecx
X86_64_PE	510	edx
X86_64_PE	511	ebx
X86_64_PE	512	esp
X86_64_PE	513	ebp
X86_64_PE	514	esi
X86_64_PE	515	edi
X86_64_PE	516	rax
X86_64_PE	517	rcx
X86_64_PE	518	rdx
X86_64_PE	519	rbx
X86_64_PE	520	rsp
X86_64_PE	521	rbp
X86_64_PE	522	rsi
X86_64_PE	523	rdi
X86_64_PE	524	mm0
X86_64_PE	525	mm1
X86_64_PE	526	mm2
X86_64_PE	527	mm3
X86_64_PE	528	mm4
X86_64_PE	529	mm5
X86_64_PE	530	mm6
X86_64_PE	531	mm7
X86_64_PE	532	xmm0
X86_64_PE	533	xmm1
X86_64_PE	534	xmm2
X86_64_PE	535	xmm3
X86_64_PE	536	xmm4
X86_64_PE	537	xmm5
X86_64_PE	538	xmm6
X86_64_PE	539	xmm7
X86_64_PE	540	cr0
X86_64_PE	541	cr1
X86_64_PE	542	cr2
X86_64_PE	543	cr3
X86_64_PE	544	cr4
X86_64_PE	545	cr5
X86_64_PE	546	cr6
X86_64_PE	547	cr7
X86_64_PE	548	tr0
X86_64_PE	549	tr1
X86_64_PE	550	tr2
X86_64_PE	551	tr3
X86_64_PE	552	tr4
X86_64_PE	553	tr5
X86_64_PE	554	tr6
X86_64_PE	555	tr7
X86_64_PE	556	db0
X86_64_PE	557	db1
X86_64_PE	558	db2
X86_64_PE	559	db3
X86_64_PE	560	db4
X86_64_PE	561	db5
X86_64_PE	562	db6
X86_64_PE	563	db7
X86_64_PE	564	dr0
X86_64_PE	565	dr1
X86_64_PE	566	dr2
X86_64_PE	567	dr3
X86_64_PE	568	dr4
X86_64_PE	569	dr5
X86_64_PE	570	dr6
X86_64_PE	571	dr7
X86_64_PE	572	es
X86_64_PE	573	cs
X86_64_PE	574	ss
X86_64_PE	575	ds
X86_64_PE	576	fs
X86_64_PE	577	gs
X86_64_PE	578	st
X86_64_PE	579	rip
X86_64_PE	580	spl
X86_64_PE	581	bpl
X86_64_PE	582	sil
X86_64_PE	583	dil
X86_64_PE	584	movb
X86_64_PE	585	movw
X86_64_PE	586	movl
X86_64_PE	587	movq
X86_64_PE	588	mov
X86_64_PE	589	addb
X86_64_PE	590	addw
X86_64_PE	591	addl
X86_64_PE	592	addq
X86_64_PE	593	add
X86_64_PE	594	orb
X86_64_PE	595	orw
X86_64_PE	596	orl
X86_64_PE	597	orq
X86_64_PE	598	or
X86_64_PE	599	adcb
X86_64_PE	600	adcw
X86_64_PE	601	adcl
X86_64_PE	602	adcq
X86_64_PE	603	adc
X86_64_PE	604	sbbb
X86_64_PE	605	sbbw
X86_64_PE	606	sbbl
X86_64_PE	607	sbbq
X86_64_PE	608	sbb
X86_64_PE	609	andb
X86_64_PE	610	andw
X86_64_PE	611	andl
X86_64_PE	612	andq
X86_64_PE	613	and
X86_64_PE	614	subb
X86_64_PE	615	subw
X86_64_PE	616	subl
X86_64_PE	617	subq
X86_64_PE	618	sub
X86_64_PE	619	xorb
X86_64_PE	620	xorw
X86_64_PE	621	xorl
X86_64_PE	622	xorq
X86_64_PE	623	xor
X86_64_PE	624	cmpb
X86_64_PE	625	cmpw
X86_64_PE	626	cmpl
X86_64_PE	627	cmpq
X86_64_PE	628	cmp
X86_64_PE	629	incb
X86_64_PE	630	incw
X86_64_PE	631	incl
X86_64_PE	632	incq
X86_64_PE	633	inc
X86_64_PE	634	decb
X86_64_PE	635	decw
X86_64_PE	636	decl
X86_64_PE	637	decq
X86_64_PE	638	dec
X86_64_PE	639	notb
X86_64_PE	640	notw
X86_64_PE	641	notl
X86_64_PE	642	notq
X86_64_PE	643	not
X86_64_PE	644	negb
X86_64_PE	645	negw
X86_64_PE	646	negl
X86_64_PE	647	negq
X86_64_PE	648	neg
X86_64_PE	649	mulb
X86_64_PE	650	mulw
X86_64_PE	651	mull
X86_64_PE	652	mulq
X86_64_PE	653	mul
X86_64_PE	654	imulb
X86_64_PE	655	imulw
X86_64_PE	656	imull
X86_64_PE	657	imulq
X86_64_PE	658	imul
X86_64_PE	659	divb
X86_64_PE	660	divw
X86_64_PE	661	divl
X86_64_PE	662	divq
X86_64_PE	663	div
X86_64_PE	664	idivb
X86_64_PE	665	idivw
X86_64_PE	666	idivl
X86_64_PE	667	idivq
X86_64_PE	668	idiv
X86_64_PE	669	xchgb
X86_64_PE	670	xchgw
X86_64_PE	671	xchgl
X86_64_PE	672	xchgq
X86_64_PE	673	xchg
X86_64_PE	674	testb
X86_64_PE	675	testw
X86_64_PE	676	testl
X86_64_PE	677	testq
X86_64_PE	678	test
X86_64_PE	679	rolb
X86_64_PE	680	rolw
X86_64_PE	681	roll
X86_64_PE	682	rolq
X86_64_PE	683	rol
X86_64_PE	684	rorb
X86_64_PE	685	rorw
X86_64_PE	686	rorl
X86_64_PE	687	rorq
X86_64_PE	688	ror
X86_64_PE	689	rclb
X86_64_PE	690	rclw
X86_64_PE	691	rcll
X86_64_PE	692	rclq
X86_64_PE	693	rcl
X86_64_PE	694	rcrb
X86_64_PE	695	rcrw
X86_64_PE	696	rcrl
X86_64_PE	697	rcrq
X86_64_PE	698	rcr
X86_64_PE	699	shlb
X86_64_PE	700	shlw
X86_64_PE	701	shll
X86_64_PE	702	shlq
X86_64_PE	703	shl
X86_64_PE	704	shrb
X86_64_PE	705	shrw
X86_64_PE	706	shrl
X86_64_PE	707	shrq
X86_64_PE	708	shr
X86_64_PE	709	sarb
X86_64_PE	710	sarw
X86_64_PE	711	sarl
X86_64_PE	712	sarq
X86_64_PE	713	sar
X86_64_PE	714	shldw
X86_64_PE	715	shldl
X86_64_PE	716	shldq
X86_64_PE	717	shld
X86_64_PE	718	shrdw
X86_64_PE	719	shrdl
X86_64_PE	720	shrdq
X86_64_PE	721	shrd
X86_64_PE	722	pushw
X86_64_PE	723	pushl
X86_64_PE	724	pushq
X86_64_PE	725	push
X86_64_PE	726	popw
X86_64_PE	727	popl
X86_64_PE	728	popq
X86_64_PE	729	pop
X86_64_PE	730	inb
X86_64_PE	731	inw
X86_64_PE	732	inl
X86_64_PE	733	in
X86_64_PE	734	outb
X86_64_PE	735	outw
X86_64_PE	736	outl
X86_64_PE	737	out
X86_64_PE	738	movzbw
X86_64_PE	739	movzbl
X86_64_PE	740	movzbq
X86_64_PE	741	movzb
X86_64_PE	742	movzwl
X86_64_PE	743	movsbw
X86_64_PE	744	movsbl
X86_64_PE	745	movswl
X86_64_PE	746	movsbq
X86_64_PE	747	movswq
X86_64_PE	748	movzwq
X86_64_PE	749	movslq
X86_64_PE	750	leaw
X86_64_PE	751	leal
X86_64_PE	752	leaq
X86_64_PE	753	lea
X86_64_PE	754	les
X86_64_PE	755	lds
X86_64_PE	756	lss
X86_64_PE	757	lfs
X86_64_PE	758	lgs
X86_64_PE	759	call
X86_64_PE	760	jmp
X86_64_PE	761	lcall
X86_64_PE	762	ljmp
X86_64_PE	763	jo
X86_64_PE	764	jno
X86_64_PE	765	jb
X86_64_PE	766	jc
X86_64_PE	767	jnae
X86_64_PE	768	jnb
X86_64_PE	769	jnc
X86_64_PE	770	jae
X86_64_PE	771	je
X86_64_PE	772	jz
X86_64_PE	773	jne
X86_64_PE	774	jnz
X86_64_PE	775	jbe
X86_64_PE	776	jna
X86_64_PE	777	jnbe
X86_64_PE	778	ja
X86_64_PE	779	js
X86_64_PE	780	jns
X86_64_PE	781	jp
X86_64_PE	782	jpe
X86_64_PE	783	jnp
X86_64_PE	784	jpo
X86_64_PE	785	jl
X86_64_PE	786	jnge
X86_64_PE	787	jnl
X86_64_PE	788	jge
X86_64_PE	789	jle
X86_64_PE	790	jng
X86_64_PE	791	jnle
X86_64_PE	792	jg
X86_64_PE	793	seto
X86_64_PE	794	setno
X86_64_PE	795	setb
X86_64_PE	796	setc
X86_64_PE	797	setnae
X86_64_PE	798	setnb
X86_64_PE	799	setnc
X86_64_PE	800	setae
X86_64_PE	801	sete
X86_64_PE	802	setz
X86_64_PE	803	setne
X86_64_PE	804	setnz
X86_64_PE	805	setbe
X86_64_PE	806	setna
X86_64_PE	807	setnbe
X86_64_PE	808	seta
X86_64_PE	809	sets
X86_64_PE	810	setns
X86_64_PE	811	setp
X86_64_PE	812	setpe
X86_64_PE	813	setnp
X86_64_PE	814	setpo
X86_64_PE	815	setl
X86_64_PE	816	setnge
X86_64_PE	817	setnl
X86_64_PE	818	setge
X86_64_PE	819	setle
X86_64_PE	820	setng
X86_64_PE	821	setnle
X86_64_PE	822	setg
X86_64_PE	823	setob
X86_64_PE	824	setnob
X86_64_PE	825	setbb
X86_64_PE	826	setcb
X86_64_PE	827	setnaeb
X86_64_PE	828	setnbb
X86_64_PE	829	setncb
X86_64_PE	830	setaeb
X86_64_PE	831	seteb
X86_64_PE	832	setzb
X86_64_PE	833	setneb
X86_64_PE	834	setnzb
X86_64_PE	835	setbeb
X86_64_PE	836	setnab
X86_64_PE	837	setnbeb
X86_64_PE	838	setab
X86_64_PE	839	setsb
X86_64_PE	840	setnsb
X86_64_PE	841	setpb
X86_64_PE	842	setpeb
X86_64_PE	843	setnpb
X86_64_PE	844	setpob
X86_64_PE	845	setlb
X86_64_PE	846	setngeb
X86_64_PE	847	setnlb
X86_64_PE	848	setgeb
X86_64_PE	849	setleb
X86_64_PE	850	setngb
X86_64_PE	851	setnleb
X86_64_PE	852	setgb
X86_64_PE	853	cmovo
X86_64_PE	854	cmovno
X86_64_PE	855	cmovb
X86_64_PE	856	cmovc
X86_64_PE	857	cmovnae
X86_64_PE	858	cmovnb
X86_64_PE	859	cmovnc
X86_64_PE	860	cmovae
X86_64_PE	861	cmove
X86_64_PE	862	cmovz
X86_64_PE	863	cmovne
X86_64_PE	864	cmovnz
X86_64_PE	865	cmovbe
X86_64_PE	866	cmovna
X86_64_PE	867	cmovnbe
X86_64_PE	868	cmova
X86_64_PE	869	cmovs
X86_64_PE	870	cmovns
X86_64_PE	871	cmovp
X86_64_PE	872	cmovpe
X86_64_PE	873	cmovnp
X86_64_PE	874	cmovpo
X86_64_PE	875	cmovl
X86_64_PE	876	cmovnge
X86_64_PE	877	cmovnl
X86_64_PE	878	cmovge
X86_64_PE	879	cmovle
X86_64_PE	880	cmovng
X86_64_PE	881	cmovnle
X86_64_PE	882	cmovg
X86_64_PE	883	bsfw
X86_64_PE	884	bsfl
X86_64_PE	885	bsfq
X86_64_PE	886	bsf
X86_64_PE	887	bsrw
X86_64_PE	888	bsrl
X86_64_PE	889	bsrq
X86_64_PE	890	bsr
X86_64_PE	891	btw
X86_64_PE	892	btl
X86_64_PE	893	btq
X86_64_PE	894	bt
X86_64_PE	895	btsw
X86_64_PE	896	btsl
X86_64_PE	897	btsq
X86_64_PE	898	bts
X86_64_PE	899	btrw
X86_64_PE	900	btrl
X86_64_PE	901	btrq
X86_64_PE	902	btr
X86_64_PE	903	btcw
X86_64_PE	904	btcl
X86_64_PE	905	btcq
X86_64_PE	906	btc
X86_64_PE	907	popcntw
X86_64_PE	908	popcntl
X86_64_PE	909	popcntq
X86_64_PE	910	popcnt
X86_64_PE	911	tzcntw
X86_64_PE	912	tzcntl
X86_64_PE	913	tzcntq
X86_64_PE	914	tzcnt
X86_64_PE	915	lzcntw
X86_64_PE	916	lzcntl
X86_64_PE	917	lzcntq
X86_64_PE	918	lzcnt
X86_64_PE	919	larw
X86_64_PE	920	larl
X86_64_PE	921	larq
X86_64_PE	922	lar
X86_64_PE	923	lslw
X86_64_PE	924	lsll
X86_64_PE	925	lslq
X86_64_PE	926	lsl
X86_64_PE	927	fadd
X86_64_PE	928	faddp
X86_64_PE	929	fadds
X86_64_PE	930	fiaddl
X86_64_PE	931	faddl
X86_64_PE	932	fiadds
X86_64_PE	933	fmul
X86_64_PE	934	fmulp
X86_64_PE	935	fmuls
X86_64_PE	936	fimull
X86_64_PE	937	fmull
X86_64_PE	938	fimuls
X86_64_PE	939	fcom
X86_64_PE	940	fcom_1
X86_64_PE	941	fcoms
X86_64_PE	942	ficoml
X86_64_PE	943	fcoml
X86_64_PE	944	ficoms
X86_64_PE	945	fcomp
X86_64_PE	946	fcompp
X86_64_PE	947	fcomps
X86_64_PE	948	ficompl
X86_64_PE	949	fcompl
X86_64_PE	950	ficomps
X86_64_PE	951	fsub
X86_64_PE	952	fsubp
X86_64_PE	953	fsubs
X86_64_PE	954	fisubl
X86_64_PE	955	fsubl
X86_64_PE	956	fisubs
X86_64_PE	957	fsubr
X86_64_PE	958	fsubrp
X86_64_PE	959	fsubrs
X86_64_PE	960	fisubrl
X86_64_PE	961	fsubrl
X86_64_PE	962	fisubrs
X86_64_PE	963	fdiv
X86_64_PE	964	fdivp
X86_64_PE	965	fdivs
X86_64_PE	966	fidivl
X86_64_PE	967	fdivl
X86_64_PE	968	fidivs
X86_64_PE	969	fdivr
X86_64_PE	970	fdivrp
X86_64_PE	971	fdivrs
X86_64_PE	972	fidivrl
X86_64_PE	973	fdivrl
X86_64_PE	974	fidivrs
X86_64_PE	975	xaddb
X86_64_PE	976	xaddw
X86_64_PE	977	xaddl
X86_64_PE	978	xaddq
X86_64_PE	979	xadd
X86_64_PE	980	cmpxchgb
X86_64_PE	981	cmpxchgw
X86_64_PE	982	cmpxchgl
X86_64_PE	983	cmpxchgq
X86_64_PE	984	cmpxchg
X86_64_PE	985	cmpsb
X86_64_PE	986	cmpsw
X86_64_PE	987	cmpsl
X86_64_PE	988	cmpsq
X86_64_PE	989	cmps
X86_64_PE	990	scmpb
X86_64_PE	991	scmpw
X86_64_PE	992	scmpl
X86_64_PE	993	scmpq
X86_64_PE	994	scmp
X86_64_PE	995	insb
X86_64_PE	996	insw
X86_64_PE	997	insl
X86_64_PE	998	ins
X86_64_PE	999	outsb
X86_64_PE	1000	outsw
X86_64_PE	1001	outsl
X86_64_PE	1002	outs
X86_64_PE	1003	lodsb
X86_64_PE	1004	lodsw
X86_64_PE	1005	lodsl
X86_64_PE	1006	lodsq
X86_64_PE	1007	lods
X86_64_PE	1008	slodb
X86_64_PE	1009	slodw
X86_64_PE	1010	slodl
X86_64_PE	1011	slodq
X86_64_PE	1012	slod
X86_64_PE	1013	movsb
X86_64_PE	1014	movsw
X86_64_PE	1015	movsl
X86_64_PE	1016	movsq
X86_64_PE	1017	movs
X86_64_PE	1018	smovb
X86_64_PE	1019	smovw
X86_64_PE	1020	smovl
X86_64_PE	1021	smovq
X86_64_PE	1022	smov
X86_64_PE	1023	scasb
X86_64_PE	1024	scasw
X86_64_PE	1025	scasl
X86_64_PE	1026	scasq
X86_64_PE	1027	scas
X86_64_PE	1028	sscab
X86_64_PE	1029	sscaw
X86_64_PE	1030	sscal
X86_64_PE	1031	sscaq
X86_64_PE	1032	ssca
X86_64_PE	1033	stosb
X86_64_PE	1034	stosw
X86_64_PE	1035	stosl
X86_64_PE	1036	stosq
X86_64_PE	1037	stos
X86_64_PE	1038	sstob
X86_64_PE	1039	sstow
X86_64_PE	1040	sstol
X86_64_PE	1041	sstoq
X86_64_PE	1042	ssto
X86_64_PE	1043	clc
X86_64_PE	1044	cld
X86_64_PE	1045	cli
X86_64_PE	1046	clts
X86_64_PE	1047	cmc
X86_64_PE	1048	lahf
X86_64_PE	1049	sahf
X86_64_PE	1050	pushfq
X86_64_PE	1051	popfq
X86_64_PE	1052	pushf
X86_64_PE	1053	popf
X86_64_PE	1054	stc
X86_64_PE	1055	std
X86_64_PE	1056	sti
X86_64_PE	1057	aaa
X86_64_PE	1058	aas
X86_64_PE	1059	daa
X86_64_PE	1060	das
X86_64_PE	1061	aad
X86_64_PE	1062	aam
X86_64_PE	1063	cbw
X86_64_PE	1064	cwd
X86_64_PE	1065	cwde
X86_64_PE	1066	cdq
X86_64_PE	1067	cbtw
X86_64_PE	1068	cwtl
X86_64_PE	1069	cwtd
X86_64_PE	1070	cltd
X86_64_PE	1071	cqto
X86_64_PE	1072	int3
X86_64_PE	1073	into
X86_64_PE	1074	iret
X86_64_PE	1075	iretw
X86_64_PE	1076	iretl
X86_64_PE	1077	iretq
X86_64_PE	1078	rsm
X86_64_PE	1079	hlt
X86_64_PE	1080	wait
X86_64_PE	1081	nop
X86_64_PE	1082	pause
X86_64_PE	1083	xlat
X86_64_PE	1084	lock
X86_64_PE	1085	rep
X86_64_PE	1086	repe
X86_64_PE	1087	repz
X86_64_PE	1088	repne
X86_64_PE	1089	repnz
X86_64_PE	1090	invd
X86_64_PE	1091	wbinvd
X86_64_PE	1092	cpuid
X86_64_PE	1093	wrmsr
X86_64_PE	1094	rdtsc
X86_64_PE	1095	rdmsr
X86_64_PE	1096	rdpmc
X86_64_PE	1097	syscall
X86_64_PE	1098	sysret
X86_64_PE	1099	ud2
X86_64_PE	1100	leave
X86_64_PE	1101	ret
X86_64_PE	1102	retq
X86_64_PE	1103	lret
X86_64_PE	1104	fucompp
X86_64_PE	1105	ftst
X86_64_PE	1106	fxam
X86_64_PE	1107	fld1
X86_64_PE	1108	fldl2t
X86_64_PE	1109	fldl2e
X86_64_PE	1110	fldpi
X86_64_PE	1111	fldlg2
X86_64_PE	1112	fldln2
X86_64_PE	1113	fldz
X86_64_PE	1114	f2xm1
X86_64_PE	1115	fyl2x
X86_64_PE	1116	fptan
X86_64_PE	1117	fpatan
X86_64_PE	1118	fxtract
X86_64_PE	1119	fprem1
X86_64_PE	1120	fdecstp
X86_64_PE	1121	fincstp
X86_64_PE	1122	fprem
X86_64_PE	1123	fyl2xp1
X86_64_PE	1124	fsqrt
X86_64_PE	1125	fsincos
X86_64_PE	1126	frndint
X86_64_PE	1127	fscale
X86_64_PE	1128	fsin
X86_64_PE	1129	fcos
X86_64_PE	1130	fchs
X86_64_PE	1131	fabs
X86_64_PE	1132	fninit
X86_64_PE	1133	fnclex
X86_64_PE	1134	fnop
X86_64_PE	1135	fwait
X86_64_PE	1136	fxch
X86_64_PE	1137	fnstsw
X86_64_PE	1138	emms
X86_64_PE	1139	vmcall
X86_64_PE	1140	vmlaunch
X86_64_PE	1141	vmresume
X86_64_PE	1142	vmxoff
X86_64_PE	1143	sysretq
X86_64_PE	1144	callq
X86_64_PE	1145	ljmpw
X86_64_PE	1146	ljmpl
X86_64_PE	1147	enter
X86_64_PE	1148	loopne
X86_64_PE	1149	loopnz
X86_64_PE	1150	loope
X86_64_PE	1151	loopz
X86_64_PE	1152	loop
X86_64_PE	1153	jecxz
X86_64_PE	1154	fld
X86_64_PE	1155	fldl
X86_64_PE	1156	flds
X86_64_PE	1157	fildl
X86_64_PE	1158	fildq
X86_64_PE	1159	fildll
X86_64_PE	1160	fldt
X86_64_PE	1161	fbld
X86_64_PE	1162	fst
X86_64_PE	1163	fstl
X86_64_PE	1164	fsts
X86_64_PE	1165	fstps
X86_64_PE	1166	fstpl
X86_64_PE	1167	fist
X86_64_PE	1168	fistp
X86_64_PE	1169	fistl
X86_64_PE	1170	fistpl
X86_64_PE	1171	fstp
X86_64_PE	1172	fistpq
X86_64_PE	1173	fistpll
X86_64_PE	1174	fstpt
X86_64_PE	1175	fbstp
X86_64_PE	1176	fucom
X86_64_PE	1177	fucomp
X86_64_PE	1178	finit
X86_64_PE	1179	fldcw
X86_64_PE	1180	fnstcw
X86_64_PE	1181	fstcw
X86_64_PE	1182	fstsw
X86_64_PE	1183	fclex
X86_64_PE	1184	fnstenv
X86_64_PE	1185	fstenv
X86_64_PE	1186	fldenv
X86_64_PE	1187	fnsave
X86_64_PE	1188	fsave
X86_64_PE	1189	frstor
X86_64_PE	1190	ffree
X86_64_PE	1191	ffreep
X86_64_PE	1192	fxsave
X86_64_PE	1193	fxrstor
X86_64_PE	1194	fxsaveq
X86_64_PE	1195	fxrstorq
X86_64_PE	1196	arpl
X86_64_PE	1197	lgdt
X86_64_PE	1198	lgdtq
X86_64_PE	1199	lidt
X86_64_PE	1200	lidtq
X86_64_PE	1201	lldt
X86_64_PE	1202	lmsw
X86_64_PE	1203	ltr
X86_64_PE	1204	sgdt
X86_64_PE	1205	sgdtq
X86_64_PE	1206	sidt
X86_64_PE	1207	sidtq
X86_64_PE	1208	sldt
X86_64_PE	1209	smsw
X86_64_PE	1210	str
X86_64_PE	1211	verr
X86_64_PE	1212	verw
X86_64_PE	1213	swapgs
X86_64_PE	1214	bswap
X86_64_PE	1215	bswapl
X86_64_PE	1216	bswapq
X86_64_PE	1217	invlpg
X86_64_PE	1218	cmpxchg8b
X86_64_PE	1219	cmpxchg16b
X86_64_PE	1220	fcmovb
X86_64_PE	1221	fcmove
X86_64_PE	1222	fcmovbe
X86_64_PE	1223	fcmovu
X86_64_PE	1224	fcmovnb
X86_64_PE	1225	fcmovne
X86_64_PE	1226	fcmovnbe
X86_64_PE	1227	fcmovnu
X86_64_PE	1228	fucomi
X86_64_PE	1229	fcomi
X86_64_PE	1230	fucomip
X86_64_PE	1231	fcomip
X86_64_PE	1232	movd
X86_64_PE	1233	packssdw
X86_64_PE	1234	packsswb
X86_64_PE	1235	packuswb
X86_64_PE	1236	paddb
X86_64_PE	1237	paddw
X86_64_PE	1238	paddd
X86_64_PE	1239	paddsb
X86_64_PE	1240	paddsw
X86_64_PE	1241	paddusb
X86_64_PE	1242	paddusw
X86_64_PE	1243	pand
X86_64_PE	1244	pandn
X86_64_PE	1245	pcmpeqb
X86_64_PE	1246	pcmpeqw
X86_64_PE	1247	pcmpeqd
X86_64_PE	1248	pcmpgtb
X86_64_PE	1249	pcmpgtw
X86_64_PE	1250	pcmpgtd
X86_64_PE	1251	pmaddwd
X86_64_PE	1252	pmulhw
X86_64_PE	1253	pmullw
X86_64_PE	1254	por
X86_64_PE	1255	psllw
X86_64_PE	1256	pslld
X86_64_PE	1257	psllq
X86_64_PE	1258	psraw
X86_64_PE	1259	psrad
X86_64_PE	1260	psrlw
X86_64_PE	1261	psrld
X86_64_PE	1262	psrlq
X86_64_PE	1263	psubb
X86_64_PE	1264	psubw
X86_64_PE	1265	psubd
X86_64_PE	1266	psubsb
X86_64_PE	1267	psubsw
X86_64_PE	1268	psubusb
X86_64_PE	1269	psubusw
X86_64_PE	1270	punpckhbw
X86_64_PE	1271	punpckhwd
X86_64_PE	1272	punpckhdq
X86_64_PE	1273	punpcklbw
X86_64_PE	1274	punpcklwd
X86_64_PE	1275	punpckldq
X86_64_PE	1276	pxor
X86_64_PE	1277	ldmxcsr
X86_64_PE	1278	stmxcsr
X86_64_PE	1279	movups
X86_64_PE	1280	movaps
X86_64_PE	1281	movhps
X86_64_PE	1282	addps
X86_64_PE	1283	cvtpi2ps
X86_64_PE	1284	cvtps2pi
X86_64_PE	1285	cvtss2si
X86_64_PE	1286	cvtsd2si
X86_64_PE	1287	cvttps2pi
X86_64_PE	1288	andps
X86_64_PE	1289	divps
X86_64_PE	1290	maxps
X86_64_PE	1291	minps
X86_64_PE	1292	mulps
X86_64_PE	1293	pavgb
X86_64_PE	1294	pavgw
X86_64_PE	1295	pmaxsw
X86_64_PE	1296	pmaxub
X86_64_PE	1297	pminsw
X86_64_PE	1298	pminub
X86_64_PE	1299	rcpss
X86_64_PE	1300	rsqrtps
X86_64_PE	1301	sqrtps
X86_64_PE	1302	sqrtss
X86_64_PE	1303	subps
X86_64_PE	1304	andpd
X86_64_PE	1305	sqrtsd
X86_64_PE	1306	movnti
X86_64_PE	1307	movntil
X86_64_PE	1308	movntiq
X86_64_PE	1309	prefetchnta
X86_64_PE	1310	prefetcht0
X86_64_PE	1311	prefetcht1
X86_64_PE	1312	prefetcht2
X86_64_PE	1313	prefetchw
X86_64_PE	1314	lfence
X86_64_PE	1315	mfence
X86_64_PE	1316	sfence
X86_64_PE	1317	clflush
X86_64_PE	1318	endbr64
X86_64_PE	FIRST_IDENTIFIER	1319
ARM_SOFT	256	if
ARM_SOFT	257	else
ARM_SOFT	258	while
ARM_SOFT	259	for
ARM_SOFT	260	do
ARM_SOFT	261	continue
ARM_SOFT	262	break
ARM_SOFT	263	return
ARM_SOFT	264	goto
ARM_SOFT	265	switch
ARM_SOFT	266	case
ARM_SOFT	267	default
ARM_SOFT	268	asm
ARM_SOFT	269	__asm
ARM_SOFT	270	__asm__
ARM_SOFT	271	extern
ARM_SOFT	272	static
ARM_SOFT	273	unsigned
ARM_SOFT	274	_Atomic
ARM_SOFT	275	const
ARM_SOFT	276	__const
ARM_SOFT	277	__const__
ARM_SOFT	278	volatile
ARM_SOFT	279	__volatile
ARM_SOFT	280	__volatile__
ARM_SOFT	281	register
ARM_SOFT	282	signed
ARM_SOFT	283	__signed
ARM_SOFT	284	__signed__
ARM_SOFT	285	auto
ARM_SOFT	286	inline
ARM_SOFT	287	__inline
ARM_SOFT	288	__inline__
ARM_SOFT	289	restrict
ARM_SOFT	290	__restrict
ARM_SOFT	291	__restrict__
ARM_SOFT	292	__extension__
ARM_SOFT	293	_Thread_local
ARM_SOFT	294	__thread
ARM_SOFT	295	_Generic
ARM_SOFT	296	_Static_assert
ARM_SOFT	297	void
ARM_SOFT	298	char
ARM_SOFT	299	int
ARM_SOFT	300	float
ARM_SOFT	301	double
ARM_SOFT	302	_Bool
ARM_SOFT	303	_Complex
ARM_SOFT	304	short
ARM_SOFT	305	long
ARM_SOFT	306	struct
ARM_SOFT	307	union
ARM_SOFT	308	typedef
ARM_SOFT	309	enum
ARM_SOFT	310	sizeof
ARM_SOFT	311	__attribute
ARM_SOFT	312	__attribute__
ARM_SOFT	313	__alignof
ARM_SOFT	314	__alignof__
ARM_SOFT	315	_Alignof
ARM_SOFT	316	_Alignas
ARM_SOFT	317	typeof
ARM_SOFT	318	__typeof
ARM_SOFT	319	__typeof__
ARM_SOFT	320	__label__
ARM_SOFT	321	define
ARM_SOFT	322	include
ARM_SOFT	323	include_next
ARM_SOFT	324	ifdef
ARM_SOFT	325	ifndef
ARM_SOFT	326	elif
ARM_SOFT	327	endif
ARM_SOFT	328	defined
ARM_SOFT	329	undef
ARM_SOFT	330	error
ARM_SOFT	331	warning
ARM_SOFT	332	line
ARM_SOFT	333	pragma
ARM_SOFT	334	__LINE__
ARM_SOFT	335	__FILE__
ARM_SOFT	336	__DATE__
ARM_SOFT	337	__TIME__
ARM_SOFT	338	__FUNCTION__
ARM_SOFT	339	__VA_ARGS__
ARM_SOFT	340	__COUNTER__
ARM_SOFT	341	__has_include
ARM_SOFT	342	__has_include_next
ARM_SOFT	343	__func__
ARM_SOFT	344	__nan__
ARM_SOFT	345	__snan__
ARM_SOFT	346	__inf__
ARM_SOFT	347	section
ARM_SOFT	348	__section__
ARM_SOFT	349	aligned
ARM_SOFT	350	__aligned__
ARM_SOFT	351	packed
ARM_SOFT	352	__packed__
ARM_SOFT	353	weak
ARM_SOFT	354	__weak__
ARM_SOFT	355	alias
ARM_SOFT	356	__alias__
ARM_SOFT	357	used
ARM_SOFT	358	__used__
ARM_SOFT	359	unused
ARM_SOFT	360	__unused__
ARM_SOFT	361	format
ARM_SOFT	362	__format__
ARM_SOFT	363	nodebug
ARM_SOFT	364	__nodebug__
ARM_SOFT	365	cdecl
ARM_SOFT	366	__cdecl
ARM_SOFT	367	__cdecl__
ARM_SOFT	368	stdcall
ARM_SOFT	369	__stdcall
ARM_SOFT	370	__stdcall__
ARM_SOFT	371	fastcall
ARM_SOFT	372	__fastcall
ARM_SOFT	373	__fastcall__
ARM_SOFT	374	thiscall
ARM_SOFT	375	__thiscall
ARM_SOFT	376	__thiscall__
ARM_SOFT	377	regparm
ARM_SOFT	378	__regparm__
ARM_SOFT	379	cleanup
ARM_SOFT	380	__cleanup__
ARM_SOFT	381	constructor
ARM_SOFT	382	__constructor__
ARM_SOFT	383	destructor
ARM_SOFT	384	__destructor__
ARM_SOFT	385	always_inline
ARM_SOFT	386	__always_inline__
ARM_SOFT	387	__noinline__
ARM_SOFT	388	pure
ARM_SOFT	389	__pure__
ARM_SOFT	390	__mode__
ARM_SOFT	391	__QI__
ARM_SOFT	392	__DI__
ARM_SOFT	393	__HI__
ARM_SOFT	394	__SI__
ARM_SOFT	395	__word__
ARM_SOFT	396	dllexport
ARM_SOFT	397	dllimport
ARM_SOFT	398	nodecorate
ARM_SOFT	399	noreturn
ARM_SOFT	400	__noreturn__
ARM_SOFT	401	_Noreturn
ARM_SOFT	402	visibility
ARM_SOFT	403	__visibility__
ARM_SOFT	404	__builtin_types_compatible_p
ARM_SOFT	405	__builtin_choose_expr
ARM_SOFT	406	__builtin_constant_p
ARM_SOFT	407	__builtin_frame_address
ARM_SOFT	408	__builtin_return_address
ARM_SOFT	409	__builtin_expect
ARM_SOFT	410	__builtin_unreachable
ARM_SOFT	411	__atomic_store
ARM_SOFT	412	__atomic_load
ARM_SOFT	413	__atomic_exchange
ARM_SOFT	414	__atomic_compare_exchange
ARM_SOFT	415	__atomic_fetch_add
ARM_SOFT	416	__atomic_fetch_sub
ARM_SOFT	417	__atomic_fetch_or
ARM_SOFT	418	__atomic_fetch_xor
ARM_SOFT	419	__atomic_fetch_and
ARM_SOFT	420	__atomic_fetch_nand
ARM_SOFT	421	__atomic_add_fetch
ARM_SOFT	422	__atomic_sub_fetch
ARM_SOFT	423	__atomic_or_fetch
ARM_SOFT	424	__atomic_xor_fetch
ARM_SOFT	425	__atomic_and_fetch
ARM_SOFT	426	__atomic_nand_fetch
ARM_SOFT	427	pack
ARM_SOFT	428	comment
ARM_SOFT	429	lib
ARM_SOFT	430	push_macro
ARM_SOFT	431	pop_macro
ARM_SOFT	432	once
ARM_SOFT	433	option
ARM_SOFT	434	memcpy
ARM_SOFT	435	memmove
ARM_SOFT	436	memset
ARM_SOFT	437	__divdi3
ARM_SOFT	438	__moddi3
ARM_SOFT	439	__udivdi3
ARM_SOFT	440	__umoddi3
ARM_SOFT	441	__ashrdi3
ARM_SOFT	442	__lshrdi3
ARM_SOFT	443	__ashldi3
ARM_SOFT	444	__floatundisf
ARM_SOFT	445	__floatundidf
ARM_SOFT	446	__floatundixf
ARM_SOFT	447	__fixunsxfdi
ARM_SOFT	448	__fixunssfdi
ARM_SOFT	449	__fixunsdfdi
ARM_SOFT	450	__modsi3
ARM_SOFT	451	__umodsi3
ARM_SOFT	452	__divsi3
ARM_SOFT	453	__udivsi3
ARM_SOFT	454	__floatdisf
ARM_SOFT	455	__floatdidf
ARM_SOFT	456	__floatdixf
ARM_SOFT	457	__fixunssfsi
ARM_SOFT	458	__fixunsdfsi
ARM_SOFT	459	__fixunsxfsi
ARM_SOFT	460	__fixxfdi
ARM_SOFT	461	__fixsfdi
ARM_SOFT	462	__fixdfdi
ARM_SOFT	463	alloca
ARM_SOFT	464	.byte
ARM_SOFT	465	.word
ARM_SOFT	466	.align
ARM_SOFT	467	.balign
ARM_SOFT	468	.p2align
ARM_SOFT	469	.set
ARM_SOFT	470	.skip
ARM_SOFT	471	.space
ARM_SOFT	472	.string
ARM_SOFT	473	.asciz
ARM_SOFT	474	.ascii
ARM_SOFT	475	.file
ARM_SOFT	476	.globl
ARM_SOFT	477	.global
ARM_SOFT	478	.weak
ARM_SOFT	479	.hidden
ARM_SOFT	480	.ident
ARM_SOFT	481	.size
ARM_SOFT	482	.type
ARM_SOFT	483	.text
ARM_SOFT	484	.data
ARM_SOFT	485	.bss
ARM_SOFT	486	.previous
ARM_SOFT	487	.pushsection
ARM_SOFT	488	.popsection
ARM_SOFT	489	.fill
ARM_SOFT	490	.rept
ARM_SOFT	491	.endr
ARM_SOFT	492	.org
ARM_SOFT	493	.quad
ARM_SOFT	494	.code16
ARM_SOFT	495	.code32
ARM_SOFT	496	.short
ARM_SOFT	497	.long
ARM_SOFT	498	.int
ARM_SOFT	499	.symver
ARM_SOFT	500	.reloc
ARM_SOFT	501	.section
ARM_SOFT	502	r0
ARM_SOFT	503	r1
ARM_SOFT	504	r2
ARM_SOFT	505	r3
ARM_SOFT	506	r4
ARM_SOFT	507	r5
ARM_SOFT	508	r6
ARM_SOFT	509	r7
ARM_SOFT	510	r8
ARM_SOFT	511	r9
ARM_SOFT	512	r10
ARM_SOFT	513	r11
ARM_SOFT	514	r12
ARM_SOFT	515	r13
ARM_SOFT	516	r14
ARM_SOFT	517	r15
ARM_SOFT	518	a1
ARM_SOFT	519	a2
ARM_SOFT	520	a3
ARM_SOFT	521	a4
ARM_SOFT	522	v1
ARM_SOFT	523	v2
ARM_SOFT	524	v3
ARM_SOFT	525	v4
ARM_SOFT	526	v5
ARM_SOFT	527	v6
ARM_SOFT	528	v7
ARM_SOFT	529	v8
ARM_SOFT	530	sb
ARM_SOFT	531	sl
ARM_SOFT	532	fp
ARM_SOFT	533	ip
ARM_SOFT	534	sp
ARM_SOFT	535	lr
ARM_SOFT	536	pc
ARM_SOFT	537	p0
ARM_SOFT	538	p1
ARM_SOFT	539	p2
ARM_SOFT	540	p3
ARM_SOFT	541	p4
ARM_SOFT	542	p5
ARM_SOFT	543	p6
ARM_SOFT	544	p7
ARM_SOFT	545	p8
ARM_SOFT	546	p9
ARM_SOFT	547	p10
ARM_SOFT	548	p11
ARM_SOFT	549	p12
ARM_SOFT	550	p13
ARM_SOFT	551	p14
ARM_SOFT	552	p15
ARM_SOFT	553	c0
ARM_SOFT	554	c1
ARM_SOFT	555	c2
ARM_SOFT	556	c3
ARM_SOFT	557	c4
ARM_SOFT	558	c5
ARM_SOFT	559	c6
ARM_SOFT	560	c7
ARM_SOFT	561	c8
ARM_SOFT	562	c9
ARM_SOFT	563	c10
ARM_SOFT	564	c11
ARM_SOFT	565	c12
ARM_SOFT	566	c13
ARM_SOFT	567	c14
ARM_SOFT	568	c15
ARM_SOFT	569	s0
ARM_SOFT	570	s1
ARM_SOFT	571	s2
ARM_SOFT	572	s3
ARM_SOFT	573	s4
ARM_SOFT	574	s5
ARM_SOFT	575	s6
ARM_SOFT	576	s7
ARM_SOFT	577	s8
ARM_SOFT	578	s9
ARM_SOFT	579	s10
ARM_SOFT	580	s11
ARM_SOFT	581	s12
ARM_SOFT	582	s13
ARM_SOFT	583	s14
ARM_SOFT	584	s15
ARM_SOFT	585	s16
ARM_SOFT	586	s17
ARM_SOFT	587	s18
ARM_SOFT	588	s19
ARM_SOFT	589	s20
ARM_SOFT	590	s21
ARM_SOFT	591	s22
ARM_SOFT	592	s23
ARM_SOFT	593	s24
ARM_SOFT	594	s25
ARM_SOFT	595	s26
ARM_SOFT	596	s27
ARM_SOFT	597	s28
ARM_SOFT	598	s29
ARM_SOFT	599	s30
ARM_SOFT	600	s31
ARM_SOFT	601	d0
ARM_SOFT	602	d1
ARM_SOFT	603	d2
ARM_SOFT	604	d3
ARM_SOFT	605	d4
ARM_SOFT	606	d5
ARM_SOFT	607	d6
ARM_SOFT	608	d7
ARM_SOFT	609	d8
ARM_SOFT	610	d9
ARM_SOFT	611	d10
ARM_SOFT	612	d11
ARM_SOFT	613	d12
ARM_SOFT	614	d13
ARM_SOFT	615	d14
ARM_SOFT	616	d15
ARM_SOFT	617	fpsid
ARM_SOFT	618	fpscr
ARM_SOFT	619	fpexc
ARM_SOFT	620	apsr_nzcv
ARM_SOFT	621	asl
ARM_SOFT	622	cdp2
ARM_SOFT	623	ldc2
ARM_SOFT	624	ldc2l
ARM_SOFT	625	stc2
ARM_SOFT	626	stc2l
ARM_SOFT	627	nopeq
ARM_SOFT	628	nopne
ARM_SOFT	629	nopcs
ARM_SOFT	630	nopcc
ARM_SOFT	631	nopmi
ARM_SOFT	632	noppl
ARM_SOFT	633	nopvs
ARM_SOFT	634	nopvc
ARM_SOFT	635	nophi
ARM_SOFT	636	nopls
ARM_SOFT	637	nopge
ARM_SOFT	638	noplt
ARM_SOFT	639	nopgt
ARM_SOFT	640	nople
ARM_SOFT	641	nop
ARM_SOFT	642	noprsvd
ARM_SOFT	643	wfeeq
ARM_SOFT	644	wfene
ARM_SOFT	645	wfecs
ARM_SOFT	646	wfecc
ARM_SOFT	647	wfemi
ARM_SOFT	648	wfepl
ARM_SOFT	649	wfevs
ARM_SOFT	650	wfevc
ARM_SOFT	651	wfehi
ARM_SOFT	652	wfels
ARM_SOFT	653	wfege
ARM_SOFT	654	wfelt
ARM_SOFT	655	wfegt
ARM_SOFT	656	wfele
ARM_SOFT	657	wfe
ARM_SOFT	658	wfersvd
ARM_SOFT	659	wfieq
ARM_SOFT	660	wfine
ARM_SOFT	661	wfics
ARM_SOFT	662	wficc
ARM_SOFT	663	wfimi
ARM_SOFT	664	wfipl
ARM_SOFT	665	wfivs
ARM_SOFT	666	wfivc
ARM_SOFT	667	wfihi
ARM_SOFT	668	wfils
ARM_SOFT	669	wfige
ARM_SOFT	670	wfilt
ARM_SOFT	671	wfigt
ARM_SOFT	672	wfile
ARM_SOFT	673	wfi
ARM_SOFT	674	wfirsvd
ARM_SOFT	675	swieq
ARM_SOFT	676	swine
ARM_SOFT	677	swics
ARM_SOFT	678	swicc
ARM_SOFT	679	swimi
ARM_SOFT	680	swipl
ARM_SOFT	681	swivs
ARM_SOFT	682	swivc
ARM_SOFT	683	swihi
ARM_SOFT	684	swils
ARM_SOFT	685	swige
ARM_SOFT	686	swilt
ARM_SOFT	687	swigt
ARM_SOFT	688	swile
ARM_SOFT	689	swi
ARM_SOFT	690	swirsvd
ARM_SOFT	691	svceq
ARM_SOFT	692	svcne
ARM_SOFT	693	svccs
ARM_SOFT	694	svccc
ARM_SOFT	695	svcmi
ARM_SOFT	696	svcpl
ARM_SOFT	697	svcvs
ARM_SOFT	698	svcvc
ARM_SOFT	699	svchi
ARM_SOFT	700	svcls
ARM_SOFT	701	svcge
ARM_SOFT	702	svclt
ARM_SOFT	703	svcgt
ARM_SOFT	704	svcle
ARM_SOFT	705	svc
ARM_SOFT	706	svcrsvd
ARM_SOFT	707	clzeq
ARM_SOFT	708	clzne
ARM_SOFT	709	clzcs
ARM_SOFT	710	clzcc
ARM_SOFT	711	clzmi
ARM_SOFT	712	clzpl
ARM_SOFT	713	clzvs
ARM_SOFT	714	clzvc
ARM_SOFT	715	clzhi
ARM_SOFT	716	clzls
ARM_SOFT	717	clzge
ARM_SOFT	718	clzlt
ARM_SOFT	719	clzgt
ARM_SOFT	720	clzle
ARM_SOFT	721	clz
ARM_SOFT	722	clzrsvd
ARM_SOFT	723	sxtbeq
ARM_SOFT	724	sxtbne
ARM_SOFT	725	sxtbcs
ARM_SOFT	726	sxtbcc
ARM_SOFT	727	sxtbmi
ARM_SOFT	728	sxtbpl
ARM_SOFT	729	sxtbvs
ARM_SOFT	730	sxtbvc
ARM_SOFT	731	sxtbhi
ARM_SOFT	732	sxtbls
ARM_SOFT	733	sxtbge
ARM_SOFT	734	sxtblt
ARM_SOFT	735	sxtbgt
ARM_SOFT	736	sxtble
ARM_SOFT	737	sxtb
ARM_SOFT	738	sxtbrsvd
ARM_SOFT	739	sxtheq
ARM_SOFT	740	sxthne
ARM_SOFT	741	sxthcs
ARM_SOFT	742	sxthcc
ARM_SOFT	743	sxthmi
ARM_SOFT	744	sxthpl
ARM_SOFT	745	sxthvs
ARM_SOFT	746	sxthvc
ARM_SOFT	747	sxthhi
ARM_SOFT	748	sxthls
ARM_SOFT	749	sxthge
ARM_SOFT	750	sxthlt
ARM_SOFT	751	sxthgt
ARM_SOFT	752	sxthle
ARM_SOFT	753	sxth
ARM_SOFT	754	sxthrsvd
ARM_SOFT	755	uxtbeq
ARM_SOFT	756	uxtbne
ARM_SOFT	757	uxtbcs
ARM_SOFT	758	uxtbcc
ARM_SOFT	759	uxtbmi
ARM_SOFT	760	uxtbpl
ARM_SOFT	761	uxtbvs
ARM_SOFT	762	uxtbvc
ARM_SOFT	763	uxtbhi
ARM_SOFT	764	uxtbls
ARM_SOFT	765	uxtbge
ARM_SOFT	766	uxtblt
ARM_SOFT	767	uxtbgt
ARM_SOFT	768	uxtble
ARM_SOFT	769	uxtb
ARM_SOFT	770	uxtbrsvd
ARM_SOFT	771	uxtheq
ARM_SOFT	772	uxthne
ARM_SOFT	773	uxthcs
ARM_SOFT	774	uxthcc
ARM_SOFT	775	uxthmi
ARM_SOFT	776	uxthpl
ARM_SOFT	777	uxthvs
ARM_SOFT	778	uxthvc
ARM_SOFT	779	uxthhi
ARM_SOFT	780	uxthls
ARM_SOFT	781	uxthge
ARM_SOFT	782	uxthlt
ARM_SOFT	783	uxthgt
ARM_SOFT	784	uxthle
ARM_SOFT	785	uxth
ARM_SOFT	786	uxthrsvd
ARM_SOFT	787	movteq
ARM_SOFT	788	movtne
ARM_SOFT	789	movtcs
ARM_SOFT	790	movtcc
ARM_SOFT	791	movtmi
ARM_SOFT	792	movtpl
ARM_SOFT	793	movtvs
ARM_SOFT	794	movtvc
ARM_SOFT	795	movthi
ARM_SOFT	796	movtls
ARM_SOFT	797	movtge
ARM_SOFT	798	movtlt
ARM_SOFT	799	movtgt
ARM_SOFT	800	movtle
ARM_SOFT	801	movt
ARM_SOFT	802	movtrsvd
ARM_SOFT	803	movweq
ARM_SOFT	804	movwne
ARM_SOFT	805	movwcs
ARM_SOFT	806	movwcc
ARM_SOFT	807	movwmi
ARM_SOFT	808	movwpl
ARM_SOFT	809	movwvs
ARM_SOFT	810	movwvc
ARM_SOFT	811	movwhi
ARM_SOFT	812	movwls
ARM_SOFT	813	movwge
ARM_SOFT	814	movwlt
ARM_SOFT	815	movwgt
ARM_SOFT	816	movwle
ARM_SOFT	817	movw
ARM_SOFT	818	movwrsvd
ARM_SOFT	819	muleq
ARM_SOFT	820	mulne
ARM_SOFT	821	mulcs
ARM_SOFT	822	mulcc
ARM_SOFT	823	mulmi
ARM_SOFT	824	mulpl
ARM_SOFT	825	mulvs
ARM_SOFT	826	mulvc
ARM_SOFT	827	mulhi
ARM_SOFT	828	mulls
ARM_SOFT	829	mulge
ARM_SOFT	830	mullt
ARM_SOFT	831	mulgt
ARM_SOFT	832	mulle
ARM_SOFT	833	mul
ARM_SOFT	834	mulrsvd
ARM_SOFT	835	mulseq
ARM_SOFT	836	mulsne
ARM_SOFT	837	mulscs
ARM_SOFT	838	mulscc
ARM_SOFT	839	mulsmi
ARM_SOFT	840	mulspl
ARM_SOFT	841	mulsvs
ARM_SOFT	842	mulsvc
ARM_SOFT	843	mulshi
ARM_SOFT	844	mulsls
ARM_SOFT	845	mulsge
ARM_SOFT	846	mulslt
ARM_SOFT	847	mulsgt
ARM_SOFT	848	mulsle
ARM_SOFT	849	muls
ARM_SOFT	850	mulsrsvd
ARM_SOFT	851	mlaeq
ARM_SOFT	852	mlane
ARM_SOFT	853	mlacs
ARM_SOFT	854	mlacc
ARM_SOFT	855	mlami
ARM_SOFT	856	mlapl
ARM_SOFT	857	mlavs
ARM_SOFT	858	mlavc
ARM_SOFT	859	mlahi
ARM_SOFT	860	mlals
ARM_SOFT	861	mlage
ARM_SOFT	862	mlalt
ARM_SOFT	863	mlagt
ARM_SOFT	864	mlale
ARM_SOFT	865	mla
ARM_SOFT	866	mlarsvd
ARM_SOFT	867	mlaseq
ARM_SOFT	868	mlasne
ARM_SOFT	869	mlascs
ARM_SOFT	870	mlascc
ARM_SOFT	871	mlasmi
ARM_SOFT	872	mlaspl
ARM_SOFT	873	mlasvs
ARM_SOFT	874	mlasvc
ARM_SOFT	875	mlashi
ARM_SOFT	876	mlasls
ARM_SOFT	877	mlasge
ARM_SOFT	878	mlaslt
ARM_SOFT	879	mlasgt
ARM_SOFT	880	mlasle
ARM_SOFT	881	mlas
ARM_SOFT	882	mlasrsvd
ARM_SOFT	883	smulleq
ARM_SOFT	884	smullne
ARM_SOFT	885	smullcs
ARM_SOFT	886	smullcc
ARM_SOFT	887	smullmi
ARM_SOFT	888	smullpl
ARM_SOFT	889	smullvs
ARM_SOFT	890	smullvc
ARM_SOFT	891	smullhi
ARM_SOFT	892	smullls
ARM_SOFT	893	smullge
ARM_SOFT	894	smulllt
ARM_SOFT	895	smullgt
ARM_SOFT	896	smullle
ARM_SOFT	897	smull
ARM_SOFT	898	smullrsvd
ARM_SOFT	899	smullseq
ARM_SOFT	900	smullsne
ARM_SOFT	901	smullscs
ARM_SOFT	902	smullscc
ARM_SOFT	903	smullsmi
ARM_SOFT	904	smullspl
ARM_SOFT	905	smullsvs
ARM_SOFT	906	smullsvc
ARM_SOFT	907	smullshi
ARM_SOFT	908	smullsls
ARM_SOFT	909	smullsge
ARM_SOFT	910	smullslt
ARM_SOFT	911	smullsgt
ARM_SOFT	912	smullsle
ARM_SOFT	913	smulls
ARM_SOFT	914	smullsrsvd
ARM_SOFT	915	umulleq
ARM_SOFT	916	umullne
ARM_SOFT	917	umullcs
ARM_SOFT	918	umullcc
ARM_SOFT	919	umullmi
ARM_SOFT	920	umullpl
ARM_SOFT	921	umullvs
ARM_SOFT	922	umullvc
ARM_SOFT	923	umullhi
ARM_SOFT	924	umullls
ARM_SOFT	925	umullge
ARM_SOFT	926	umulllt
ARM_SOFT	927	umullgt
ARM_SOFT	928	umullle
ARM_SOFT	929	umull
ARM_SOFT	930	umullrsvd
ARM_SOFT	931	umullseq
ARM_SOFT	932	umullsne
ARM_SOFT	933	umullscs
ARM_SOFT	934	umullscc
ARM_SOFT	935	umullsmi
ARM_SOFT	936	umullspl
ARM_SOFT	937	umullsvs
ARM_SOFT	938	umullsvc
ARM_SOFT	939	umullshi
ARM_SOFT	940	umullsls
ARM_SOFT	941	umullsge
ARM_SOFT	942	umullslt
ARM_SOFT	943	umullsgt
ARM_SOFT	944	umullsle
ARM_SOFT	945	umulls
ARM_SOFT	946	umullsrsvd
ARM_SOFT	947	smlaleq
ARM_SOFT	948	smlalne
ARM_SOFT	949	smlalcs
ARM_SOFT	950	smlalcc
ARM_SOFT	951	smlalmi
ARM_SOFT	952	smlalpl
ARM_SOFT	953	smlalvs
ARM_SOFT	954	smlalvc
ARM_SOFT	955	smlalhi
ARM_SOFT	956	smlalls
ARM_SOFT	957	smlalge
ARM_SOFT	958	smlallt
ARM_SOFT	959	smlalgt
ARM_SOFT	960	smlalle
ARM_SOFT	961	smlal
ARM_SOFT	962	smlalrsvd
ARM_SOFT	963	smlalseq
ARM_SOFT	964	smlalsne
ARM_SOFT	965	smlalscs
ARM_SOFT	966	smlalscc
ARM_SOFT	967	smlalsmi
ARM_SOFT	968	smlalspl
ARM_SOFT	969	smlalsvs
ARM_SOFT	970	smlalsvc
ARM_SOFT	971	smlalshi
ARM_SOFT	972	smlalsls
ARM_SOFT	973	smlalsge
ARM_SOFT	974	smlalslt
ARM_SOFT	975	smlalsgt
ARM_SOFT	976	smlalsle
ARM_SOFT	977	smlals
ARM_SOFT	978	smlalsrsvd
ARM_SOFT	979	umlaleq
ARM_SOFT	980	umlalne
ARM_SOFT	981	umlalcs
ARM_SOFT	982	umlalcc
ARM_SOFT	983	umlalmi
ARM_SOFT	984	umlalpl
ARM_SOFT	985	umlalvs
ARM_SOFT	986	umlalvc
ARM_SOFT	987	umlalhi
ARM_SOFT	988	umlalls
ARM_SOFT	989	umlalge
ARM_SOFT	990	umlallt
ARM_SOFT	991	umlalgt
ARM_SOFT	992	umlalle
ARM_SOFT	993	umlal
ARM_SOFT	994	umlalrsvd
ARM_SOFT	995	umlalseq
ARM_SOFT	996	umlalsne
ARM_SOFT	997	umlalscs
ARM_SOFT	998	umlalscc
ARM_SOFT	999	umlalsmi
ARM_SOFT	1000	umlalspl
ARM_SOFT	1001	umlalsvs
ARM_SOFT	1002	umlalsvc
ARM_SOFT	1003	umlalshi
ARM_SOFT	1004	umlalsls
ARM_SOFT	1005	umlalsge
ARM_SOFT	1006	umlalslt
ARM_SOFT	1007	umlalsgt
ARM_SOFT	1008	umlalsle
ARM_SOFT	1009	umlals
ARM_SOFT	1010	umlalsrsvd
ARM_SOFT	1011	mlseq
ARM_SOFT	1012	mlsne
ARM_SOFT	1013	mlscs
ARM_SOFT	1014	mlscc
ARM_SOFT	1015	mlsmi
ARM_SOFT	1016	mlspl
ARM_SOFT	1017	mlsvs
ARM_SOFT	1018	mlsvc
ARM_SOFT	1019	mlshi
ARM_SOFT	1020	mlsls
ARM_SOFT	1021	mlsge
ARM_SOFT	1022	mlslt
ARM_SOFT	1023	mlsgt
ARM_SOFT	1024	mlsle
ARM_SOFT	1025	mls
ARM_SOFT	1026	mlsrsvd
ARM_SOFT	1027	udiveq
ARM_SOFT	1028	udivne
ARM_SOFT	1029	udivcs
ARM_SOFT	1030	udivcc
ARM_SOFT	1031	udivmi
ARM_SOFT	1032	udivpl
ARM_SOFT	1033	udivvs
ARM_SOFT	1034	udivvc
ARM_SOFT	1035	udivhi
ARM_SOFT	1036	udivls
ARM_SOFT	1037	udivge
ARM_SOFT	1038	udivlt
ARM_SOFT	1039	udivgt
ARM_SOFT	1040	udivle
ARM_SOFT	1041	udiv
ARM_SOFT	1042	udivrsvd
ARM_SOFT	1043	sdiveq
ARM_SOFT	1044	sdivne
ARM_SOFT	1045	sdivcs
ARM_SOFT	1046	sdivcc
ARM_SOFT	1047	sdivmi
ARM_SOFT	1048	sdivpl
ARM_SOFT	1049	sdivvs
ARM_SOFT	1050	sdivvc
ARM_SOFT	1051	sdivhi
ARM_SOFT	1052	sdivls
ARM_SOFT	1053	sdivge
ARM_SOFT	1054	sdivlt
ARM_SOFT	1055	sdivgt
ARM_SOFT	1056	sdivle
ARM_SOFT	1057	sdiv
ARM_SOFT	1058	sdivrsvd
ARM_SOFT	1059	ldreq
ARM_SOFT	1060	ldrne
ARM_SOFT	1061	ldrcs
ARM_SOFT	1062	ldrcc
ARM_SOFT	1063	ldrmi
ARM_SOFT	1064	ldrpl
ARM_SOFT	1065	ldrvs
ARM_SOFT	1066	ldrvc
ARM_SOFT	1067	ldrhi
ARM_SOFT	1068	ldrls
ARM_SOFT	1069	ldrge
ARM_SOFT	1070	ldrlt
ARM_SOFT	1071	ldrgt
ARM_SOFT	1072	ldrle
ARM_SOFT	1073	ldr
ARM_SOFT	1074	ldrrsvd
ARM_SOFT	1075	ldrbeq
ARM_SOFT	1076	ldrbne
ARM_SOFT	1077	ldrbcs
ARM_SOFT	1078	ldrbcc
ARM_SOFT	1079	ldrbmi
ARM_SOFT	1080	ldrbpl
ARM_SOFT	1081	ldrbvs
ARM_SOFT	1082	ldrbvc
ARM_SOFT	1083	ldrbhi
ARM_SOFT	1084	ldrbls
ARM_SOFT	1085	ldrbge
ARM_SOFT	1086	ldrblt
ARM_SOFT	1087	ldrbgt
ARM_SOFT	1088	ldrble
ARM_SOFT	1089	ldrb
ARM_SOFT	1090	ldrbrsvd
ARM_SOFT	1091	streq
ARM_SOFT	1092	strne
ARM_SOFT	1093	strcs
ARM_SOFT	1094	strcc
ARM_SOFT	1095	strmi
ARM_SOFT	1096	strpl
ARM_SOFT	1097	strvs
ARM_SOFT	1098	strvc
ARM_SOFT	1099	strhi
ARM_SOFT	1100	strls
ARM_SOFT	1101	strge
ARM_SOFT	1102	strlt
ARM_SOFT	1103	strgt
ARM_SOFT	1104	strle
ARM_SOFT	1105	str
ARM_SOFT	1106	strrsvd
ARM_SOFT	1107	strbeq
ARM_SOFT	1108	strbne
ARM_SOFT	1109	strbcs
ARM_SOFT	1110	strbcc
ARM_SOFT	1111	strbmi
ARM_SOFT	1112	strbpl
ARM_SOFT	1113	strbvs
ARM_SOFT	1114	strbvc
ARM_SOFT	1115	strbhi
ARM_SOFT	1116	strbls
ARM_SOFT	1117	strbge
ARM_SOFT	1118	strblt
ARM_SOFT	1119	strbgt
ARM_SOFT	1120	strble
ARM_SOFT	1121	strb
ARM_SOFT	1122	strbrsvd
ARM_SOFT	1123	ldrexeq
ARM_SOFT	1124	ldrexne
ARM_SOFT	1125	ldrexcs
ARM_SOFT	1126	ldrexcc
ARM_SOFT	1127	ldrexmi
ARM_SOFT	1128	ldrexpl
ARM_SOFT	1129	ldrexvs
ARM_SOFT	1130	ldrexvc
ARM_SOFT	1131	ldrexhi
ARM_SOFT	1132	ldrexls
ARM_SOFT	1133	ldrexge
ARM_SOFT	1134	ldrexlt
ARM_SOFT	1135	ldrexgt
ARM_SOFT	1136	ldrexle
ARM_SOFT	1137	ldrex
ARM_SOFT	1138	ldrexrsvd
ARM_SOFT	1139	ldrexbeq
ARM_SOFT	1140	ldrexbne
ARM_SOFT	1141	ldrexbcs
ARM_SOFT	1142	ldrexbcc
ARM_SOFT	1143	ldrexbmi
ARM_SOFT	1144	ldrexbpl
ARM_SOFT	1145	ldrexbvs
ARM_SOFT	1146	ldrexbvc
ARM_SOFT	1147	ldrexbhi
ARM_SOFT	1148	ldrexbls
ARM_SOFT	1149	ldrexbge
ARM_SOFT	1150	ldrexblt
ARM_SOFT	1151	ldrexbgt
ARM_SOFT	1152	ldrexble
ARM_SOFT	1153	ldrexb
ARM_SOFT	1154	ldrexbrsvd
ARM_SOFT	1155	ldrexheq
ARM_SOFT	1156	ldrexhne
ARM_SOFT	1157	ldrexhcs
ARM_SOFT	1158	ldrexhcc
ARM_SOFT	1159	ldrexhmi
ARM_SOFT	1160	ldrexhpl
ARM_SOFT	1161	ldrexhvs
ARM_SOFT	1162	ldrexhvc
ARM_SOFT	1163	ldrexhhi
ARM_SOFT	1164	ldrexhls
ARM_SOFT	1165	ldrexhge
ARM_SOFT	1166	ldrexhlt
ARM_SOFT	1167	ldrexhgt
ARM_SOFT	1168	ldrexhle
ARM_SOFT	1169	ldrexh
ARM_SOFT	1170	ldrexhrsvd
ARM_SOFT	1171	strexeq
ARM_SOFT	1172	strexne
ARM_SOFT	1173	strexcs
ARM_SOFT	1174	strexcc
ARM_SOFT	1175	strexmi
ARM_SOFT	1176	strexpl
ARM_SOFT	1177	strexvs
ARM_SOFT	1178	strexvc
ARM_SOFT	1179	strexhi
ARM_SOFT	1180	strexls
ARM_SOFT	1181	strexge
ARM_SOFT	1182	strexlt
ARM_SOFT	1183	strexgt
ARM_SOFT	1184	strexle
ARM_SOFT	1185	strex
ARM_SOFT	1186	strexrsvd
ARM_SOFT	1187	strexbeq
ARM_SOFT	1188	strexbne
ARM_SOFT	1189	strexbcs
ARM_SOFT	1190	strexbcc
ARM_SOFT	1191	strexbmi
ARM_SOFT	1192	strexbpl
ARM_SOFT	1193	strexbvs
ARM_SOFT	1194	strexbvc
ARM_SOFT	1195	strexbhi
ARM_SOFT	1196	strexbls
ARM_SOFT	1197	strexbge
ARM_SOFT	1198	strexblt
ARM_SOFT	1199	strexbgt
ARM_SOFT	1200	strexble
ARM_SOFT	1201	strexb
ARM_SOFT	1202	strexbrsvd
ARM_SOFT	1203	strexheq
ARM_SOFT	1204	strexhne
ARM_SOFT	1205	strexhcs
ARM_SOFT	1206	strexhcc
ARM_SOFT	1207	strexhmi
ARM_SOFT	1208	strexhpl
ARM_SOFT	1209	strexhvs
ARM_SOFT	1210	strexhvc
ARM_SOFT	1211	strexhhi
ARM_SOFT	1212	strexhls
ARM_SOFT	1213	strexhge
ARM_SOFT	1214	strexhlt
ARM_SOFT	1215	strexhgt
ARM_SOFT	1216	strexhle
ARM_SOFT	1217	strexh
ARM_SOFT	1218	strexhrsvd
ARM_SOFT	1219	ldrheq
ARM_SOFT	1220	ldrhne
ARM_SOFT	1221	ldrhcs
ARM_SOFT	1222	ldrhcc
ARM_SOFT	1223	ldrhmi
ARM_SOFT	1224	ldrhpl
ARM_SOFT	1225	ldrhvs
ARM_SOFT	1226	ldrhvc
ARM_SOFT	1227	ldrhhi
ARM_SOFT	1228	ldrhls
ARM_SOFT	1229	ldrhge
ARM_SOFT	1230	ldrhlt
ARM_SOFT	1231	ldrhgt
ARM_SOFT	1232	ldrhle
ARM_SOFT	1233	ldrh
ARM_SOFT	1234	ldrhrsvd
ARM_SOFT	1235	ldrsheq
ARM_SOFT	1236	ldrshne
ARM_SOFT	1237	ldrshcs
ARM_SOFT	1238	ldrshcc
ARM_SOFT	1239	ldrshmi
ARM_SOFT	1240	ldrshpl
ARM_SOFT	1241	ldrshvs
ARM_SOFT	1242	ldrshvc
ARM_SOFT	1243	ldrshhi
ARM_SOFT	1244	ldrshls
ARM_SOFT	1245	ldrshge
ARM_SOFT	1246	ldrshlt
ARM_SOFT	1247	ldrshgt
ARM_SOFT	1248	ldrshle
ARM_SOFT	1249	ldrsh
ARM_SOFT	1250	ldrshrsvd
ARM_SOFT	1251	ldrsbeq
ARM_SOFT	1252	ldrsbne
ARM_SOFT	1253	ldrsbcs
ARM_SOFT	1254	ldrsbcc
ARM_SOFT	1255	ldrsbmi
ARM_SOFT	1256	ldrsbpl
ARM_SOFT	1257	ldrsbvs
ARM_SOFT	1258	ldrsbvc
ARM_SOFT	1259	ldrsbhi
ARM_SOFT	1260	ldrsbls
ARM_SOFT	1261	ldrsbge
ARM_SOFT	1262	ldrsblt
ARM_SOFT	1263	ldrsbgt
ARM_SOFT	1264	ldrsble
ARM_SOFT	1265	ldrsb
ARM_SOFT	1266	ldrsbrsvd
ARM_SOFT	1267	strheq
ARM_SOFT	1268	strhne
ARM_SOFT	1269	strhcs
ARM_SOFT	1270	strhcc
ARM_SOFT	1271	strhmi
ARM_SOFT	1272	strhpl
ARM_SOFT	1273	strhvs
ARM_SOFT	1274	strhvc
ARM_SOFT	1275	strhhi
ARM_SOFT	1276	strhls
ARM_SOFT	1277	strhge
ARM_SOFT	1278	strhlt
ARM_SOFT	1279	strhgt
ARM_SOFT	1280	strhle
ARM_SOFT	1281	strh
ARM_SOFT	1282	strhrsvd
ARM_SOFT	1283	stmdaeq
ARM_SOFT	1284	stmdane
ARM_SOFT	1285	stmdacs
ARM_SOFT	1286	stmdacc
ARM_SOFT	1287	stmdami
ARM_SOFT	1288	stmdapl
ARM_SOFT	1289	stmdavs
ARM_SOFT	1290	stmdavc
ARM_SOFT	1291	stmdahi
ARM_SOFT	1292	stmdals
ARM_SOFT	1293	stmdage
ARM_SOFT	1294	stmdalt
ARM_SOFT	1295	stmdagt
ARM_SOFT	1296	stmdale
ARM_SOFT	1297	stmda
ARM_SOFT	1298	stmdarsvd
ARM_SOFT	1299	ldmdaeq
ARM_SOFT	1300	ldmdane
ARM_SOFT	1301	ldmdacs
ARM_SOFT	1302	ldmdacc
ARM_SOFT	1303	ldmdami
ARM_SOFT	1304	ldmdapl
ARM_SOFT	1305	ldmdavs
ARM_SOFT	1306	ldmdavc
ARM_SOFT	1307	ldmdahi
ARM_SOFT	1308	ldmdals
ARM_SOFT	1309	ldmdage
ARM_SOFT	1310	ldmdalt
ARM_SOFT	1311	ldmdagt
ARM_SOFT	1312	ldmdale
ARM_SOFT	1313	ldmda
ARM_SOFT	1314	ldmdarsvd
ARM_SOFT	1315	stmeq
ARM_SOFT	1316	stmne
ARM_SOFT	1317	stmcs
ARM_SOFT	1318	stmcc
ARM_SOFT	1319	stmmi
ARM_SOFT	1320	stmpl
ARM_SOFT	1321	stmvs
ARM_SOFT	1322	stmvc
ARM_SOFT	1323	stmhi
ARM_SOFT	1324	stmls
ARM_SOFT	1325	stmge
ARM_SOFT	1326	stmlt
ARM_SOFT	1327	stmgt
ARM_SOFT	1328	stmle
ARM_SOFT	1329	stm
ARM_SOFT	1330	stmrsvd
ARM_SOFT	1331	ldmeq
ARM_SOFT	1332	ldmne
ARM_SOFT	1333	ldmcs
ARM_SOFT	1334	ldmcc
ARM_SOFT	1335	ldmmi
ARM_SOFT	1336	ldmpl
ARM_SOFT	1337	ldmvs
ARM_SOFT	1338	ldmvc
ARM_SOFT	1339	ldmhi
ARM_SOFT	1340	ldmls
ARM_SOFT	1341	ldmge
ARM_SOFT	1342	ldmlt
ARM_SOFT	1343	ldmgt
ARM_SOFT	1344	ldmle
ARM_SOFT	1345	ldm
ARM_SOFT	1346	ldmrsvd
ARM_SOFT	1347	stmiaeq
ARM_SOFT	1348	stmiane
ARM_SOFT	1349	stmiacs
ARM_SOFT	1350	stmiacc
ARM_SOFT	1351	stmiami
ARM_SOFT	1352	stmiapl
ARM_SOFT	1353	stmiavs
ARM_SOFT	1354	stmiavc
ARM_SOFT	1355	stmiahi
ARM_SOFT	1356	stmials
ARM_SOFT	1357	stmiage
ARM_SOFT	1358	stmialt
ARM_SOFT	1359	stmiagt
ARM_SOFT	1360	stmiale
ARM_SOFT	1361	stmia
ARM_SOFT	1362	stmiarsvd
ARM_SOFT	1363	ldmiaeq
ARM_SOFT	1364	ldmiane
ARM_SOFT	1365	ldmiacs
ARM_SOFT	1366	ldmiacc
ARM_SOFT	1367	ldmiami
ARM_SOFT	1368	ldmiapl
ARM_SOFT	1369	ldmiavs
ARM_SOFT	1370	ldmiavc
ARM_SOFT	1371	ldmiahi
ARM_SOFT	1372	ldmials
ARM_SOFT	1373	ldmiage
ARM_SOFT	1374	ldmialt
ARM_SOFT	1375	ldmiagt
ARM_SOFT	1376	ldmiale
ARM_SOFT	1377	ldmia
ARM_SOFT	1378	ldmiarsvd
ARM_SOFT	1379	stmdbeq
ARM_SOFT	1380	stmdbne
ARM_SOFT	1381	stmdbcs
ARM_SOFT	1382	stmdbcc
ARM_SOFT	1383	stmdbmi
ARM_SOFT	1384	stmdbpl
ARM_SOFT	1385	stmdbvs
ARM_SOFT	1386	stmdbvc
ARM_SOFT	1387	stmdbhi
ARM_SOFT	1388	stmdbls
ARM_SOFT	1389	stmdbge
ARM_SOFT	1390	stmdblt
ARM_SOFT	1391	stmdbgt
ARM_SOFT	1392	stmdble
ARM_SOFT	1393	stmdb
ARM_SOFT	1394	stmdbrsvd
ARM_SOFT	1395	ldmdbeq
ARM_SOFT	1396	ldmdbne
ARM_SOFT	1397	ldmdbcs
ARM_SOFT	1398	ldmdbcc
ARM_SOFT	1399	ldmdbmi
ARM_SOFT	1400	ldmdbpl
ARM_SOFT	1401	ldmdbvs
ARM_SOFT	1402	ldmdbvc
ARM_SOFT	1403	ldmdbhi
ARM_SOFT	1404	ldmdbls
ARM_SOFT	1405	ldmdbge
ARM_SOFT	1406	ldmdblt
ARM_SOFT	1407	ldmdbgt
ARM_SOFT	1408	ldmdble
ARM_SOFT	1409	ldmdb
ARM_SOFT	1410	ldmdbrsvd
ARM_SOFT	1411	stmibeq
ARM_SOFT	1412	stmibne
ARM_SOFT	1413	stmibcs
ARM_SOFT	1414	stmibcc
ARM_SOFT	1415	stmibmi
ARM_SOFT	1416	stmibpl
ARM_SOFT	1417	stmibvs
ARM_SOFT	1418	stmibvc
ARM_SOFT	1419	stmibhi
ARM_SOFT	1420	stmibls
ARM_SOFT	1421	stmibge
ARM_SOFT	1422	stmiblt
ARM_SOFT	1423	stmibgt
ARM_SOFT	1424	stmible
ARM_SOFT	1425	stmib
ARM_SOFT	1426	stmibrsvd
ARM_SOFT	1427	ldmibeq
ARM_SOFT	1428	ldmibne
ARM_SOFT	1429	ldmibcs
ARM_SOFT	1430	ldmibcc
ARM_SOFT	1431	ldmibmi
ARM_SOFT	1432	ldmibpl
ARM_SOFT	1433	ldmibvs
ARM_SOFT	1434	ldmibvc
ARM_SOFT	1435	ldmibhi
ARM_SOFT	1436	ldmibls
ARM_SOFT	1437	ldmibge
ARM_SOFT	1438	ldmiblt
ARM_SOFT	1439	ldmibgt
ARM_SOFT	1440	ldmible
ARM_SOFT	1441	ldmib
ARM_SOFT	1442	ldmibrsvd
ARM_SOFT	1443	ldceq
ARM_SOFT	1444	ldcne
ARM_SOFT	1445	ldccs
ARM_SOFT	1446	ldccc
ARM_SOFT	1447	ldcmi
ARM_SOFT	1448	ldcpl
ARM_SOFT	1449	ldcvs
ARM_SOFT	1450	ldcvc
ARM_SOFT	1451	ldchi
ARM_SOFT	1452	ldcls
ARM_SOFT	1453	ldcge
ARM_SOFT	1454	ldclt
ARM_SOFT	1455	ldcgt
ARM_SOFT	1456	ldcle
ARM_SOFT	1457	ldc
ARM_SOFT	1458	ldcrsvd
ARM_SOFT	1459	ldcleq
ARM_SOFT	1460	ldclne
ARM_SOFT	1461	ldclcs
ARM_SOFT	1462	ldclcc
ARM_SOFT	1463	ldclmi
ARM_SOFT	1464	ldclpl
ARM_SOFT	1465	ldclvs
ARM_SOFT	1466	ldclvc
ARM_SOFT	1467	ldclhi
ARM_SOFT	1468	ldclls
ARM_SOFT	1469	ldclge
ARM_SOFT	1470	ldcllt
ARM_SOFT	1471	ldclgt
ARM_SOFT	1472	ldclle
ARM_SOFT	1473	ldcl
ARM_SOFT	1474	ldclrsvd
ARM_SOFT	1475	stceq
ARM_SOFT	1476	stcne
ARM_SOFT	1477	stccs
ARM_SOFT	1478	stccc
ARM_SOFT	1479	stcmi
ARM_SOFT	1480	stcpl
ARM_SOFT	1481	stcvs
ARM_SOFT	1482	stcvc
ARM_SOFT	1483	stchi
ARM_SOFT	1484	stcls
ARM_SOFT	1485	stcge
ARM_SOFT	1486	stclt
ARM_SOFT	1487	stcgt
ARM_SOFT	1488	stcle
ARM_SOFT	1489	stc
ARM_SOFT	1490	stcrsvd
ARM_SOFT	1491	stcleq
ARM_SOFT	1492	stclne
ARM_SOFT	1493	stclcs
ARM_SOFT	1494	stclcc
ARM_SOFT	1495	stclmi
ARM_SOFT	1496	stclpl
ARM_SOFT	1497	stclvs
ARM_SOFT	1498	stclvc
ARM_SOFT	1499	stclhi
ARM_SOFT	1500	stclls
ARM_SOFT	1501	stclge
ARM_SOFT	1502	stcllt
ARM_SOFT	1503	stclgt
ARM_SOFT	1504	stclle
ARM_SOFT	1505	stcl
ARM_SOFT	1506	stclrsvd
ARM_SOFT	1507	pusheq
ARM_SOFT	1508	pushne
ARM_SOFT	1509	pushcs
ARM_SOFT	1510	pushcc
ARM_SOFT	1511	pushmi
ARM_SOFT	1512	pushpl
ARM_SOFT	1513	pushvs
ARM_SOFT	1514	pushvc
ARM_SOFT	1515	pushhi
ARM_SOFT	1516	pushls
ARM_SOFT	1517	pushge
ARM_SOFT	1518	pushlt
ARM_SOFT	1519	pushgt
ARM_SOFT	1520	pushle
ARM_SOFT	1521	push
ARM_SOFT	1522	pushrsvd
ARM_SOFT	1523	popeq
ARM_SOFT	1524	popne
ARM_SOFT	1525	popcs
ARM_SOFT	1526	popcc
ARM_SOFT	1527	popmi
ARM_SOFT	1528	poppl
ARM_SOFT	1529	popvs
ARM_SOFT	1530	popvc
ARM_SOFT	1531	pophi
ARM_SOFT	1532	popls
ARM_SOFT	1533	popge
ARM_SOFT	1534	poplt
ARM_SOFT	1535	popgt
ARM_SOFT	1536	pople
ARM_SOFT	1537	pop
ARM_SOFT	1538	poprsvd
ARM_SOFT	1539	beq
ARM_SOFT	1540	bne
ARM_SOFT	1541	bcs
ARM_SOFT	1542	bcc
ARM_SOFT	1543	bmi
ARM_SOFT	1544	bpl
ARM_SOFT	1545	bvs
ARM_SOFT	1546	bvc
ARM_SOFT	1547	bhi
ARM_SOFT	1548	bls
ARM_SOFT	1549	bge
ARM_SOFT	1550	blt
ARM_SOFT	1551	bgt
ARM_SOFT	1552	ble
ARM_SOFT	1553	b
ARM_SOFT	1554	brsvd
ARM_SOFT	1555	bleq
ARM_SOFT	1556	blne
ARM_SOFT	1557	blcs
ARM_SOFT	1558	blcc
ARM_SOFT	1559	blmi
ARM_SOFT	1560	blpl
ARM_SOFT	1561	blvs
ARM_SOFT	1562	blvc
ARM_SOFT	1563	blhi
ARM_SOFT	1564	blls
ARM_SOFT	1565	blge
ARM_SOFT	1566	bllt
ARM_SOFT	1567	blgt
ARM_SOFT	1568	blle
ARM_SOFT	1569	bl
ARM_SOFT	1570	blrsvd
ARM_SOFT	1571	bxeq
ARM_SOFT	1572	bxne
ARM_SOFT	1573	bxcs
ARM_SOFT	1574	bxcc
ARM_SOFT	1575	bxmi
ARM_SOFT	1576	bxpl
ARM_SOFT	1577	bxvs
ARM_SOFT	1578	bxvc
ARM_SOFT	1579	bxhi
ARM_SOFT	1580	bxls
ARM_SOFT	1581	bxge
ARM_SOFT	1582	bxlt
ARM_SOFT	1583	bxgt
ARM_SOFT	1584	bxle
ARM_SOFT	1585	bx
ARM_SOFT	1586	bxrsvd
ARM_SOFT	1587	blxeq
ARM_SOFT	1588	blxne
ARM_SOFT	1589	blxcs
ARM_SOFT	1590	blxcc
ARM_SOFT	1591	blxmi
ARM_SOFT	1592	blxpl
ARM_SOFT	1593	blxvs
ARM_SOFT	1594	blxvc
ARM_SOFT	1595	blxhi
ARM_SOFT	1596	blxls
ARM_SOFT	1597	blxge
ARM_SOFT	1598	blxlt
ARM_SOFT	1599	blxgt
ARM_SOFT	1600	blxle
ARM_SOFT	1601	blx
ARM_SOFT	1602	blxrsvd
ARM_SOFT	1603	andeq
ARM_SOFT	1604	andne
ARM_SOFT	1605	andcs
ARM_SOFT	1606	andcc
ARM_SOFT	1607	andmi
ARM_SOFT	1608	andpl
ARM_SOFT	1609	andvs
ARM_SOFT	1610	andvc
ARM_SOFT	1611	andhi
ARM_SOFT	1612	andls
ARM_SOFT	1613	andge
ARM_SOFT	1614	andlt
ARM_SOFT	1615	andgt
ARM_SOFT	1616	andle
ARM_SOFT	1617	and
ARM_SOFT	1618	andrsvd
ARM_SOFT	1619	andseq
ARM_SOFT	1620	andsne
ARM_SOFT	1621	andscs
ARM_SOFT	1622	andscc
ARM_SOFT	1623	andsmi
ARM_SOFT	1624	andspl
ARM_SOFT	1625	andsvs
ARM_SOFT	1626	andsvc
ARM_SOFT	1627	andshi
ARM_SOFT	1628	andsls
ARM_SOFT	1629	andsge
ARM_SOFT	1630	andslt
ARM_SOFT	1631	andsgt
ARM_SOFT	1632	andsle
ARM_SOFT	1633	ands
ARM_SOFT	1634	andsrsvd
ARM_SOFT	1635	eoreq
ARM_SOFT	1636	eorne
ARM_SOFT	1637	eorcs
ARM_SOFT	1638	eorcc
ARM_SOFT	1639	eormi
ARM_SOFT	1640	eorpl
ARM_SOFT	1641	eorvs
ARM_SOFT	1642	eorvc
ARM_SOFT	1643	eorhi
ARM_SOFT	1644	eorls
ARM_SOFT	1645	eorge
ARM_SOFT	1646	eorlt
ARM_SOFT	1647	eorgt
ARM_SOFT	1648	eorle
ARM_SOFT	1649	eor
ARM_SOFT	1650	eorrsvd
ARM_SOFT	1651	eorseq
ARM_SOFT	1652	eorsne
ARM_SOFT	1653	eorscs
ARM_SOFT	1654	eorscc
ARM_SOFT	1655	eorsmi
ARM_SOFT	1656	eorspl
ARM_SOFT	1657	eorsvs
ARM_SOFT	1658	eorsvc
ARM_SOFT	1659	eorshi
ARM_SOFT	1660	eorsls
ARM_SOFT	1661	eorsge
ARM_SOFT	1662	eorslt
ARM_SOFT	1663	eorsgt
ARM_SOFT	1664	eorsle
ARM_SOFT	1665	eors
ARM_SOFT	1666	eorsrsvd
ARM_SOFT	1667	subeq
ARM_SOFT	1668	subne
ARM_SOFT	1669	subcs
ARM_SOFT	1670	subcc
ARM_SOFT	1671	submi
ARM_SOFT	1672	subpl
ARM_SOFT	1673	subvs
ARM_SOFT	1674	subvc
ARM_SOFT	1675	subhi
ARM_SOFT	1676	subls
ARM_SOFT	1677	subge
ARM_SOFT	1678	sublt
ARM_SOFT	1679	subgt
ARM_SOFT	1680	suble
ARM_SOFT	1681	sub
ARM_SOFT	1682	subrsvd
ARM_SOFT	1683	subseq
ARM_SOFT	1684	subsne
ARM_SOFT	1685	subscs
ARM_SOFT	1686	subscc
ARM_SOFT	1687	subsmi
ARM_SOFT	1688	subspl
ARM_SOFT	1689	subsvs
ARM_SOFT	1690	subsvc
ARM_SOFT	1691	subshi
ARM_SOFT	1692	subsls
ARM_SOFT	1693	subsge
ARM_SOFT	1694	subslt
ARM_SOFT	1695	subsgt
ARM_SOFT	1696	subsle
ARM_SOFT	1697	subs
ARM_SOFT	1698	subsrsvd
ARM_SOFT	1699	rsbeq
ARM_SOFT	1700	rsbne
ARM_SOFT	1701	rsbcs
ARM_SOFT	1702	rsbcc
ARM_SOFT	1703	rsbmi
ARM_SOFT	1704	rsbpl
ARM_SOFT	1705	rsbvs
ARM_SOFT	1706	rsbvc
ARM_SOFT	1707	rsbhi
ARM_SOFT	1708	rsbls
ARM_SOFT	1709	rsbge
ARM_SOFT	1710	rsblt
ARM_SOFT	1711	rsbgt
ARM_SOFT	1712	rsble
ARM_SOFT	1713	rsb
ARM_SOFT	1714	rsbrsvd
ARM_SOFT	1715	rsbseq
ARM_SOFT	1716	rsbsne
ARM_SOFT	1717	rsbscs
ARM_SOFT	1718	rsbscc
ARM_SOFT	1719	rsbsmi
ARM_SOFT	1720	rsbspl
ARM_SOFT	1721	rsbsvs
ARM_SOFT	1722	rsbsvc
ARM_SOFT	1723	rsbshi
ARM_SOFT	1724	rsbsls
ARM_SOFT	1725	rsbsge
ARM_SOFT	1726	rsbslt
ARM_SOFT	1727	rsbsgt
ARM_SOFT	1728	rsbsle
ARM_SOFT	1729	rsbs
ARM_SOFT	1730	rsbsrsvd
ARM_SOFT	1731	addeq
ARM_SOFT	1732	addne
ARM_SOFT	1733	addcs
ARM_SOFT	1734	addcc
ARM_SOFT	1735	addmi
ARM_SOFT	1736	addpl
ARM_SOFT	1737	addvs
ARM_SOFT	1738	addvc
ARM_SOFT	1739	addhi
ARM_SOFT	1740	addls
ARM_SOFT	1741	addge
ARM_SOFT	1742	addlt
ARM_SOFT	1743	addgt
ARM_SOFT	1744	addle
ARM_SOFT	1745	add
ARM_SOFT	1746	addrsvd
ARM_SOFT	1747	addseq
ARM_SOFT	1748	addsne
ARM_SOFT	1749	addscs
ARM_SOFT	1750	addscc
ARM_SOFT	1751	addsmi
ARM_SOFT	1752	addspl
ARM_SOFT	1753	addsvs
ARM_SOFT	1754	addsvc
ARM_SOFT	1755	addshi
ARM_SOFT	1756	addsls
ARM_SOFT	1757	addsge
ARM_SOFT	1758	addslt
ARM_SOFT	1759	addsgt
ARM_SOFT	1760	addsle
ARM_SOFT	1761	adds
ARM_SOFT	1762	addsrsvd
ARM_SOFT	1763	adceq
ARM_SOFT	1764	adcne
ARM_SOFT	1765	adccs
ARM_SOFT	1766	adccc
ARM_SOFT	1767	adcmi
ARM_SOFT	1768	adcpl
ARM_SOFT	1769	adcvs
ARM_SOFT	1770	adcvc
ARM_SOFT	1771	adchi
ARM_SOFT	1772	adcls
ARM_SOFT	1773	adcge
ARM_SOFT	1774	adclt
ARM_SOFT	1775	adcgt
ARM_SOFT	1776	adcle
ARM_SOFT	1777	adc
ARM_SOFT	1778	adcrsvd
ARM_SOFT	1779	adcseq
ARM_SOFT	1780	adcsne
ARM_SOFT	1781	adcscs
ARM_SOFT	1782	adcscc
ARM_SOFT	1783	adcsmi
ARM_SOFT	1784	adcspl
ARM_SOFT	1785	adcsvs
ARM_SOFT	1786	adcsvc
ARM_SOFT	1787	adcshi
ARM_SOFT	1788	adcsls
ARM_SOFT	1789	adcsge
ARM_SOFT	1790	adcslt
ARM_SOFT	1791	adcsgt
ARM_SOFT	1792	adcsle
ARM_SOFT	1793	adcs
ARM_SOFT	1794	adcsrsvd
ARM_SOFT	1795	sbceq
ARM_SOFT	1796	sbcne
ARM_SOFT	1797	sbccs
ARM_SOFT	1798	sbccc
ARM_SOFT	1799	sbcmi
ARM_SOFT	1800	sbcpl
ARM_SOFT	1801	sbcvs
ARM_SOFT	1802	sbcvc
ARM_SOFT	1803	sbchi
ARM_SOFT	1804	sbcls
ARM_SOFT	1805	sbcge
ARM_SOFT	1806	sbclt
ARM_SOFT	1807	sbcgt
ARM_SOFT	1808	sbcle
ARM_SOFT	1809	sbc
ARM_SOFT	1810	sbcrsvd
ARM_SOFT	1811	sbcseq
ARM_SOFT	1812	sbcsne
ARM_SOFT	1813	sbcscs
ARM_SOFT	1814	sbcscc
ARM_SOFT	1815	sbcsmi
ARM_SOFT	1816	sbcspl
ARM_SOFT	1817	sbcsvs
ARM_SOFT	1818	sbcsvc
ARM_SOFT	1819	sbcshi
ARM_SOFT	1820	sbcsls
ARM_SOFT	1821	sbcsge
ARM_SOFT	1822	sbcslt
ARM_SOFT	1823	sbcsgt
ARM_SOFT	1824	sbcsle
ARM_SOFT	1825	sbcs
ARM_SOFT	1826	sbcsrsvd
ARM_SOFT	1827	rsceq
ARM_SOFT	1828	rscne
ARM_SOFT	1829	rsccs
ARM_SOFT	1830	rsccc
ARM_SOFT	1831	rscmi
ARM_SOFT	1832	rscpl
ARM_SOFT	1833	rscvs
ARM_SOFT	1834	rscvc
ARM_SOFT	1835	rschi
ARM_SOFT	1836	rscls
ARM_SOFT	1837	rscge
ARM_SOFT	1838	rsclt
ARM_SOFT	1839	rscgt
ARM_SOFT	1840	rscle
ARM_SOFT	1841	rsc
ARM_SOFT	1842	rscrsvd
ARM_SOFT	1843	rscseq
ARM_SOFT	1844	rscsne
ARM_SOFT	1845	rscscs
ARM_SOFT	1846	rscscc
ARM_SOFT	1847	rscsmi
ARM_SOFT	1848	rscspl
ARM_SOFT	1849	rscsvs
ARM_SOFT	1850	rscsvc
ARM_SOFT	1851	rscshi
ARM_SOFT	1852	rscsls
ARM_SOFT	1853	rscsge
ARM_SOFT	1854	rscslt
ARM_SOFT	1855	rscsgt
ARM_SOFT	1856	rscsle
ARM_SOFT	1857	rscs
ARM_SOFT	1858	rscsrsvd
ARM_SOFT	1859	tsteq
ARM_SOFT	1860	tstne
ARM_SOFT	1861	tstcs
ARM_SOFT	1862	tstcc
ARM_SOFT	1863	tstmi
ARM_SOFT	1864	tstpl
ARM_SOFT	1865	tstvs
ARM_SOFT	1866	tstvc
ARM_SOFT	1867	tsthi
ARM_SOFT	1868	tstls
ARM_SOFT	1869	tstge
ARM_SOFT	1870	tstlt
ARM_SOFT	1871	tstgt
ARM_SOFT	1872	tstle
ARM_SOFT	1873	tst
ARM_SOFT	1874	tstrsvd
ARM_SOFT	1875	tstseq
ARM_SOFT	1876	tstsne
ARM_SOFT	1877	tstscs
ARM_SOFT	1878	tstscc
ARM_SOFT	1879	tstsmi
ARM_SOFT	1880	tstspl
ARM_SOFT	1881	tstsvs
ARM_SOFT	1882	tstsvc
ARM_SOFT	1883	tstshi
ARM_SOFT	1884	tstsls
ARM_SOFT	1885	tstsge
ARM_SOFT	1886	tstslt
ARM_SOFT	1887	tstsgt
ARM_SOFT	1888	tstsle
ARM_SOFT	1889	tsts
ARM_SOFT	1890	tstsrsvd
ARM_SOFT	1891	teqeq
ARM_SOFT	1892	teqne
ARM_SOFT	1893	teqcs
ARM_SOFT	1894	teqcc
ARM_SOFT	1895	teqmi
ARM_SOFT	1896	teqpl
ARM_SOFT	1897	teqvs
ARM_SOFT	1898	teqvc
ARM_SOFT	1899	teqhi
ARM_SOFT	1900	teqls
ARM_SOFT	1901	teqge
ARM_SOFT	1902	teqlt
ARM_SOFT	1903	teqgt
ARM_SOFT	1904	teqle
ARM_SOFT	1905	teq
ARM_SOFT	1906	teqrsvd
ARM_SOFT	1907	teqseq
ARM_SOFT	1908	teqsne
ARM_SOFT	1909	teqscs
ARM_SOFT	1910	teqscc
ARM_SOFT	1911	teqsmi
ARM_SOFT	1912	teqspl
ARM_SOFT	1913	teqsvs
ARM_SOFT	1914	teqsvc
ARM_SOFT	1915	teqshi
ARM_SOFT	1916	teqsls
ARM_SOFT	1917	teqsge
ARM_SOFT	1918	teqslt
ARM_SOFT	1919	teqsgt
ARM_SOFT	1920	teqsle
ARM_SOFT	1921	teqs
ARM_SOFT	1922	teqsrsvd
ARM_SOFT	1923	cmpeq
ARM_SOFT	1924	cmpne
ARM_SOFT	1925	cmpcs
ARM_SOFT	1926	cmpcc
ARM_SOFT	1927	cmpmi
ARM_SOFT	1928	cmppl
ARM_SOFT	1929	cmpvs
ARM_SOFT	1930	cmpvc
ARM_SOFT	1931	cmphi
ARM_SOFT	1932	cmpls
ARM_SOFT	1933	cmpge
ARM_SOFT	1934	cmplt
ARM_SOFT	1935	cmpgt
ARM_SOFT	1936	cmple
ARM_SOFT	1937	cmp
ARM_SOFT	1938	cmprsvd
ARM_SOFT	1939	cmpseq
ARM_SOFT	1940	cmpsne
ARM_SOFT	1941	cmpscs
ARM_SOFT	1942	cmpscc
ARM_SOFT	1943	cmpsmi
ARM_SOFT	1944	cmpspl
ARM_SOFT	1945	cmpsvs
ARM_SOFT	1946	cmpsvc
ARM_SOFT	1947	cmpshi
ARM_SOFT	1948	cmpsls
ARM_SOFT	1949	cmpsge
ARM_SOFT	1950	cmpslt
ARM_SOFT	1951	cmpsgt
ARM_SOFT	1952	cmpsle
ARM_SOFT	1953	cmps
ARM_SOFT	1954	cmpsrsvd
ARM_SOFT	1955	cmneq
ARM_SOFT	1956	cmnne
ARM_SOFT	1957	cmncs
ARM_SOFT	1958	cmncc
ARM_SOFT	1959	cmnmi
ARM_SOFT	1960	cmnpl
ARM_SOFT	1961	cmnvs
ARM_SOFT	1962	cmnvc
ARM_SOFT	1963	cmnhi
ARM_SOFT	1964	cmnls
ARM_SOFT	1965	cmnge
ARM_SOFT	1966	cmnlt
ARM_SOFT	1967	cmngt
ARM_SOFT	1968	cmnle
ARM_SOFT	1969	cmn
ARM_SOFT	1970	cmnrsvd
ARM_SOFT	1971	cmnseq
ARM_SOFT	1972	cmnsne
ARM_SOFT	1973	cmnscs
ARM_SOFT	1974	cmnscc
ARM_SOFT	1975	cmnsmi
ARM_SOFT	1976	cmnspl
ARM_SOFT	1977	cmnsvs
ARM_SOFT	1978	cmnsvc
ARM_SOFT	1979	cmnshi
ARM_SOFT	1980	cmnsls
ARM_SOFT	1981	cmnsge
ARM_SOFT	1982	cmnslt
ARM_SOFT	1983	cmnsgt
ARM_SOFT	1984	cmnsle
ARM_SOFT	1985	cmns
ARM_SOFT	1986	cmnsrsvd
ARM_SOFT	1987	orreq
ARM_SOFT	1988	orrne
ARM_SOFT	1989	orrcs
ARM_SOFT	1990	orrcc
ARM_SOFT	1991	orrmi
ARM_SOFT	1992	orrpl
ARM_SOFT	1993	orrvs
ARM_SOFT	1994	orrvc
ARM_SOFT	1995	orrhi
ARM_SOFT	1996	orrls
ARM_SOFT	1997	orrge
ARM_SOFT	1998	orrlt
ARM_SOFT	1999	orrgt
ARM_SOFT	2000	orrle
ARM_SOFT	2001	orr
ARM_SOFT	2002	orrrsvd
ARM_SOFT	2003	orrseq
ARM_SOFT	2004	orrsne
ARM_SOFT	2005	orrscs
ARM_SOFT	2006	orrscc
ARM_SOFT	2007	orrsmi
ARM_SOFT	2008	orrspl
ARM_SOFT	2009	orrsvs
ARM_SOFT	2010	orrsvc
ARM_SOFT	2011	orrshi
ARM_SOFT	2012	orrsls
ARM_SOFT	2013	orrsge
ARM_SOFT	2014	orrslt
ARM_SOFT	2015	orrsgt
ARM_SOFT	2016	orrsle
ARM_SOFT	2017	orrs
ARM_SOFT	2018	orrsrsvd
ARM_SOFT	2019	moveq
ARM_SOFT	2020	movne
ARM_SOFT	2021	movcs
ARM_SOFT	2022	movcc
ARM_SOFT	2023	movmi
ARM_SOFT	2024	movpl
ARM_SOFT	2025	movvs
ARM_SOFT	2026	movvc
ARM_SOFT	2027	movhi
ARM_SOFT	2028	movls
ARM_SOFT	2029	movge
ARM_SOFT	2030	movlt
ARM_SOFT	2031	movgt
ARM_SOFT	2032	movle
ARM_SOFT	2033	mov
ARM_SOFT	2034	movrsvd
ARM_SOFT	2035	movseq
ARM_SOFT	2036	movsne
ARM_SOFT	2037	movscs
ARM_SOFT	2038	movscc
ARM_SOFT	2039	movsmi
ARM_SOFT	2040	movspl
ARM_SOFT	2041	movsvs
ARM_SOFT	2042	movsvc
ARM_SOFT	2043	movshi
ARM_SOFT	2044	movsls
ARM_SOFT	2045	movsge
ARM_SOFT	2046	movslt
ARM_SOFT	2047	movsgt
ARM_SOFT	2048	movsle
ARM_SOFT	2049	movs
ARM_SOFT	2050	movsrsvd
ARM_SOFT	2051	biceq
ARM_SOFT	2052	bicne
ARM_SOFT	2053	biccs
ARM_SOFT	2054	biccc
ARM_SOFT	2055	bicmi
ARM_SOFT	2056	bicpl
ARM_SOFT	2057	bicvs
ARM_SOFT	2058	bicvc
ARM_SOFT	2059	bichi
ARM_SOFT	2060	bicls
ARM_SOFT	2061	bicge
ARM_SOFT	2062	biclt
ARM_SOFT	2063	bicgt
ARM_SOFT	2064	bicle
ARM_SOFT	2065	bic
ARM_SOFT	2066	bicrsvd
ARM_SOFT	2067	bicseq
ARM_SOFT	2068	bicsne
ARM_SOFT	2069	bicscs
ARM_SOFT	2070	bicscc
ARM_SOFT	2071	bicsmi
ARM_SOFT	2072	bicspl
ARM_SOFT	2073	bicsvs
ARM_SOFT	2074	bicsvc
ARM_SOFT	2075	bicshi
ARM_SOFT	2076	bicsls
ARM_SOFT	2077	bicsge
ARM_SOFT	2078	bicslt
ARM_SOFT	2079	bicsgt
ARM_SOFT	2080	bicsle
ARM_SOFT	2081	bics
ARM_SOFT	2082	bicsrsvd
ARM_SOFT	2083	mvneq
ARM_SOFT	2084	mvnne
ARM_SOFT	2085	mvncs
ARM_SOFT	2086	mvncc
ARM_SOFT	2087	mvnmi
ARM_SOFT	2088	mvnpl
ARM_SOFT	2089	mvnvs
ARM_SOFT	2090	mvnvc
ARM_SOFT	2091	mvnhi
ARM_SOFT	2092	mvnls
ARM_SOFT	2093	mvnge
ARM_SOFT	2094	mvnlt
ARM_SOFT	2095	mvngt
ARM_SOFT	2096	mvnle
ARM_SOFT	2097	mvn
ARM_SOFT	2098	mvnrsvd
ARM_SOFT	2099	mvnseq
ARM_SOFT	2100	mvnsne
ARM_SOFT	2101	mvnscs
ARM_SOFT	2102	mvnscc
ARM_SOFT	2103	mvnsmi
ARM_SOFT	2104	mvnspl
ARM_SOFT	2105	mvnsvs
ARM_SOFT	2106	mvnsvc
ARM_SOFT	2107	mvnshi
ARM_SOFT	2108	mvnsls
ARM_SOFT	2109	mvnsge
ARM_SOFT	2110	mvnslt
ARM_SOFT	2111	mvnsgt
ARM_SOFT	2112	mvnsle
ARM_SOFT	2113	mvns
ARM_SOFT	2114	mvnsrsvd
ARM_SOFT	2115	lsleq
ARM_SOFT	2116	lslne
ARM_SOFT	2117	lslcs
ARM_SOFT	2118	lslcc
ARM_SOFT	2119	lslmi
ARM_SOFT	2120	lslpl
ARM_SOFT	2121	lslvs
ARM_SOFT	2122	lslvc
ARM_SOFT	2123	lslhi
ARM_SOFT	2124	lslls
ARM_SOFT	2125	lslge
ARM_SOFT	2126	lsllt
ARM_SOFT	2127	lslgt
ARM_SOFT	2128	lslle
ARM_SOFT	2129	lsl
ARM_SOFT	2130	lslrsvd
ARM_SOFT	2131	lslseq
ARM_SOFT	2132	lslsne
ARM_SOFT	2133	lslscs
ARM_SOFT	2134	lslscc
ARM_SOFT	2135	lslsmi
ARM_SOFT	2136	lslspl
ARM_SOFT	2137	lslsvs
ARM_SOFT	2138	lslsvc
ARM_SOFT	2139	lslshi
ARM_SOFT	2140	lslsls
ARM_SOFT	2141	lslsge
ARM_SOFT	2142	lslslt
ARM_SOFT	2143	lslsgt
ARM_SOFT	2144	lslsle
ARM_SOFT	2145	lsls
ARM_SOFT	2146	lslsrsvd
ARM_SOFT	2147	lsreq
ARM_SOFT	2148	lsrne
ARM_SOFT	2149	lsrcs
ARM_SOFT	2150	lsrcc
ARM_SOFT	2151	lsrmi
ARM_SOFT	2152	lsrpl
ARM_SOFT	2153	lsrvs
ARM_SOFT	2154	lsrvc
ARM_SOFT	2155	lsrhi
ARM_SOFT	2156	lsrls
ARM_SOFT	2157	lsrge
ARM_SOFT	2158	lsrlt
ARM_SOFT	2159	lsrgt
ARM_SOFT	2160	lsrle
ARM_SOFT	2161	lsr
ARM_SOFT	2162	lsrrsvd
ARM_SOFT	2163	lsrseq
ARM_SOFT	2164	lsrsne
ARM_SOFT	2165	lsrscs
ARM_SOFT	2166	lsrscc
ARM_SOFT	2167	lsrsmi
ARM_SOFT	2168	lsrspl
ARM_SOFT	2169	lsrsvs
ARM_SOFT	2170	lsrsvc
ARM_SOFT	2171	lsrshi
ARM_SOFT	2172	lsrsls
ARM_SOFT	2173	lsrsge
ARM_SOFT	2174	lsrslt
ARM_SOFT	2175	lsrsgt
ARM_SOFT	2176	lsrsle
ARM_SOFT	2177	lsrs
ARM_SOFT	2178	lsrsrsvd
ARM_SOFT	2179	asreq
ARM_SOFT	2180	asrne
ARM_SOFT	2181	asrcs
ARM_SOFT	2182	asrcc
ARM_SOFT	2183	asrmi
ARM_SOFT	2184	asrpl
ARM_SOFT	2185	asrvs
ARM_SOFT	2186	asrvc
ARM_SOFT	2187	asrhi
ARM_SOFT	2188	asrls
ARM_SOFT	2189	asrge
ARM_SOFT	2190	asrlt
ARM_SOFT	2191	asrgt
ARM_SOFT	2192	asrle
ARM_SOFT	2193	asr
ARM_SOFT	2194	asrrsvd
ARM_SOFT	2195	asrseq
ARM_SOFT	2196	asrsne
ARM_SOFT	2197	asrscs
ARM_SOFT	2198	asrscc
ARM_SOFT	2199	asrsmi
ARM_SOFT	2200	asrspl
ARM_SOFT	2201	asrsvs
ARM_SOFT	2202	asrsvc
ARM_SOFT	2203	asrshi
ARM_SOFT	2204	asrsls
ARM_SOFT	2205	asrsge
ARM_SOFT	2206	asrslt
ARM_SOFT	2207	asrsgt
ARM_SOFT	2208	asrsle
ARM_SOFT	2209	asrs
ARM_SOFT	2210	asrsrsvd
ARM_SOFT	2211	roreq
ARM_SOFT	2212	rorne
ARM_SOFT	2213	rorcs
ARM_SOFT	2214	rorcc
ARM_SOFT	2215	rormi
ARM_SOFT	2216	rorpl
ARM_SOFT	2217	rorvs
ARM_SOFT	2218	rorvc
ARM_SOFT	2219	rorhi
ARM_SOFT	2220	rorls
ARM_SOFT	2221	rorge
ARM_SOFT	2222	rorlt
ARM_SOFT	2223	rorgt
ARM_SOFT	2224	rorle
ARM_SOFT	2225	ror
ARM_SOFT	2226	rorrsvd
ARM_SOFT	2227	rorseq
ARM_SOFT	2228	rorsne
ARM_SOFT	2229	rorscs
ARM_SOFT	2230	rorscc
ARM_SOFT	2231	rorsmi
ARM_SOFT	2232	rorspl
ARM_SOFT	2233	rorsvs
ARM_SOFT	2234	rorsvc
ARM_SOFT	2235	rorshi
ARM_SOFT	2236	rorsls
ARM_SOFT	2237	rorsge
ARM_SOFT	2238	rorslt
ARM_SOFT	2239	rorsgt
ARM_SOFT	2240	rorsle
ARM_SOFT	2241	rors
ARM_SOFT	2242	rorsrsvd
ARM_SOFT	2243	rrxeq
ARM_SOFT	2244	rrxne
ARM_SOFT	2245	rrxcs
ARM_SOFT	2246	rrxcc
ARM_SOFT	2247	rrxmi
ARM_SOFT	2248	rrxpl
ARM_SOFT	2249	rrxvs
ARM_SOFT	2250	rrxvc
ARM_SOFT	2251	rrxhi
ARM_SOFT	2252	rrxls
ARM_SOFT	2253	rrxge
ARM_SOFT	2254	rrxlt
ARM_SOFT	2255	rrxgt
ARM_SOFT	2256	rrxle
ARM_SOFT	2257	rrx
ARM_SOFT	2258	rrxrsvd
ARM_SOFT	2259	rrxseq
ARM_SOFT	2260	rrxsne
ARM_SOFT	2261	rrxscs
ARM_SOFT	2262	rrxscc
ARM_SOFT	2263	rrxsmi
ARM_SOFT	2264	rrxspl
ARM_SOFT	2265	rrxsvs
ARM_SOFT	2266	rrxsvc
ARM_SOFT	2267	rrxshi
ARM_SOFT	2268	rrxsls
ARM_SOFT	2269	rrxsge
ARM_SOFT	2270	rrxslt
ARM_SOFT	2271	rrxsgt
ARM_SOFT	2272	rrxsle
ARM_SOFT	2273	rrxs
ARM_SOFT	2274	rrxsrsvd
ARM_SOFT	2275	cdpeq
ARM_SOFT	2276	cdpne
ARM_SOFT	2277	cdpcs
ARM_SOFT	2278	cdpcc
ARM_SOFT	2279	cdpmi
ARM_SOFT	2280	cdppl
ARM_SOFT	2281	cdpvs
ARM_SOFT	2282	cdpvc
ARM_SOFT	2283	cdphi
ARM_SOFT	2284	cdpls
ARM_SOFT	2285	cdpge
ARM_SOFT	2286	cdplt
ARM_SOFT	2287	cdpgt
ARM_SOFT	2288	cdple
ARM_SOFT	2289	cdp
ARM_SOFT	2290	cdprsvd
ARM_SOFT	2291	mcreq
ARM_SOFT	2292	mcrne
ARM_SOFT	2293	mcrcs
ARM_SOFT	2294	mcrcc
ARM_SOFT	2295	mcrmi
ARM_SOFT	2296	mcrpl
ARM_SOFT	2297	mcrvs
ARM_SOFT	2298	mcrvc
ARM_SOFT	2299	mcrhi
ARM_SOFT	2300	mcrls
ARM_SOFT	2301	mcrge
ARM_SOFT	2302	mcrlt
ARM_SOFT	2303	mcrgt
ARM_SOFT	2304	mcrle
ARM_SOFT	2305	mcr
ARM_SOFT	2306	mcrrsvd
ARM_SOFT	2307	mrceq
ARM_SOFT	2308	mrcne
ARM_SOFT	2309	mrccs
ARM_SOFT	2310	mrccc
ARM_SOFT	2311	mrcmi
ARM_SOFT	2312	mrcpl
ARM_SOFT	2313	mrcvs
ARM_SOFT	2314	mrcvc
ARM_SOFT	2315	mrchi
ARM_SOFT	2316	mrcls
ARM_SOFT	2317	mrcge
ARM_SOFT	2318	mrclt
ARM_SOFT	2319	mrcgt
ARM_SOFT	2320	mrcle
ARM_SOFT	2321	mrc
ARM_SOFT	2322	mrcrsvd
ARM_SOFT	2323	vldreq
ARM_SOFT	2324	vldrne
ARM_SOFT	2325	vldrcs
ARM_SOFT	2326	vldrcc
ARM_SOFT	2327	vldrmi
ARM_SOFT	2328	vldrpl
ARM_SOFT	2329	vldrvs
ARM_SOFT	2330	vldrvc
ARM_SOFT	2331	vldrhi
ARM_SOFT	2332	vldrls
ARM_SOFT	2333	vldrge
ARM_SOFT	2334	vldrlt
ARM_SOFT	2335	vldrgt
ARM_SOFT	2336	vldrle
ARM_SOFT	2337	vldr
ARM_SOFT	2338	vldrrsvd
ARM_SOFT	2339	vstreq
ARM_SOFT	2340	vstrne
ARM_SOFT	2341	vstrcs
ARM_SOFT	2342	vstrcc
ARM_SOFT	2343	vstrmi
ARM_SOFT	2344	vstrpl
ARM_SOFT	2345	vstrvs
ARM_SOFT	2346	vstrvc
ARM_SOFT	2347	vstrhi
ARM_SOFT	2348	vstrls
ARM_SOFT	2349	vstrge
ARM_SOFT	2350	vstrlt
ARM_SOFT	2351	vstrgt
ARM_SOFT	2352	vstrle
ARM_SOFT	2353	vstr
ARM_SOFT	2354	vstrrsvd
ARM_SOFT	2355	vmlaeq.f32
ARM_SOFT	2356	vmlane.f32
ARM_SOFT	2357	vmlacs.f32
ARM_SOFT	2358	vmlacc.f32
ARM_SOFT	2359	vmlami.f32
ARM_SOFT	2360	vmlapl.f32
ARM_SOFT	2361	vmlavs.f32
ARM_SOFT	2362	vmlavc.f32
ARM_SOFT	2363	vmlahi.f32
ARM_SOFT	2364	vmlals.f32
ARM_SOFT	2365	vmlage.f32
ARM_SOFT	2366	vmlalt.f32
ARM_SOFT	2367	vmlagt.f32
ARM_SOFT	2368	vmlale.f32
ARM_SOFT	2369	vmla.f32
ARM_SOFT	2370	vmlarsvd.f32
ARM_SOFT	2371	vmlaeq.f64
ARM_SOFT	2372	vmlane.f64
ARM_SOFT	2373	vmlacs.f64
ARM_SOFT	2374	vmlacc.f64
ARM_SOFT	2375	vmlami.f64
ARM_SOFT	2376	vmlapl.f64
ARM_SOFT	2377	vmlavs.f64
ARM_SOFT	2378	vmlavc.f64
ARM_SOFT	2379	vmlahi.f64
ARM_SOFT	2380	vmlals.f64
ARM_SOFT	2381	vmlage.f64
ARM_SOFT	2382	vmlalt.f64
ARM_SOFT	2383	vmlagt.f64
ARM_SOFT	2384	vmlale.f64
ARM_SOFT	2385	vmla.f64
ARM_SOFT	2386	vmlarsvd.f64
ARM_SOFT	2387	vmlseq.f32
ARM_SOFT	2388	vmlsne.f32
ARM_SOFT	2389	vmlscs.f32
ARM_SOFT	2390	vmlscc.f32
ARM_SOFT	2391	vmlsmi.f32
ARM_SOFT	2392	vmlspl.f32
ARM_SOFT	2393	vmlsvs.f32
ARM_SOFT	2394	vmlsvc.f32
ARM_SOFT	2395	vmlshi.f32
ARM_SOFT	2396	vmlsls.f32
ARM_SOFT	2397	vmlsge.f32
ARM_SOFT	2398	vmlslt.f32
ARM_SOFT	2399	vmlsgt.f32
ARM_SOFT	2400	vmlsle.f32
ARM_SOFT	2401	vmls.f32
ARM_SOFT	2402	vmlsrsvd.f32
ARM_SOFT	2403	vmlseq.f64
ARM_SOFT	2404	vmlsne.f64
ARM_SOFT	2405	vmlscs.f64
ARM_SOFT	2406	vmlscc.f64
ARM_SOFT	2407	vmlsmi.f64
ARM_SOFT	2408	vmlspl.f64
ARM_SOFT	2409	vmlsvs.f64
ARM_SOFT	2410	vmlsvc.f64
ARM_SOFT	2411	vmlshi.f64
ARM_SOFT	2412	vmlsls.f64
ARM_SOFT	2413	vmlsge.f64
ARM_SOFT	2414	vmlslt.f64
ARM_SOFT	2415	vmlsgt.f64
ARM_SOFT	2416	vmlsle.f64
ARM_SOFT	2417	vmls.f64
ARM_SOFT	2418	vmlsrsvd.f64
ARM_SOFT	2419	vnmlseq.f32
ARM_SOFT	2420	vnmlsne.f32
ARM_SOFT	2421	vnmlscs.f32
ARM_SOFT	2422	vnmlscc.f32
ARM_SOFT	2423	vnmlsmi.f32
ARM_SOFT	2424	vnmlspl.f32
ARM_SOFT	2425	vnmlsvs.f32
ARM_SOFT	2426	vnmlsvc.f32
ARM_SOFT	2427	vnmlshi.f32
ARM_SOFT	2428	vnmlsls.f32
ARM_SOFT	2429	vnmlsge.f32
ARM_SOFT	2430	vnmlslt.f32
ARM_SOFT	2431	vnmlsgt.f32
ARM_SOFT	2432	vnmlsle.f32
ARM_SOFT	2433	vnmls.f32
ARM_SOFT	2434	vnmlsrsvd.f32
ARM_SOFT	2435	vnmlseq.f64
ARM_SOFT	2436	vnmlsne.f64
ARM_SOFT	2437	vnmlscs.f64
ARM_SOFT	2438	vnmlscc.f64
ARM_SOFT	2439	vnmlsmi.f64
ARM_SOFT	2440	vnmlspl.f64
ARM_SOFT	2441	vnmlsvs.f64
ARM_SOFT	2442	vnmlsvc.f64
ARM_SOFT	2443	vnmlshi.f64
ARM_SOFT	2444	vnmlsls.f64
ARM_SOFT	2445	vnmlsge.f64
ARM_SOFT	2446	vnmlslt.f64
ARM_SOFT	2447	vnmlsgt.f64
ARM_SOFT	2448	vnmlsle.f64
ARM_SOFT	2449	vnmls.f64
ARM_SOFT	2450	vnmlsrsvd.f64
ARM_SOFT	2451	vnmlaeq.f32
ARM_SOFT	2452	vnmlane.f32
ARM_SOFT	2453	vnmlacs.f32
ARM_SOFT	2454	vnmlacc.f32
ARM_SOFT	2455	vnmlami.f32
ARM_SOFT	2456	vnmlapl.f32
ARM_SOFT	2457	vnmlavs.f32
ARM_SOFT	2458	vnmlavc.f32
ARM_SOFT	2459	vnmlahi.f32
ARM_SOFT	2460	vnmlals.f32
ARM_SOFT	2461	vnmlage.f32
ARM_SOFT	2462	vnmlalt.f32
ARM_SOFT	2463	vnmlagt.f32
ARM_SOFT	2464	vnmlale.f32
ARM_SOFT	2465	vnmla.f32
ARM_SOFT	2466	vnmlarsvd.f32
ARM_SOFT	2467	vnmlaeq.f64
ARM_SOFT	2468	vnmlane.f64
ARM_SOFT	2469	vnmlacs.f64
ARM_SOFT	2470	vnmlacc.f64
ARM_SOFT	2471	vnmlami.f64
ARM_SOFT	2472	vnmlapl.f64
ARM_SOFT	2473	vnmlavs.f64
ARM_SOFT	2474	vnmlavc.f64
ARM_SOFT	2475	vnmlahi.f64
ARM_SOFT	2476	vnmlals.f64
ARM_SOFT	2477	vnmlage.f64
ARM_SOFT	2478	vnmlalt.f64
ARM_SOFT	2479	vnmlagt.f64
ARM_SOFT	2480	vnmlale.f64
ARM_SOFT	2481	vnmla.f64
ARM_SOFT	2482	vnmlarsvd.f64
ARM_SOFT	2483	vmuleq.f32
ARM_SOFT	2484	vmulne.f32
ARM_SOFT	2485	vmulcs.f32
ARM_SOFT	2486	vmulcc.f32
ARM_SOFT	2487	vmulmi.f32
ARM_SOFT	2488	vmulpl.f32
ARM_SOFT	2489	vmulvs.f32
ARM_SOFT	2490	vmulvc.f32
ARM_SOFT	2491	vmulhi.f32
ARM_SOFT	2492	vmulls.f32
ARM_SOFT	2493	vmulge.f32
ARM_SOFT	2494	vmullt.f32
ARM_SOFT	2495	vmulgt.f32
ARM_SOFT	2496	vmulle.f32
ARM_SOFT	2497	vmul.f32
ARM_SOFT	2498	vmulrsvd.f32
ARM_SOFT	2499	vmuleq.f64
ARM_SOFT	2500	vmulne.f64
ARM_SOFT	2501	vmulcs.f64
ARM_SOFT	2502	vmulcc.f64
ARM_SOFT	2503	vmulmi.f64
ARM_SOFT	2504	vmulpl.f64
ARM_SOFT	2505	vmulvs.f64
ARM_SOFT	2506	vmulvc.f64
ARM_SOFT	2507	vmulhi.f64
ARM_SOFT	2508	vmulls.f64
ARM_SOFT	2509	vmulge.f64
ARM_SOFT	2510	vmullt.f64
ARM_SOFT	2511	vmulgt.f64
ARM_SOFT	2512	vmulle.f64
ARM_SOFT	2513	vmul.f64
ARM_SOFT	2514	vmulrsvd.f64
ARM_SOFT	2515	vnmuleq.f32
ARM_SOFT	2516	vnmulne.f32
ARM_SOFT	2517	vnmulcs.f32
ARM_SOFT	2518	vnmulcc.f32
ARM_SOFT	2519	vnmulmi.f32
ARM_SOFT	2520	vnmulpl.f32
ARM_SOFT	2521	vnmulvs.f32
ARM_SOFT	2522	vnmulvc.f32
ARM_SOFT	2523	vnmulhi.f32
ARM_SOFT	2524	vnmulls.f32
ARM_SOFT	2525	vnmulge.f32
ARM_SOFT	2526	vnmullt.f32
ARM_SOFT	2527	vnmulgt.f32
ARM_SOFT	2528	vnmulle.f32
ARM_SOFT	2529	vnmul.f32
ARM_SOFT	2530	vnmulrsvd.f32
ARM_SOFT	2531	vnmuleq.f64
ARM_SOFT	2532	vnmulne.f64
ARM_SOFT	2533	vnmulcs.f64
ARM_SOFT	2534	vnmulcc.f64
ARM_SOFT	2535	vnmulmi.f64
ARM_SOFT	2536	vnmulpl.f64
ARM_SOFT	2537	vnmulvs.f64
ARM_SOFT	2538	vnmulvc.f64
ARM_SOFT	2539	vnmulhi.f64
ARM_SOFT	2540	vnmulls.f64
ARM_SOFT	2541	vnmulge.f64
ARM_SOFT	2542	vnmullt.f64
ARM_SOFT	2543	vnmulgt.f64
ARM_SOFT	2544	vnmulle.f64
ARM_SOFT	2545	vnmul.f64
ARM_SOFT	2546	vnmulrsvd.f64
ARM_SOFT	2547	vaddeq.f32
ARM_SOFT	2548	vaddne.f32
ARM_SOFT	2549	vaddcs.f32
ARM_SOFT	2550	vaddcc.f32
ARM_SOFT	2551	vaddmi.f32
ARM_SOFT	2552	vaddpl.f32
ARM_SOFT	2553	vaddvs.f32
ARM_SOFT	2554	vaddvc.f32
ARM_SOFT	2555	vaddhi.f32
ARM_SOFT	2556	vaddls.f32
ARM_SOFT	2557	vaddge.f32
ARM_SOFT	2558	vaddlt.f32
ARM_SOFT	2559	vaddgt.f32
ARM_SOFT	2560	vaddle.f32
ARM_SOFT	2561	vadd.f32
ARM_SOFT	2562	vaddrsvd.f32
ARM_SOFT	2563	vaddeq.f64
ARM_SOFT	2564	vaddne.f64
ARM_SOFT	2565	vaddcs.f64
ARM_SOFT	2566	vaddcc.f64
ARM_SOFT	2567	vaddmi.f64
ARM_SOFT	2568	vaddpl.f64
ARM_SOFT	2569	vaddvs.f64
ARM_SOFT	2570	vaddvc.f64
ARM_SOFT	2571	vaddhi.f64
ARM_SOFT	2572	vaddls.f64
ARM_SOFT	2573	vaddge.f64
ARM_SOFT	2574	vaddlt.f64
ARM_SOFT	2575	vaddgt.f64
ARM_SOFT	2576	vaddle.f64
ARM_SOFT	2577	vadd.f64
ARM_SOFT	2578	vaddrsvd.f64
ARM_SOFT	2579	vsubeq.f32
ARM_SOFT	2580	vsubne.f32
ARM_SOFT	2581	vsubcs.f32
ARM_SOFT	2582	vsubcc.f32
ARM_SOFT	2583	vsubmi.f32
ARM_SOFT	2584	vsubpl.f32
ARM_SOFT	2585	vsubvs.f32
ARM_SOFT	2586	vsubvc.f32
ARM_SOFT	2587	vsubhi.f32
ARM_SOFT	2588	vsubls.f32
ARM_SOFT	2589	vsubge.f32
ARM_SOFT	2590	vsublt.f32
ARM_SOFT	2591	vsubgt.f32
ARM_SOFT	2592	vsuble.f32
ARM_SOFT	2593	vsub.f32
ARM_SOFT	2594	vsubrsvd.f32
ARM_SOFT	2595	vsubeq.f64
ARM_SOFT	2596	vsubne.f64
ARM_SOFT	2597	vsubcs.f64
ARM_SOFT	2598	vsubcc.f64
ARM_SOFT	2599	vsubmi.f64
ARM_SOFT	2600	vsubpl.f64
ARM_SOFT	2601	vsubvs.f64
ARM_SOFT	2602	vsubvc.f64
ARM_SOFT	2603	vsubhi.f64
ARM_SOFT	2604	vsubls.f64
ARM_SOFT	2605	vsubge.f64
ARM_SOFT	2606	vsublt.f64
ARM_SOFT	2607	vsubgt.f64
ARM_SOFT	2608	vsuble.f64
ARM_SOFT	2609	vsub.f64
ARM_SOFT	2610	vsubrsvd.f64
ARM_SOFT	2611	vdiveq.f32
ARM_SOFT	2612	vdivne.f32
ARM_SOFT	2613	vdivcs.f32
ARM_SOFT	2614	vdivcc.f32
ARM_SOFT	2615	vdivmi.f32
ARM_SOFT	2616	vdivpl.f32
ARM_SOFT	2617	vdivvs.f32
ARM_SOFT	2618	vdivvc.f32
ARM_SOFT	2619	vdivhi.f32
ARM_SOFT	2620	vdivls.f32
ARM_SOFT	2621	vdivge.f32
ARM_SOFT	2622	vdivlt.f32
ARM_SOFT	2623	vdivgt.f32
ARM_SOFT	2624	vdivle.f32
ARM_SOFT	2625	vdiv.f32
ARM_SOFT	2626	vdivrsvd.f32
ARM_SOFT	2627	vdiveq.f64
ARM_SOFT	2628	vdivne.f64
ARM_SOFT	2629	vdivcs.f64
ARM_SOFT	2630	vdivcc.f64
ARM_SOFT	2631	vdivmi.f64
ARM_SOFT	2632	vdivpl.f64
ARM_SOFT	2633	vdivvs.f64
ARM_SOFT	2634	vdivvc.f64
ARM_SOFT	2635	vdivhi.f64
ARM_SOFT	2636	vdivls.f64
ARM_SOFT	2637	vdivge.f64
ARM_SOFT	2638	vdivlt.f64
ARM_SOFT	2639	vdivgt.f64
ARM_SOFT	2640	vdivle.f64
ARM_SOFT	2641	vdiv.f64
ARM_SOFT	2642	vdivrsvd.f64
ARM_SOFT	2643	vnegeq.f32
ARM_SOFT	2644	vnegne.f32
ARM_SOFT	2645	vnegcs.f32
ARM_SOFT	2646	vnegcc.f32
ARM_SOFT	2647	vnegmi.f32
ARM_SOFT	2648	vnegpl.f32
ARM_SOFT	2649	vnegvs.f32
ARM_SOFT	2650	vnegvc.f32
ARM_SOFT	2651	vneghi.f32
ARM_SOFT	2652	vnegls.f32
ARM_SOFT	2653	vnegge.f32
ARM_SOFT	2654	vneglt.f32
ARM_SOFT	2655	vneggt.f32
ARM_SOFT	2656	vnegle.f32
ARM_SOFT	2657	vneg.f32
ARM_SOFT	2658	vnegrsvd.f32
ARM_SOFT	2659	vnegeq.f64
ARM_SOFT	2660	vnegne.f64
ARM_SOFT	2661	vnegcs.f64
ARM_SOFT	2662	vnegcc.f64
ARM_SOFT	2663	vnegmi.f64
ARM_SOFT	2664	vnegpl.f64
ARM_SOFT	2665	vnegvs.f64
ARM_SOFT	2666	vnegvc.f64
ARM_SOFT	2667	vneghi.f64
ARM_SOFT	2668	vnegls.f64
ARM_SOFT	2669	vnegge.f64
ARM_SOFT	2670	vneglt.f64
ARM_SOFT	2671	vneggt.f64
ARM_SOFT	2672	vnegle.f64
ARM_SOFT	2673	vneg.f64
ARM_SOFT	2674	vnegrsvd.f64
ARM_SOFT	2675	vabseq.f32
ARM_SOFT	2676	vabsne.f32
ARM_SOFT	2677	vabscs.f32
ARM_SOFT	2678	vabscc.f32
ARM_SOFT	2679	vabsmi.f32
ARM_SOFT	2680	vabspl.f32
ARM_SOFT	2681	vabsvs.f32
ARM_SOFT	2682	vabsvc.f32
ARM_SOFT	2683	vabshi.f32
ARM_SOFT	2684	vabsls.f32
ARM_SOFT	2685	vabsge.f32
ARM_SOFT	2686	vabslt.f32
ARM_SOFT	2687	vabsgt.f32
ARM_SOFT	2688	vabsle.f32
ARM_SOFT	2689	vabs.f32
ARM_SOFT	2690	vabsrsvd.f32
ARM_SOFT	2691	vabseq.f64
ARM_SOFT	2692	vabsne.f64
ARM_SOFT	2693	vabscs.f64
ARM_SOFT	2694	vabscc.f64
ARM_SOFT	2695	vabsmi.f64
ARM_SOFT	2696	vabspl.f64
ARM_SOFT	2697	vabsvs.f64
ARM_SOFT	2698	vabsvc.f64
ARM_SOFT	2699	vabshi.f64
ARM_SOFT	2700	vabsls.f64
ARM_SOFT	2701	vabsge.f64
ARM_SOFT	2702	vabslt.f64
ARM_SOFT	2703	vabsgt.f64
ARM_SOFT	2704	vabsle.f64
ARM_SOFT	2705	vabs.f64
ARM_SOFT	2706	vabsrsvd.f64
ARM_SOFT	2707	vsqrteq.f32
ARM_SOFT	2708	vsqrtne.f32
ARM_SOFT	2709	vsqrtcs.f32
ARM_SOFT	2710	vsqrtcc.f32
ARM_SOFT	2711	vsqrtmi.f32
ARM_SOFT	2712	vsqrtpl.f32
ARM_SOFT	2713	vsqrtvs.f32
ARM_SOFT	2714	vsqrtvc.f32
ARM_SOFT	2715	vsqrthi.f32
ARM_SOFT	2716	vsqrtls.f32
ARM_SOFT	2717	vsqrtge.f32
ARM_SOFT	2718	vsqrtlt.f32
ARM_SOFT	2719	vsqrtgt.f32
ARM_SOFT	2720	vsqrtle.f32
ARM_SOFT	2721	vsqrt.f32
ARM_SOFT	2722	vsqrtrsvd.f32
ARM_SOFT	2723	vsqrteq.f64
ARM_SOFT	2724	vsqrtne.f64
ARM_SOFT	2725	vsqrtcs.f64
ARM_SOFT	2726	vsqrtcc.f64
ARM_SOFT	2727	vsqrtmi.f64
ARM_SOFT	2728	vsqrtpl.f64
ARM_SOFT	2729	vsqrtvs.f64
ARM_SOFT	2730	vsqrtvc.f64
ARM_SOFT	2731	vsqrthi.f64
ARM_SOFT	2732	vsqrtls.f64
ARM_SOFT	2733	vsqrtge.f64
ARM_SOFT	2734	vsqrtlt.f64
ARM_SOFT	2735	vsqrtgt.f64
ARM_SOFT	2736	vsqrtle.f64
ARM_SOFT	2737	vsqrt.f64
ARM_SOFT	2738	vsqrtrsvd.f64
ARM_SOFT	2739	vcmpeq.f32
ARM_SOFT	2740	vcmpne.f32
ARM_SOFT	2741	vcmpcs.f32
ARM_SOFT	2742	vcmpcc.f32
ARM_SOFT	2743	vcmpmi.f32
ARM_SOFT	2744	vcmppl.f32
ARM_SOFT	2745	vcmpvs.f32
ARM_SOFT	2746	vcmpvc.f32
ARM_SOFT	2747	vcmphi.f32
ARM_SOFT	2748	vcmpls.f32
ARM_SOFT	2749	vcmpge.f32
ARM_SOFT	2750	vcmplt.f32
ARM_SOFT	2751	vcmpgt.f32
ARM_SOFT	2752	vcmple.f32
ARM_SOFT	2753	vcmp.f32
ARM_SOFT	2754	vcmprsvd.f32
ARM_SOFT	2755	vcmpeq.f64
ARM_SOFT	2756	vcmpne.f64
ARM_SOFT	2757	vcmpcs.f64
ARM_SOFT	2758	vcmpcc.f64
ARM_SOFT	2759	vcmpmi.f64
ARM_SOFT	2760	vcmppl.f64
ARM_SOFT	2761	vcmpvs.f64
ARM_SOFT	2762	vcmpvc.f64
ARM_SOFT	2763	vcmphi.f64
ARM_SOFT	2764	vcmpls.f64
ARM_SOFT	2765	vcmpge.f64
ARM_SOFT	2766	vcmplt.f64
ARM_SOFT	2767	vcmpgt.f64
ARM_SOFT	2768	vcmple.f64
ARM_SOFT	2769	vcmp.f64
ARM_SOFT	2770	vcmprsvd.f64
ARM_SOFT	2771	vcmpeeq.f32
ARM_SOFT	2772	vcmpene.f32
ARM_SOFT	2773	vcmpecs.f32
ARM_SOFT	2774	vcmpecc.f32
ARM_SOFT	2775	vcmpemi.f32
ARM_SOFT	2776	vcmpepl.f32
ARM_SOFT	2777	vcmpevs.f32
ARM_SOFT	2778	vcmpevc.f32
ARM_SOFT	2779	vcmpehi.f32
ARM_SOFT	2780	vcmpels.f32
ARM_SOFT	2781	vcmpege.f32
ARM_SOFT	2782	vcmpelt.f32
ARM_SOFT	2783	vcmpegt.f32
ARM_SOFT	2784	vcmpele.f32
ARM_SOFT	2785	vcmpe.f32
ARM_SOFT	2786	vcmpersvd.f32
ARM_SOFT	2787	vcmpeeq.f64
ARM_SOFT	2788	vcmpene.f64
ARM_SOFT	2789	vcmpecs.f64
ARM_SOFT	2790	vcmpecc.f64
ARM_SOFT	2791	vcmpemi.f64
ARM_SOFT	2792	vcmpepl.f64
ARM_SOFT	2793	vcmpevs.f64
ARM_SOFT	2794	vcmpevc.f64
ARM_SOFT	2795	vcmpehi.f64
ARM_SOFT	2796	vcmpels.f64
ARM_SOFT	2797	vcmpege.f64
ARM_SOFT	2798	vcmpelt.f64
ARM_SOFT	2799	vcmpegt.f64
ARM_SOFT	2800	vcmpele.f64
ARM_SOFT	2801	vcmpe.f64
ARM_SOFT	2802	vcmpersvd.f64
ARM_SOFT	2803	vmoveq.f32
ARM_SOFT	2804	vmovne.f32
ARM_SOFT	2805	vmovcs.f32
ARM_SOFT	2806	vmovcc.f32
ARM_SOFT	2807	vmovmi.f32
ARM_SOFT	2808	vmovpl.f32
ARM_SOFT	2809	vmovvs.f32
ARM_SOFT	2810	vmovvc.f32
ARM_SOFT	2811	vmovhi.f32
ARM_SOFT	2812	vmovls.f32
ARM_SOFT	2813	vmovge.f32
ARM_SOFT	2814	vmovlt.f32
ARM_SOFT	2815	vmovgt.f32
ARM_SOFT	2816	vmovle.f32
ARM_SOFT	2817	vmov.f32
ARM_SOFT	2818	vmovrsvd.f32
ARM_SOFT	2819	vmoveq.f64
ARM_SOFT	2820	vmovne.f64
ARM_SOFT	2821	vmovcs.f64
ARM_SOFT	2822	vmovcc.f64
ARM_SOFT	2823	vmovmi.f64
ARM_SOFT	2824	vmovpl.f64
ARM_SOFT	2825	vmovvs.f64
ARM_SOFT	2826	vmovvc.f64
ARM_SOFT	2827	vmovhi.f64
ARM_SOFT	2828	vmovls.f64
ARM_SOFT	2829	vmovge.f64
ARM_SOFT	2830	vmovlt.f64
ARM_SOFT	2831	vmovgt.f64
ARM_SOFT	2832	vmovle.f64
ARM_SOFT	2833	vmov.f64
ARM_SOFT	2834	vmovrsvd.f64
ARM_SOFT	2835	vcvtreq.s32.f64
ARM_SOFT	2836	vcvtrne.s32.f64
ARM_SOFT	2837	vcvtrcs.s32.f64
ARM_SOFT	2838	vcvtrcc.s32.f64
ARM_SOFT	2839	vcvtrmi.s32.f64
ARM_SOFT	2840	vcvtrpl.s32.f64
ARM_SOFT	2841	vcvtrvs.s32.f64
ARM_SOFT	2842	vcvtrvc.s32.f64
ARM_SOFT	2843	vcvtrhi.s32.f64
ARM_SOFT	2844	vcvtrls.s32.f64
ARM_SOFT	2845	vcvtrge.s32.f64
ARM_SOFT	2846	vcvtrlt.s32.f64
ARM_SOFT	2847	vcvtrgt.s32.f64
ARM_SOFT	2848	vcvtrle.s32.f64
ARM_SOFT	2849	vcvtr.s32.f64
ARM_SOFT	2850	vcvtrrsvd.s32.f64
ARM_SOFT	2851	vcvtreq.s32.f32
ARM_SOFT	2852	vcvtrne.s32.f32
ARM_SOFT	2853	vcvtrcs.s32.f32
ARM_SOFT	2854	vcvtrcc.s32.f32
ARM_SOFT	2855	vcvtrmi.s32.f32
ARM_SOFT	2856	vcvtrpl.s32.f32
ARM_SOFT	2857	vcvtrvs.s32.f32
ARM_SOFT	2858	vcvtrvc.s32.f32
ARM_SOFT	2859	vcvtrhi.s32.f32
ARM_SOFT	2860	vcvtrls.s32.f32
ARM_SOFT	2861	vcvtrge.s32.f32
ARM_SOFT	2862	vcvtrlt.s32.f32
ARM_SOFT	2863	vcvtrgt.s32.f32
ARM_SOFT	2864	vcvtrle.s32.f32
ARM_SOFT	2865	vcvtr.s32.f32
ARM_SOFT	2866	vcvtrrsvd.s32.f32
ARM_SOFT	2867	vcvtreq.u32.f64
ARM_SOFT	2868	vcvtrne.u32.f64
ARM_SOFT	2869	vcvtrcs.u32.f64
ARM_SOFT	2870	vcvtrcc.u32.f64
ARM_SOFT	2871	vcvtrmi.u32.f64
ARM_SOFT	2872	vcvtrpl.u32.f64
ARM_SOFT	2873	vcvtrvs.u32.f64
ARM_SOFT	2874	vcvtrvc.u32.f64
ARM_SOFT	2875	vcvtrhi.u32.f64
ARM_SOFT	2876	vcvtrls.u32.f64
ARM_SOFT	2877	vcvtrge.u32.f64
ARM_SOFT	2878	vcvtrlt.u32.f64
ARM_SOFT	2879	vcvtrgt.u32.f64
ARM_SOFT	2880	vcvtrle.u32.f64
ARM_SOFT	2881	vcvtr.u32.f64
ARM_SOFT	2882	vcvtrrsvd.u32.f64
ARM_SOFT	2883	vcvtreq.u32.f32
ARM_SOFT	2884	vcvtrne.u32.f32
ARM_SOFT	2885	vcvtrcs.u32.f32
ARM_SOFT	2886	vcvtrcc.u32.f32
ARM_SOFT	2887	vcvtrmi.u32.f32
ARM_SOFT	2888	vcvtrpl.u32.f32
ARM_SOFT	2889	vcvtrvs.u32.f32
ARM_SOFT	2890	vcvtrvc.u32.f32
ARM_SOFT	2891	vcvtrhi.u32.f32
ARM_SOFT	2892	vcvtrls.u32.f32
ARM_SOFT	2893	vcvtrge.u32.f32
ARM_SOFT	2894	vcvtrlt.u32.f32
ARM_SOFT	2895	vcvtrgt.u32.f32
ARM_SOFT	2896	vcvtrle.u32.f32
ARM_SOFT	2897	vcvtr.u32.f32
ARM_SOFT	2898	vcvtrrsvd.u32.f32
ARM_SOFT	2899	vcvteq.s32.f64
ARM_SOFT	2900	vcvtne.s32.f64
ARM_SOFT	2901	vcvtcs.s32.f64
ARM_SOFT	2902	vcvtcc.s32.f64
ARM_SOFT	2903	vcvtmi.s32.f64
ARM_SOFT	2904	vcvtpl.s32.f64
ARM_SOFT	2905	vcvtvs.s32.f64
ARM_SOFT	2906	vcvtvc.s32.f64
ARM_SOFT	2907	vcvthi.s32.f64
ARM_SOFT	2908	vcvtls.s32.f64
ARM_SOFT	2909	vcvtge.s32.f64
ARM_SOFT	2910	vcvtlt.s32.f64
ARM_SOFT	2911	vcvtgt.s32.f64
ARM_SOFT	2912	vcvtle.s32.f64
ARM_SOFT	2913	vcvt.s32.f64
ARM_SOFT	2914	vcvtrsvd.s32.f64
ARM_SOFT	2915	vcvteq.s32.f32
ARM_SOFT	2916	vcvtne.s32.f32
ARM_SOFT	2917	vcvtcs.s32.f32
ARM_SOFT	2918	vcvtcc.s32.f32
ARM_SOFT	2919	vcvtmi.s32.f32
ARM_SOFT	2920	vcvtpl.s32.f32
ARM_SOFT	2921	vcvtvs.s32.f32
ARM_SOFT	2922	vcvtvc.s32.f32
ARM_SOFT	2923	vcvthi.s32.f32
ARM_SOFT	2924	vcvtls.s32.f32
ARM_SOFT	2925	vcvtge.s32.f32
ARM_SOFT	2926	vcvtlt.s32.f32
ARM_SOFT	2927	vcvtgt.s32.f32
ARM_SOFT	2928	vcvtle.s32.f32
ARM_SOFT	2929	vcvt.s32.f32
ARM_SOFT	2930	vcvtrsvd.s32.f32
ARM_SOFT	2931	vcvteq.u32.f64
ARM_SOFT	2932	vcvtne.u32.f64
ARM_SOFT	2933	vcvtcs.u32.f64
ARM_SOFT	2934	vcvtcc.u32.f64
ARM_SOFT	2935	vcvtmi.u32.f64
ARM_SOFT	2936	vcvtpl.u32.f64
ARM_SOFT	2937	vcvtvs.u32.f64
ARM_SOFT	2938	vcvtvc.u32.f64
ARM_SOFT	2939	vcvthi.u32.f64
ARM_SOFT	2940	vcvtls.u32.f64
ARM_SOFT	2941	vcvtge.u32.f64
ARM_SOFT	2942	vcvtlt.u32.f64
ARM_SOFT	2943	vcvtgt.u32.f64
ARM_SOFT	2944	vcvtle.u32.f64
ARM_SOFT	2945	vcvt.u32.f64
ARM_SOFT	2946	vcvtrsvd.u32.f64
ARM_SOFT	2947	vcvteq.u32.f32
ARM_SOFT	2948	vcvtne.u32.f32
ARM_SOFT	2949	vcvtcs.u32.f32
ARM_SOFT	2950	vcvtcc.u32.f32
ARM_SOFT	2951	vcvtmi.u32.f32
ARM_SOFT	2952	vcvtpl.u32.f32
ARM_SOFT	2953	vcvtvs.u32.f32
ARM_SOFT	2954	vcvtvc.u32.f32
ARM_SOFT	2955	vcvthi.u32.f32
ARM_SOFT	2956	vcvtls.u32.f32
ARM_SOFT	2957	vcvtge.u32.f32
ARM_SOFT	2958	vcvtlt.u32.f32
ARM_SOFT	2959	vcvtgt.u32.f32
ARM_SOFT	2960	vcvtle.u32.f32
ARM_SOFT	2961	vcvt.u32.f32
ARM_SOFT	2962	vcvtrsvd.u32.f32
ARM_SOFT	2963	vcvteq.f64.s32
ARM_SOFT	2964	vcvtne.f64.s32
ARM_SOFT	2965	vcvtcs.f64.s32
ARM_SOFT	2966	vcvtcc.f64.s32
ARM_SOFT	2967	vcvtmi.f64.s32
ARM_SOFT	2968	vcvtpl.f64.s32
ARM_SOFT	2969	vcvtvs.f64.s32
ARM_SOFT	2970	vcvtvc.f64.s32
ARM_SOFT	2971	vcvthi.f64.s32
ARM_SOFT	2972	vcvtls.f64.s32
ARM_SOFT	2973	vcvtge.f64.s32
ARM_SOFT	2974	vcvtlt.f64.s32
ARM_SOFT	2975	vcvtgt.f64.s32
ARM_SOFT	2976	vcvtle.f64.s32
ARM_SOFT	2977	vcvt.f64.s32
ARM_SOFT	2978	vcvtrsvd.f64.s32
ARM_SOFT	2979	vcvteq.f32.s32
ARM_SOFT	2980	vcvtne.f32.s32
ARM_SOFT	2981	vcvtcs.f32.s32
ARM_SOFT	2982	vcvtcc.f32.s32
ARM_SOFT	2983	vcvtmi.f32.s32
ARM_SOFT	2984	vcvtpl.f32.s32
ARM_SOFT	2985	vcvtvs.f32.s32
ARM_SOFT	2986	vcvtvc.f32.s32
ARM_SOFT	2987	vcvthi.f32.s32
ARM_SOFT	2988	vcvtls.f32.s32
ARM_SOFT	2989	vcvtge.f32.s32
ARM_SOFT	2990	vcvtlt.f32.s32
ARM_SOFT	2991	vcvtgt.f32.s32
ARM_SOFT	2992	vcvtle.f32.s32
ARM_SOFT	2993	vcvt.f32.s32
ARM_SOFT	2994	vcvtrsvd.f32.s32
ARM_SOFT	2995	vcvteq.f64.u32
ARM_SOFT	2996	vcvtne.f64.u32
ARM_SOFT	2997	vcvtcs.f64.u32
ARM_SOFT	2998	vcvtcc.f64.u32
ARM_SOFT	2999	vcvtmi.f64.u32
ARM_SOFT	3000	vcvtpl.f64.u32
ARM_SOFT	3001	vcvtvs.f64.u32
ARM_SOFT	3002	vcvtvc.f64.u32
ARM_SOFT	3003	vcvthi.f64.u32
ARM_SOFT	3004	vcvtls.f64.u32
ARM_SOFT	3005	vcvtge.f64.u32
ARM_SOFT	3006	vcvtlt.f64.u32
ARM_SOFT	3007	vcvtgt.f64.u32
ARM_SOFT	3008	vcvtle.f64.u32
ARM_SOFT	3009	vcvt.f64.u32
ARM_SOFT	3010	vcvtrsvd.f64.u32
ARM_SOFT	3011	vcvteq.f32.u32
ARM_SOFT	3012	vcvtne.f32.u32
ARM_SOFT	3013	vcvtcs.f32.u32
ARM_SOFT	3014	vcvtcc.f32.u32
ARM_SOFT	3015	vcvtmi.f32.u32
ARM_SOFT	3016	vcvtpl.f32.u32
ARM_SOFT	3017	vcvtvs.f32.u32
ARM_SOFT	3018	vcvtvc.f32.u32
ARM_SOFT	3019	vcvthi.f32.u32
ARM_SOFT	3020	vcvtls.f32.u32
ARM_SOFT	3021	vcvtge.f32.u32
ARM_SOFT	3022	vcvtlt.f32.u32
ARM_SOFT	3023	vcvtgt.f32.u32
ARM_SOFT	3024	vcvtle.f32.u32
ARM_SOFT	3025	vcvt.f32.u32
ARM_SOFT	3026	vcvtrsvd.f32.u32
ARM_SOFT	3027	vcvteq.f64.f32
ARM_SOFT	3028	vcvtne.f64.f32
ARM_SOFT	3029	vcvtcs.f64.f32
ARM_SOFT	3030	vcvtcc.f64.f32
ARM_SOFT	3031	vcvtmi.f64.f32
ARM_SOFT	3032	vcvtpl.f64.f32
ARM_SOFT	3033	vcvtvs.f64.f32
ARM_SOFT	3034	vcvtvc.f64.f32
ARM_SOFT	3035	vcvthi.f64.f32
ARM_SOFT	3036	vcvtls.f64.f32
ARM_SOFT	3037	vcvtge.f64.f32
ARM_SOFT	3038	vcvtlt.f64.f32
ARM_SOFT	3039	vcvtgt.f64.f32
ARM_SOFT	3040	vcvtle.f64.f32
ARM_SOFT	3041	vcvt.f64.f32
ARM_SOFT	3042	vcvtrsvd.f64.f32
ARM_SOFT	3043	vcvteq.f32.f64
ARM_SOFT	3044	vcvtne.f32.f64
ARM_SOFT	3045	vcvtcs.f32.f64
ARM_SOFT	3046	vcvtcc.f32.f64
ARM_SOFT	3047	vcvtmi.f32.f64
ARM_SOFT	3048	vcvtpl.f32.f64
ARM_SOFT	3049	vcvtvs.f32.f64
ARM_SOFT	3050	vcvtvc.f32.f64
ARM_SOFT	3051	vcvthi.f32.f64
ARM_SOFT	3052	vcvtls.f32.f64
ARM_SOFT	3053	vcvtge.f32.f64
ARM_SOFT	3054	vcvtlt.f32.f64
ARM_SOFT	3055	vcvtgt.f32.f64
ARM_SOFT	3056	vcvtle.f32.f64
ARM_SOFT	3057	vcvt.f32.f64
ARM_SOFT	3058	vcvtrsvd.f32.f64
ARM_SOFT	3059	vpusheq
ARM_SOFT	3060	vpushne
ARM_SOFT	3061	vpushcs
ARM_SOFT	3062	vpushcc
ARM_SOFT	3063	vpushmi
ARM_SOFT	3064	vpushpl
ARM_SOFT	3065	vpushvs
ARM_SOFT	3066	vpushvc
ARM_SOFT	3067	vpushhi
ARM_SOFT	3068	vpushls
ARM_SOFT	3069	vpushge
ARM_SOFT	3070	vpushlt
ARM_SOFT	3071	vpushgt
ARM_SOFT	3072	vpushle
ARM_SOFT	3073	vpush
ARM_SOFT	3074	vpushrsvd
ARM_SOFT	3075	vpopeq
ARM_SOFT	3076	vpopne
ARM_SOFT	3077	vpopcs
ARM_SOFT	3078	vpopcc
ARM_SOFT	3079	vpopmi
ARM_SOFT	3080	vpoppl
ARM_SOFT	3081	vpopvs
ARM_SOFT	3082	vpopvc
ARM_SOFT	3083	vpophi
ARM_SOFT	3084	vpopls
ARM_SOFT	3085	vpopge
ARM_SOFT	3086	vpoplt
ARM_SOFT	3087	vpopgt
ARM_SOFT	3088	vpople
ARM_SOFT	3089	vpop
ARM_SOFT	3090	vpoprsvd
ARM_SOFT	3091	vldmeq
ARM_SOFT	3092	vldmne
ARM_SOFT	3093	vldmcs
ARM_SOFT	3094	vldmcc
ARM_SOFT	3095	vldmmi
ARM_SOFT	3096	vldmpl
ARM_SOFT	3097	vldmvs
ARM_SOFT	3098	vldmvc
ARM_SOFT	3099	vldmhi
ARM_SOFT	3100	vldmls
ARM_SOFT	3101	vldmge
ARM_SOFT	3102	vldmlt
ARM_SOFT	3103	vldmgt
ARM_SOFT	3104	vldmle
ARM_SOFT	3105	vldm
ARM_SOFT	3106	vldmrsvd
ARM_SOFT	3107	vldmiaeq
ARM_SOFT	3108	vldmiane
ARM_SOFT	3109	vldmiacs
ARM_SOFT	3110	vldmiacc
ARM_SOFT	3111	vldmiami
ARM_SOFT	3112	vldmiapl
ARM_SOFT	3113	vldmiavs
ARM_SOFT	3114	vldmiavc
ARM_SOFT	3115	vldmiahi
ARM_SOFT	3116	vldmials
ARM_SOFT	3117	vldmiage
ARM_SOFT	3118	vldmialt
ARM_SOFT	3119	vldmiagt
ARM_SOFT	3120	vldmiale
ARM_SOFT	3121	vldmia
ARM_SOFT	3122	vldmiarsvd
ARM_SOFT	3123	vldmdbeq
ARM_SOFT	3124	vldmdbne
ARM_SOFT	3125	vldmdbcs
ARM_SOFT	3126	vldmdbcc
ARM_SOFT	3127	vldmdbmi
ARM_SOFT	3128	vldmdbpl
ARM_SOFT	3129	vldmdbvs
ARM_SOFT	3130	vldmdbvc
ARM_SOFT	3131	vldmdbhi
ARM_SOFT	3132	vldmdbls
ARM_SOFT	3133	vldmdbge
ARM_SOFT	3134	vldmdblt
ARM_SOFT	3135	vldmdbgt
ARM_SOFT	3136	vldmdble
ARM_SOFT	3137	vldmdb
ARM_SOFT	3138	vldmdbrsvd
ARM_SOFT	3139	vstmeq
ARM_SOFT	3140	vstmne
ARM_SOFT	3141	vstmcs
ARM_SOFT	3142	vstmcc
ARM_SOFT	3143	vstmmi
ARM_SOFT	3144	vstmpl
ARM_SOFT	3145	vstmvs
ARM_SOFT	3146	vstmvc
ARM_SOFT	3147	vstmhi
ARM_SOFT	3148	vstmls
ARM_SOFT	3149	vstmge
ARM_SOFT	3150	vstmlt
ARM_SOFT	3151	vstmgt
ARM_SOFT	3152	vstmle
ARM_SOFT	3153	vstm
ARM_SOFT	3154	vstmrsvd
ARM_SOFT	3155	vstmiaeq
ARM_SOFT	3156	vstmiane
ARM_SOFT	3157	vstmiacs
ARM_SOFT	3158	vstmiacc
ARM_SOFT	3159	vstmiami
ARM_SOFT	3160	vstmiapl
ARM_SOFT	3161	vstmiavs
ARM_SOFT	3162	vstmiavc
ARM_SOFT	3163	vstmiahi
ARM_SOFT	3164	vstmials
ARM_SOFT	3165	vstmiage
ARM_SOFT	3166	vstmialt
ARM_SOFT	3167	vstmiagt
ARM_SOFT	3168	vstmiale
ARM_SOFT	3169	vstmia
ARM_SOFT	3170	vstmiarsvd
ARM_SOFT	3171	vstmdbeq
ARM_SOFT	3172	vstmdbne
ARM_SOFT	3173	vstmdbcs
ARM_SOFT	3174	vstmdbcc
ARM_SOFT	3175	vstmdbmi
ARM_SOFT	3176	vstmdbpl
ARM_SOFT	3177	vstmdbvs
ARM_SOFT	3178	vstmdbvc
ARM_SOFT	3179	vstmdbhi
ARM_SOFT	3180	vstmdbls
ARM_SOFT	3181	vstmdbge
ARM_SOFT	3182	vstmdblt
ARM_SOFT	3183	vstmdbgt
ARM_SOFT	3184	vstmdble
ARM_SOFT	3185	vstmdb
ARM_SOFT	3186	vstmdbrsvd
ARM_SOFT	3187	vmsreq
ARM_SOFT	3188	vmsrne
ARM_SOFT	3189	vmsrcs
ARM_SOFT	3190	vmsrcc
ARM_SOFT	3191	vmsrmi
ARM_SOFT	3192	vmsrpl
ARM_SOFT	3193	vmsrvs
ARM_SOFT	3194	vmsrvc
ARM_SOFT	3195	vmsrhi
ARM_SOFT	3196	vmsrls
ARM_SOFT	3197	vmsrge
ARM_SOFT	3198	vmsrlt
ARM_SOFT	3199	vmsrgt
ARM_SOFT	3200	vmsrle
ARM_SOFT	3201	vmsr
ARM_SOFT	3202	vmsrrsvd
ARM_SOFT	3203	vmrseq
ARM_SOFT	3204	vmrsne
ARM_SOFT	3205	vmrscs
ARM_SOFT	3206	vmrscc
ARM_SOFT	3207	vmrsmi
ARM_SOFT	3208	vmrspl
ARM_SOFT	3209	vmrsvs
ARM_SOFT	3210	vmrsvc
ARM_SOFT	3211	vmrshi
ARM_SOFT	3212	vmrsls
ARM_SOFT	3213	vmrsge
ARM_SOFT	3214	vmrslt
ARM_SOFT	3215	vmrsgt
ARM_SOFT	3216	vmrsle
ARM_SOFT	3217	vmrs
ARM_SOFT	3218	vmrsrsvd
ARM_SOFT	FIRST_IDENTIFIER	3219
ARM_VFP	256	if
ARM_VFP	257	else
ARM_VFP	258	while
ARM_VFP	259	for
ARM_VFP	260	do
ARM_VFP	261	continue
ARM_VFP	262	break
ARM_VFP	263	return
ARM_VFP	264	goto
ARM_VFP	265	switch
ARM_VFP	266	case
ARM_VFP	267	default
ARM_VFP	268	asm
ARM_VFP	269	__asm
ARM_VFP	270	__asm__
ARM_VFP	271	extern
ARM_VFP	272	static
ARM_VFP	273	unsigned
ARM_VFP	274	_Atomic
ARM_VFP	275	const
ARM_VFP	276	__const
ARM_VFP	277	__const__
ARM_VFP	278	volatile
ARM_VFP	279	__volatile
ARM_VFP	280	__volatile__
ARM_VFP	281	register
ARM_VFP	282	signed
ARM_VFP	283	__signed
ARM_VFP	284	__signed__
ARM_VFP	285	auto
ARM_VFP	286	inline
ARM_VFP	287	__inline
ARM_VFP	288	__inline__
ARM_VFP	289	restrict
ARM_VFP	290	__restrict
ARM_VFP	291	__restrict__
ARM_VFP	292	__extension__
ARM_VFP	293	_Thread_local
ARM_VFP	294	__thread
ARM_VFP	295	_Generic
ARM_VFP	296	_Static_assert
ARM_VFP	297	void
ARM_VFP	298	char
ARM_VFP	299	int
ARM_VFP	300	float
ARM_VFP	301	double
ARM_VFP	302	_Bool
ARM_VFP	303	_Complex
ARM_VFP	304	short
ARM_VFP	305	long
ARM_VFP	306	struct
ARM_VFP	307	union
ARM_VFP	308	typedef
ARM_VFP	309	enum
ARM_VFP	310	sizeof
ARM_VFP	311	__attribute
ARM_VFP	312	__attribute__
ARM_VFP	313	__alignof
ARM_VFP	314	__alignof__
ARM_VFP	315	_Alignof
ARM_VFP	316	_Alignas
ARM_VFP	317	typeof
ARM_VFP	318	__typeof
ARM_VFP	319	__typeof__
ARM_VFP	320	__label__
ARM_VFP	321	define
ARM_VFP	322	include
ARM_VFP	323	include_next
ARM_VFP	324	ifdef
ARM_VFP	325	ifndef
ARM_VFP	326	elif
ARM_VFP	327	endif
ARM_VFP	328	defined
ARM_VFP	329	undef
ARM_VFP	330	error
ARM_VFP	331	warning
ARM_VFP	332	line
ARM_VFP	333	pragma
ARM_VFP	334	__LINE__
ARM_VFP	335	__FILE__
ARM_VFP	336	__DATE__
ARM_VFP	337	__TIME__
ARM_VFP	338	__FUNCTION__
ARM_VFP	339	__VA_ARGS__
ARM_VFP	340	__COUNTER__
ARM_VFP	341	__has_include
ARM_VFP	342	__has_include_next
ARM_VFP	343	__func__
ARM_VFP	344	__nan__
ARM_VFP	345	__snan__
ARM_VFP	346	__inf__
ARM_VFP	347	section
ARM_VFP	348	__section__
ARM_VFP	349	aligned
ARM_VFP	350	__aligned__
ARM_VFP	351	packed
ARM_VFP	352	__packed__
ARM_VFP	353	weak
ARM_VFP	354	__weak__
ARM_VFP	355	alias
ARM_VFP	356	__alias__
ARM_VFP	357	used
ARM_VFP	358	__used__
ARM_VFP	359	unused
ARM_VFP	360	__unused__
ARM_VFP	361	format
ARM_VFP	362	__format__
ARM_VFP	363	nodebug
ARM_VFP	364	__nodebug__
ARM_VFP	365	cdecl
ARM_VFP	366	__cdecl
ARM_VFP	367	__cdecl__
ARM_VFP	368	stdcall
ARM_VFP	369	__stdcall
ARM_VFP	370	__stdcall__
ARM_VFP	371	fastcall
ARM_VFP	372	__fastcall
ARM_VFP	373	__fastcall__
ARM_VFP	374	thiscall
ARM_VFP	375	__thiscall
ARM_VFP	376	__thiscall__
ARM_VFP	377	regparm
ARM_VFP	378	__regparm__
ARM_VFP	379	cleanup
ARM_VFP	380	__cleanup__
ARM_VFP	381	constructor
ARM_VFP	382	__constructor__
ARM_VFP	383	destructor
ARM_VFP	384	__destructor__
ARM_VFP	385	always_inline
ARM_VFP	386	__always_inline__
ARM_VFP	387	__noinline__
ARM_VFP	388	pure
ARM_VFP	389	__pure__
ARM_VFP	390	__mode__
ARM_VFP	391	__QI__
ARM_VFP	392	__DI__
ARM_VFP	393	__HI__
ARM_VFP	394	__SI__
ARM_VFP	395	__word__
ARM_VFP	396	dllexport
ARM_VFP	397	dllimport
ARM_VFP	398	nodecorate
ARM_VFP	399	noreturn
ARM_VFP	400	__noreturn__
ARM_VFP	401	_Noreturn
ARM_VFP	402	visibility
ARM_VFP	403	__visibility__
ARM_VFP	404	__builtin_types_compatible_p
ARM_VFP	405	__builtin_choose_expr
ARM_VFP	406	__builtin_constant_p
ARM_VFP	407	__builtin_frame_address
ARM_VFP	408	__builtin_return_address
ARM_VFP	409	__builtin_expect
ARM_VFP	410	__builtin_unreachable
ARM_VFP	411	__atomic_store
ARM_VFP	412	__atomic_load
ARM_VFP	413	__atomic_exchange
ARM_VFP	414	__atomic_compare_exchange
ARM_VFP	415	__atomic_fetch_add
ARM_VFP	416	__atomic_fetch_sub
ARM_VFP	417	__atomic_fetch_or
ARM_VFP	418	__atomic_fetch_xor
ARM_VFP	419	__atomic_fetch_and
ARM_VFP	420	__atomic_fetch_nand
ARM_VFP	421	__atomic_add_fetch
ARM_VFP	422	__atomic_sub_fetch
ARM_VFP	423	__atomic_or_fetch
ARM_VFP	424	__atomic_xor_fetch
ARM_VFP	425	__atomic_and_fetch
ARM_VFP	426	__atomic_nand_fetch
ARM_VFP	427	pack
ARM_VFP	428	comment
ARM_VFP	429	lib
ARM_VFP	430	push_macro
ARM_VFP	431	pop_macro
ARM_VFP	432	once
ARM_VFP	433	option
ARM_VFP	434	memcpy
ARM_VFP	435	memmove
ARM_VFP	436	memset
ARM_VFP	437	__divdi3
ARM_VFP	438	__moddi3
ARM_VFP	439	__udivdi3
ARM_VFP	440	__umoddi3
ARM_VFP	441	__ashrdi3
ARM_VFP	442	__lshrdi3
ARM_VFP	443	__ashldi3
ARM_VFP	444	__floatundisf
ARM_VFP	445	__floatundidf
ARM_VFP	446	__fixunssfdi
ARM_VFP	447	__fixunsdfdi
ARM_VFP	448	__modsi3
ARM_VFP	449	__umodsi3
ARM_VFP	450	__divsi3
ARM_VFP	451	__udivsi3
ARM_VFP	452	__floatdisf
ARM_VFP	453	__floatdidf
ARM_VFP	454	__fixsfdi
ARM_VFP	455	__fixdfdi
ARM_VFP	456	alloca
ARM_VFP	457	.byte
ARM_VFP	458	.word
ARM_VFP	459	.align
ARM_VFP	460	.balign
ARM_VFP	461	.p2align
ARM_VFP	462	.set
ARM_VFP	463	.skip
ARM_VFP	464	.space
ARM_VFP	465	.string
ARM_VFP	466	.asciz
ARM_VFP	467	.ascii
ARM_VFP	468	.file
ARM_VFP	469	.globl
ARM_VFP	470	.global
ARM_VFP	471	.weak
ARM_VFP	472	.hidden
ARM_VFP	473	.ident
ARM_VFP	474	.size
ARM_VFP	475	.type
ARM_VFP	476	.text
ARM_VFP	477	.data
ARM_VFP	478	.bss
ARM_VFP	479	.previous
ARM_VFP	480	.pushsection
ARM_VFP	481	.popsection
ARM_VFP	482	.fill
ARM_VFP	483	.rept
ARM_VFP	484	.endr
ARM_VFP	485	.org
ARM_VFP	486	.quad
ARM_VFP	487	.code16
ARM_VFP	488	.code32
ARM_VFP	489	.short
ARM_VFP	490	.long
ARM_VFP	491	.int
ARM_VFP	492	.symver
ARM_VFP	493	.reloc
ARM_VFP	494	.section
ARM_VFP	495	r0
ARM_VFP	496	r1
ARM_VFP	497	r2
ARM_VFP	498	r3
ARM_VFP	499	r4
ARM_VFP	500	r5
ARM_VFP	501	r6
ARM_VFP	502	r7
ARM_VFP	503	r8
ARM_VFP	504	r9
ARM_VFP	505	r10
ARM_VFP	506	r11
ARM_VFP	507	r12
ARM_VFP	508	r13
ARM_VFP	509	r14
ARM_VFP	510	r15
ARM_VFP	511	a1
ARM_VFP	512	a2
ARM_VFP	513	a3
ARM_VFP	514	a4
ARM_VFP	515	v1
ARM_VFP	516	v2
ARM_VFP	517	v3
ARM_VFP	518	v4
ARM_VFP	519	v5
ARM_VFP	520	v6
ARM_VFP	521	v7
ARM_VFP	522	v8
ARM_VFP	523	sb
ARM_VFP	524	sl
ARM_VFP	525	fp
ARM_VFP	526	ip
ARM_VFP	527	sp
ARM_VFP	528	lr
ARM_VFP	529	pc
ARM_VFP	530	p0
ARM_VFP	531	p1
ARM_VFP	532	p2
ARM_VFP	533	p3
ARM_VFP	534	p4
ARM_VFP	535	p5
ARM_VFP	536	p6
ARM_VFP	537	p7
ARM_VFP	538	p8
ARM_VFP	539	p9
ARM_VFP	540	p10
ARM_VFP	541	p11
ARM_VFP	542	p12
ARM_VFP	543	p13
ARM_VFP	544	p14
ARM_VFP	545	p15
ARM_VFP	546	c0
ARM_VFP	547	c1
ARM_VFP	548	c2
ARM_VFP	549	c3
ARM_VFP	550	c4
ARM_VFP	551	c5
ARM_VFP	552	c6
ARM_VFP	553	c7
ARM_VFP	554	c8
ARM_VFP	555	c9
ARM_VFP	556	c10
ARM_VFP	557	c11
ARM_VFP	558	c12
ARM_VFP	559	c13
ARM_VFP	560	c14
ARM_VFP	561	c15
ARM_VFP	562	s0
ARM_VFP	563	s1
ARM_VFP	564	s2
ARM_VFP	565	s3
ARM_VFP	566	s4
ARM_VFP	567	s5
ARM_VFP	568	s6
ARM_VFP	569	s7
ARM_VFP	570	s8
ARM_VFP	571	s9
ARM_VFP	572	s10
ARM_VFP	573	s11
ARM_VFP	574	s12
ARM_VFP	575	s13
ARM_VFP	576	s14
ARM_VFP	577	s15
ARM_VFP	578	s16
ARM_VFP	579	s17
ARM_VFP	580	s18
ARM_VFP	581	s19
ARM_VFP	582	s20
ARM_VFP	583	s21
ARM_VFP	584	s22
ARM_VFP	585	s23
ARM_VFP	586	s24
ARM_VFP	587	s25
ARM_VFP	588	s26
ARM_VFP	589	s27
ARM_VFP	590	s28
ARM_VFP	591	s29
ARM_VFP	592	s30
ARM_VFP	593	s31
ARM_VFP	594	d0
ARM_VFP	595	d1
ARM_VFP	596	d2
ARM_VFP	597	d3
ARM_VFP	598	d4
ARM_VFP	599	d5
ARM_VFP	600	d6
ARM_VFP	601	d7
ARM_VFP	602	d8
ARM_VFP	603	d9
ARM_VFP	604	d10
ARM_VFP	605	d11
ARM_VFP	606	d12
ARM_VFP	607	d13
ARM_VFP	608	d14
ARM_VFP	609	d15
ARM_VFP	610	fpsid
ARM_VFP	611	fpscr
ARM_VFP	612	fpexc
ARM_VFP	613	apsr_nzcv
ARM_VFP	614	asl
ARM_VFP	615	cdp2
ARM_VFP	616	ldc2
ARM_VFP	617	ldc2l
ARM_VFP	618	stc2
ARM_VFP	619	stc2l
ARM_VFP	620	nopeq
ARM_VFP	621	nopne
ARM_VFP	622	nopcs
ARM_VFP	623	nopcc
ARM_VFP	624	nopmi
ARM_VFP	625	noppl
ARM_VFP	626	nopvs
ARM_VFP	627	nopvc
ARM_VFP	628	nophi
ARM_VFP	629	nopls
ARM_VFP	630	nopge
ARM_VFP	631	noplt
ARM_VFP	632	nopgt
ARM_VFP	633	nople
ARM_VFP	634	nop
ARM_VFP	635	noprsvd
ARM_VFP	636	wfeeq
ARM_VFP	637	wfene
ARM_VFP	638	wfecs
ARM_VFP	639	wfecc
ARM_VFP	640	wfemi
ARM_VFP	641	wfepl
ARM_VFP	642	wfevs
ARM_VFP	643	wfevc
ARM_VFP	644	wfehi
ARM_VFP	645	wfels
ARM_VFP	646	wfege
ARM_VFP	647	wfelt
ARM_VFP	648	wfegt
ARM_VFP	649	wfele
ARM_VFP	650	wfe
ARM_VFP	651	wfersvd
ARM_VFP	652	wfieq
ARM_VFP	653	wfine
ARM_VFP	654	wfics
ARM_VFP	655	wficc
ARM_VFP	656	wfimi
ARM_VFP	657	wfipl
ARM_VFP	658	wfivs
ARM_VFP	659	wfivc
ARM_VFP	660	wfihi
ARM_VFP	661	wfils
ARM_VFP	662	wfige
ARM_VFP	663	wfilt
ARM_VFP	664	wfigt
ARM_VFP	665	wfile
ARM_VFP	666	wfi
ARM_VFP	667	wfirsvd
ARM_VFP	668	swieq
ARM_VFP	669	swine
ARM_VFP	670	swics
ARM_VFP	671	swicc
ARM_VFP	672	swimi
ARM_VFP	673	swipl
ARM_VFP	674	swivs
ARM_VFP	675	swivc
ARM_VFP	676	swihi
ARM_VFP	677	swils
ARM_VFP	678	swige
ARM_VFP	679	swilt
ARM_VFP	680	swigt
ARM_VFP	681	swile
ARM_VFP	682	swi
ARM_VFP	683	swirsvd
ARM_VFP	684	svceq
ARM_VFP	685	svcne
ARM_VFP	686	svccs
ARM_VFP	687	svccc
ARM_VFP	688	svcmi
ARM_VFP	689	svcpl
ARM_VFP	690	svcvs
ARM_VFP	691	svcvc
ARM_VFP	692	svchi
ARM_VFP	693	svcls
ARM_VFP	694	svcge
ARM_VFP	695	svclt
ARM_VFP	696	svcgt
ARM_VFP	697	svcle
ARM_VFP	698	svc
ARM_VFP	699	svcrsvd
ARM_VFP	700	clzeq
ARM_VFP	701	clzne
ARM_VFP	702	clzcs
ARM_VFP	703	clzcc
ARM_VFP	704	clzmi
ARM_VFP	705	clzpl
ARM_VFP	706	clzvs
ARM_VFP	707	clzvc
ARM_VFP	708	clzhi
ARM_VFP	709	clzls
ARM_VFP	710	clzge
ARM_VFP	711	clzlt
ARM_VFP	712	clzgt
ARM_VFP	713	clzle
ARM_VFP	714	clz
ARM_VFP	715	clzrsvd
ARM_VFP	716	sxtbeq
ARM_VFP	717	sxtbne
ARM_VFP	718	sxtbcs
ARM_VFP	719	sxtbcc
ARM_VFP	720	sxtbmi
ARM_VFP	721	sxtbpl
ARM_VFP	722	sxtbvs
ARM_VFP	723	sxtbvc
ARM_VFP	724	sxtbhi
ARM_VFP	725	sxtbls
ARM_VFP	726	sxtbge
ARM_VFP	727	sxtblt
ARM_VFP	728	sxtbgt
ARM_VFP	729	sxtble
ARM_VFP	730	sxtb
ARM_VFP	731	sxtbrsvd
ARM_VFP	732	sxtheq
ARM_VFP	733	sxthne
ARM_VFP	734	sxthcs
ARM_VFP	735	sxthcc
ARM_VFP	736	sxthmi
ARM_VFP	737	sxthpl
ARM_VFP	738	sxthvs
ARM_VFP	739	sxthvc
ARM_VFP	740	sxthhi
ARM_VFP	741	sxthls
ARM_VFP	742	sxthge
ARM_VFP	743	sxthlt
ARM_VFP	744	sxthgt
ARM_VFP	745	sxthle
ARM_VFP	746	sxth
ARM_VFP	747	sxthrsvd
ARM_VFP	748	uxtbeq
ARM_VFP	749	uxtbne
ARM_VFP	750	uxtbcs
ARM_VFP	751	uxtbcc
ARM_VFP	752	uxtbmi
ARM_VFP	753	uxtbpl
ARM_VFP	754	uxtbvs
ARM_VFP	755	uxtbvc
ARM_VFP	756	uxtbhi
ARM_VFP	757	uxtbls
ARM_VFP	758	uxtbge
ARM_VFP	759	uxtblt
ARM_VFP	760	uxtbgt
ARM_VFP	761	uxtble
ARM_VFP	762	uxtb
ARM_VFP	763	uxtbrsvd
ARM_VFP	764	uxtheq
ARM_VFP	765	uxthne
ARM_VFP	766	uxthcs
ARM_VFP	767	uxthcc
ARM_VFP	768	uxthmi
ARM_VFP	769	uxthpl
ARM_VFP	770	uxthvs
ARM_VFP	771	uxthvc
ARM_VFP	772	uxthhi
ARM_VFP	773	uxthls
ARM_VFP	774	uxthge
ARM_VFP	775	uxthlt
ARM_VFP	776	uxthgt
ARM_VFP	777	uxthle
ARM_VFP	778	uxth
ARM_VFP	779	uxthrsvd
ARM_VFP	780	movteq
ARM_VFP	781	movtne
ARM_VFP	782	movtcs
ARM_VFP	783	movtcc
ARM_VFP	784	movtmi
ARM_VFP	785	movtpl
ARM_VFP	786	movtvs
ARM_VFP	787	movtvc
ARM_VFP	788	movthi
ARM_VFP	789	movtls
ARM_VFP	790	movtge
ARM_VFP	791	movtlt
ARM_VFP	792	movtgt
ARM_VFP	793	movtle
ARM_VFP	794	movt
ARM_VFP	795	movtrsvd
ARM_VFP	796	movweq
ARM_VFP	797	movwne
ARM_VFP	798	movwcs
ARM_VFP	799	movwcc
ARM_VFP	800	movwmi
ARM_VFP	801	movwpl
ARM_VFP	802	movwvs
ARM_VFP	803	movwvc
ARM_VFP	804	movwhi
ARM_VFP	805	movwls
ARM_VFP	806	movwge
ARM_VFP	807	movwlt
ARM_VFP	808	movwgt
ARM_VFP	809	movwle
ARM_VFP	810	movw
ARM_VFP	811	movwrsvd
ARM_VFP	812	muleq
ARM_VFP	813	mulne
ARM_VFP	814	mulcs
ARM_VFP	815	mulcc
ARM_VFP	816	mulmi
ARM_VFP	817	mulpl
ARM_VFP	818	mulvs
ARM_VFP	819	mulvc
ARM_VFP	820	mulhi
ARM_VFP	821	mulls
ARM_VFP	822	mulge
ARM_VFP	823	mullt
ARM_VFP	824	mulgt
ARM_VFP	825	mulle
ARM_VFP	826	mul
ARM_VFP	827	mulrsvd
ARM_VFP	828	mulseq
ARM_VFP	829	mulsne
ARM_VFP	830	mulscs
ARM_VFP	831	mulscc
ARM_VFP	832	mulsmi
ARM_VFP	833	mulspl
ARM_VFP	834	mulsvs
ARM_VFP	835	mulsvc
ARM_VFP	836	mulshi
ARM_VFP	837	mulsls
ARM_VFP	838	mulsge
ARM_VFP	839	mulslt
ARM_VFP	840	mulsgt
ARM_VFP	841	mulsle
ARM_VFP	842	muls
ARM_VFP	843	mulsrsvd
ARM_VFP	844	mlaeq
ARM_VFP	845	mlane
ARM_VFP	846	mlacs
ARM_VFP	847	mlacc
ARM_VFP	848	mlami
ARM_VFP	849	mlapl
ARM_VFP	850	mlavs
ARM_VFP	851	mlavc
ARM_VFP	852	mlahi
ARM_VFP	853	mlals
ARM_VFP	854	mlage
ARM_VFP	855	mlalt
ARM_VFP	856	mlagt
ARM_VFP	857	mlale
ARM_VFP	858	mla
ARM_VFP	859	mlarsvd
ARM_VFP	860	mlaseq
ARM_VFP	861	mlasne
ARM_VFP	862	mlascs
ARM_VFP	863	mlascc
ARM_VFP	864	mlasmi
ARM_VFP	865	mlaspl
ARM_VFP	866	mlasvs
ARM_VFP	867	mlasvc
ARM_VFP	868	mlashi
ARM_VFP	869	mlasls
ARM_VFP	870	mlasge
ARM_VFP	871	mlaslt
ARM_VFP	872	mlasgt
ARM_VFP	873	mlasle
ARM_VFP	874	mlas
ARM_VFP	875	mlasrsvd
ARM_VFP	876	smulleq
ARM_VFP	877	smullne
ARM_VFP	878	smullcs
ARM_VFP	879	smullcc
ARM_VFP	880	smullmi
ARM_VFP	881	smullpl
ARM_VFP	882	smullvs
ARM_VFP	883	smullvc
ARM_VFP	884	smullhi
ARM_VFP	885	smullls
ARM_VFP	886	smullge
ARM_VFP	887	smulllt
ARM_VFP	888	smullgt
ARM_VFP	889	smullle
ARM_VFP	890	smull
ARM_VFP	891	smullrsvd
ARM_VFP	892	smullseq
ARM_VFP	893	smullsne
ARM_VFP	894	smullscs
ARM_VFP	895	smullscc
ARM_VFP	896	smullsmi
ARM_VFP	897	smullspl
ARM_VFP	898	smullsvs
ARM_VFP	899	smullsvc
ARM_VFP	900	smullshi
ARM_VFP	901	smullsls
ARM_VFP	902	smullsge
ARM_VFP	903	smullslt
ARM_VFP	904	smullsgt
ARM_VFP	905	smullsle
ARM_VFP	906	smulls
ARM_VFP	907	smullsrsvd
ARM_VFP	908	umulleq
ARM_VFP	909	umullne
ARM_VFP	910	umullcs
ARM_VFP	911	umullcc
ARM_VFP	912	umullmi
ARM_VFP	913	umullpl
ARM_VFP	914	umullvs
ARM_VFP	915	umullvc
ARM_VFP	916	umullhi
ARM_VFP	917	umullls
ARM_VFP	918	umullge
ARM_VFP	919	umulllt
ARM_VFP	920	umullgt
ARM_VFP	921	umullle
ARM_VFP	922	umull
ARM_VFP	923	umullrsvd
ARM_VFP	924	umullseq
ARM_VFP	925	umullsne
ARM_VFP	926	umullscs
ARM_VFP	927	umullscc
ARM_VFP	928	umullsmi
ARM_VFP	929	umullspl
ARM_VFP	930	umullsvs
ARM_VFP	931	umullsvc
ARM_VFP	932	umullshi
ARM_VFP	933	umullsls
ARM_VFP	934	umullsge
ARM_VFP	935	umullslt
ARM_VFP	936	umullsgt
ARM_VFP	937	umullsle
ARM_VFP	938	umulls
ARM_VFP	939	umullsrsvd
ARM_VFP	940	smlaleq
ARM_VFP	941	smlalne
ARM_VFP	942	smlalcs
ARM_VFP	943	smlalcc
ARM_VFP	944	smlalmi
ARM_VFP	945	smlalpl
ARM_VFP	946	smlalvs
ARM_VFP	947	smlalvc
ARM_VFP	948	smlalhi
ARM_VFP	949	smlalls
ARM_VFP	950	smlalge
ARM_VFP	951	smlallt
ARM_VFP	952	smlalgt
ARM_VFP	953	smlalle
ARM_VFP	954	smlal
ARM_VFP	955	smlalrsvd
ARM_VFP	956	smlalseq
ARM_VFP	957	smlalsne
ARM_VFP	958	smlalscs
ARM_VFP	959	smlalscc
ARM_VFP	960	smlalsmi
ARM_VFP	961	smlalspl
ARM_VFP	962	smlalsvs
ARM_VFP	963	smlalsvc
ARM_VFP	964	smlalshi
ARM_VFP	965	smlalsls
ARM_VFP	966	smlalsge
ARM_VFP	967	smlalslt
ARM_VFP	968	smlalsgt
ARM_VFP	969	smlalsle
ARM_VFP	970	smlals
ARM_VFP	971	smlalsrsvd
ARM_VFP	972	umlaleq
ARM_VFP	973	umlalne
ARM_VFP	974	umlalcs
ARM_VFP	975	umlalcc
ARM_VFP	976	umlalmi
ARM_VFP	977	umlalpl
ARM_VFP	978	umlalvs
ARM_VFP	979	umlalvc
ARM_VFP	980	umlalhi
ARM_VFP	981	umlalls
ARM_VFP	982	umlalge
ARM_VFP	983	umlallt
ARM_VFP	984	umlalgt
ARM_VFP	985	umlalle
ARM_VFP	986	umlal
ARM_VFP	987	umlalrsvd
ARM_VFP	988	umlalseq
ARM_VFP	989	umlalsne
ARM_VFP	990	umlalscs
ARM_VFP	991	umlalscc
ARM_VFP	992	umlalsmi
ARM_VFP	993	umlalspl
ARM_VFP	994	umlalsvs
ARM_VFP	995	umlalsvc
ARM_VFP	996	umlalshi
ARM_VFP	997	umlalsls
ARM_VFP	998	umlalsge
ARM_VFP	999	umlalslt
ARM_VFP	1000	umlalsgt
ARM_VFP	1001	umlalsle
ARM_VFP	1002	umlals
ARM_VFP	1003	umlalsrsvd
ARM_VFP	1004	mlseq
ARM_VFP	1005	mlsne
ARM_VFP	1006	mlscs
ARM_VFP	1007	mlscc
ARM_VFP	1008	mlsmi
ARM_VFP	1009	mlspl
ARM_VFP	1010	mlsvs
ARM_VFP	1011	mlsvc
ARM_VFP	1012	mlshi
ARM_VFP	1013	mlsls
ARM_VFP	1014	mlsge
ARM_VFP	1015	mlslt
ARM_VFP	1016	mlsgt
ARM_VFP	1017	mlsle
ARM_VFP	1018	mls
ARM_VFP	1019	mlsrsvd
ARM_VFP	1020	udiveq
ARM_VFP	1021	udivne
ARM_VFP	1022	udivcs
ARM_VFP	1023	udivcc
ARM_VFP	1024	udivmi
ARM_VFP	1025	udivpl
ARM_VFP	1026	udivvs
ARM_VFP	1027	udivvc
ARM_VFP	1028	udivhi
ARM_VFP	1029	udivls
ARM_VFP	1030	udivge
ARM_VFP	1031	udivlt
ARM_VFP	1032	udivgt
ARM_VFP	1033	udivle
ARM_VFP	1034	udiv
ARM_VFP	1035	udivrsvd
ARM_VFP	1036	sdiveq
ARM_VFP	1037	sdivne
ARM_VFP	1038	sdivcs
ARM_VFP	1039	sdivcc
ARM_VFP	1040	sdivmi
ARM_VFP	1041	sdivpl
ARM_VFP	1042	sdivvs
ARM_VFP	1043	sdivvc
ARM_VFP	1044	sdivhi
ARM_VFP	1045	sdivls
ARM_VFP	1046	sdivge
ARM_VFP	1047	sdivlt
ARM_VFP	1048	sdivgt
ARM_VFP	1049	sdivle
ARM_VFP	1050	sdiv
ARM_VFP	1051	sdivrsvd
ARM_VFP	1052	ldreq
ARM_VFP	1053	ldrne
ARM_VFP	1054	ldrcs
ARM_VFP	1055	ldrcc
ARM_VFP	1056	ldrmi
ARM_VFP	1057	ldrpl
ARM_VFP	1058	ldrvs
ARM_VFP	1059	ldrvc
ARM_VFP	1060	ldrhi
ARM_VFP	1061	ldrls
ARM_VFP	1062	ldrge
ARM_VFP	1063	ldrlt
ARM_VFP	1064	ldrgt
ARM_VFP	1065	ldrle
ARM_VFP	1066	ldr
ARM_VFP	1067	ldrrsvd
ARM_VFP	1068	ldrbeq
ARM_VFP	1069	ldrbne
ARM_VFP	1070	ldrbcs
ARM_VFP	1071	ldrbcc
ARM_VFP	1072	ldrbmi
ARM_VFP	1073	ldrbpl
ARM_VFP	1074	ldrbvs
ARM_VFP	1075	ldrbvc
ARM_VFP	1076	ldrbhi
ARM_VFP	1077	ldrbls
ARM_VFP	1078	ldrbge
ARM_VFP	1079	ldrblt
ARM_VFP	1080	ldrbgt
ARM_VFP	1081	ldrble
ARM_VFP	1082	ldrb
ARM_VFP	1083	ldrbrsvd
ARM_VFP	1084	streq
ARM_VFP	1085	strne
ARM_VFP	1086	strcs
ARM_VFP	1087	strcc
ARM_VFP	1088	strmi
ARM_VFP	1089	strpl
ARM_VFP	1090	strvs
ARM_VFP	1091	strvc
ARM_VFP	1092	strhi
ARM_VFP	1093	strls
ARM_VFP	1094	strge
ARM_VFP	1095	strlt
ARM_VFP	1096	strgt
ARM_VFP	1097	strle
ARM_VFP	1098	str
ARM_VFP	1099	strrsvd
ARM_VFP	1100	strbeq
ARM_VFP	1101	strbne
ARM_VFP	1102	strbcs
ARM_VFP	1103	strbcc
ARM_VFP	1104	strbmi
ARM_VFP	1105	strbpl
ARM_VFP	1106	strbvs
ARM_VFP	1107	strbvc
ARM_VFP	1108	strbhi
ARM_VFP	1109	strbls
ARM_VFP	1110	strbge
ARM_VFP	1111	strblt
ARM_VFP	1112	strbgt
ARM_VFP	1113	strble
ARM_VFP	1114	strb
ARM_VFP	1115	strbrsvd
ARM_VFP	1116	ldrexeq
ARM_VFP	1117	ldrexne
ARM_VFP	1118	ldrexcs
ARM_VFP	1119	ldrexcc
ARM_VFP	1120	ldrexmi
ARM_VFP	1121	ldrexpl
ARM_VFP	1122	ldrexvs
ARM_VFP	1123	ldrexvc
ARM_VFP	1124	ldrexhi
ARM_VFP	1125	ldrexls
ARM_VFP	1126	ldrexge
ARM_VFP	1127	ldrexlt
ARM_VFP	1128	ldrexgt
ARM_VFP	1129	ldrexle
ARM_VFP	1130	ldrex
ARM_VFP	1131	ldrexrsvd
ARM_VFP	1132	ldrexbeq
ARM_VFP	1133	ldrexbne
ARM_VFP	1134	ldrexbcs
ARM_VFP	1135	ldrexbcc
ARM_VFP	1136	ldrexbmi
ARM_VFP	1137	ldrexbpl
ARM_VFP	1138	ldrexbvs
ARM_VFP	1139	ldrexbvc
ARM_VFP	1140	ldrexbhi
ARM_VFP	1141	ldrexbls
ARM_VFP	1142	ldrexbge
ARM_VFP	1143	ldrexblt
ARM_VFP	1144	ldrexbgt
ARM_VFP	1145	ldrexble
ARM_VFP	1146	ldrexb
ARM_VFP	1147	ldrexbrsvd
ARM_VFP	1148	ldrexheq
ARM_VFP	1149	ldrexhne
ARM_VFP	1150	ldrexhcs
ARM_VFP	1151	ldrexhcc
ARM_VFP	1152	ldrexhmi
ARM_VFP	1153	ldrexhpl
ARM_VFP	1154	ldrexhvs
ARM_VFP	1155	ldrexhvc
ARM_VFP	1156	ldrexhhi
ARM_VFP	1157	ldrexhls
ARM_VFP	1158	ldrexhge
ARM_VFP	1159	ldrexhlt
ARM_VFP	1160	ldrexhgt
ARM_VFP	1161	ldrexhle
ARM_VFP	1162	ldrexh
ARM_VFP	1163	ldrexhrsvd
ARM_VFP	1164	strexeq
ARM_VFP	1165	strexne
ARM_VFP	1166	strexcs
ARM_VFP	1167	strexcc
ARM_VFP	1168	strexmi
ARM_VFP	1169	strexpl
ARM_VFP	1170	strexvs
ARM_VFP	1171	strexvc
ARM_VFP	1172	strexhi
ARM_VFP	1173	strexls
ARM_VFP	1174	strexge
ARM_VFP	1175	strexlt
ARM_VFP	1176	strexgt
ARM_VFP	1177	strexle
ARM_VFP	1178	strex
ARM_VFP	1179	strexrsvd
ARM_VFP	1180	strexbeq
ARM_VFP	1181	strexbne
ARM_VFP	1182	strexbcs
ARM_VFP	1183	strexbcc
ARM_VFP	1184	strexbmi
ARM_VFP	1185	strexbpl
ARM_VFP	1186	strexbvs
ARM_VFP	1187	strexbvc
ARM_VFP	1188	strexbhi
ARM_VFP	1189	strexbls
ARM_VFP	1190	strexbge
ARM_VFP	1191	strexblt
ARM_VFP	1192	strexbgt
ARM_VFP	1193	strexble
ARM_VFP	1194	strexb
ARM_VFP	1195	strexbrsvd
ARM_VFP	1196	strexheq
ARM_VFP	1197	strexhne
ARM_VFP	1198	strexhcs
ARM_VFP	1199	strexhcc
ARM_VFP	1200	strexhmi
ARM_VFP	1201	strexhpl
ARM_VFP	1202	strexhvs
ARM_VFP	1203	strexhvc
ARM_VFP	1204	strexhhi
ARM_VFP	1205	strexhls
ARM_VFP	1206	strexhge
ARM_VFP	1207	strexhlt
ARM_VFP	1208	strexhgt
ARM_VFP	1209	strexhle
ARM_VFP	1210	strexh
ARM_VFP	1211	strexhrsvd
ARM_VFP	1212	ldrheq
ARM_VFP	1213	ldrhne
ARM_VFP	1214	ldrhcs
ARM_VFP	1215	ldrhcc
ARM_VFP	1216	ldrhmi
ARM_VFP	1217	ldrhpl
ARM_VFP	1218	ldrhvs
ARM_VFP	1219	ldrhvc
ARM_VFP	1220	ldrhhi
ARM_VFP	1221	ldrhls
ARM_VFP	1222	ldrhge
ARM_VFP	1223	ldrhlt
ARM_VFP	1224	ldrhgt
ARM_VFP	1225	ldrhle
ARM_VFP	1226	ldrh
ARM_VFP	1227	ldrhrsvd
ARM_VFP	1228	ldrsheq
ARM_VFP	1229	ldrshne
ARM_VFP	1230	ldrshcs
ARM_VFP	1231	ldrshcc
ARM_VFP	1232	ldrshmi
ARM_VFP	1233	ldrshpl
ARM_VFP	1234	ldrshvs
ARM_VFP	1235	ldrshvc
ARM_VFP	1236	ldrshhi
ARM_VFP	1237	ldrshls
ARM_VFP	1238	ldrshge
ARM_VFP	1239	ldrshlt
ARM_VFP	1240	ldrshgt
ARM_VFP	1241	ldrshle
ARM_VFP	1242	ldrsh
ARM_VFP	1243	ldrshrsvd
ARM_VFP	1244	ldrsbeq
ARM_VFP	1245	ldrsbne
ARM_VFP	1246	ldrsbcs
ARM_VFP	1247	ldrsbcc
ARM_VFP	1248	ldrsbmi
ARM_VFP	1249	ldrsbpl
ARM_VFP	1250	ldrsbvs
ARM_VFP	1251	ldrsbvc
ARM_VFP	1252	ldrsbhi
ARM_VFP	1253	ldrsbls
ARM_VFP	1254	ldrsbge
ARM_VFP	1255	ldrsblt
ARM_VFP	1256	ldrsbgt
ARM_VFP	1257	ldrsble
ARM_VFP	1258	ldrsb
ARM_VFP	1259	ldrsbrsvd
ARM_VFP	1260	strheq
ARM_VFP	1261	strhne
ARM_VFP	1262	strhcs
ARM_VFP	1263	strhcc
ARM_VFP	1264	strhmi
ARM_VFP	1265	strhpl
ARM_VFP	1266	strhvs
ARM_VFP	1267	strhvc
ARM_VFP	1268	strhhi
ARM_VFP	1269	strhls
ARM_VFP	1270	strhge
ARM_VFP	1271	strhlt
ARM_VFP	1272	strhgt
ARM_VFP	1273	strhle
ARM_VFP	1274	strh
ARM_VFP	1275	strhrsvd
ARM_VFP	1276	stmdaeq
ARM_VFP	1277	stmdane
ARM_VFP	1278	stmdacs
ARM_VFP	1279	stmdacc
ARM_VFP	1280	stmdami
ARM_VFP	1281	stmdapl
ARM_VFP	1282	stmdavs
ARM_VFP	1283	stmdavc
ARM_VFP	1284	stmdahi
ARM_VFP	1285	stmdals
ARM_VFP	1286	stmdage
ARM_VFP	1287	stmdalt
ARM_VFP	1288	stmdagt
ARM_VFP	1289	stmdale
ARM_VFP	1290	stmda
ARM_VFP	1291	stmdarsvd
ARM_VFP	1292	ldmdaeq
ARM_VFP	1293	ldmdane
ARM_VFP	1294	ldmdacs
ARM_VFP	1295	ldmdacc
ARM_VFP	1296	ldmdami
ARM_VFP	1297	ldmdapl
ARM_VFP	1298	ldmdavs
ARM_VFP	1299	ldmdavc
ARM_VFP	1300	ldmdahi
ARM_VFP	1301	ldmdals
ARM_VFP	1302	ldmdage
ARM_VFP	1303	ldmdalt
ARM_VFP	1304	ldmdagt
ARM_VFP	1305	ldmdale
ARM_VFP	1306	ldmda
ARM_VFP	1307	ldmdarsvd
ARM_VFP	1308	stmeq
ARM_VFP	1309	stmne
ARM_VFP	1310	stmcs
ARM_VFP	1311	stmcc
ARM_VFP	1312	stmmi
ARM_VFP	1313	stmpl
ARM_VFP	1314	stmvs
ARM_VFP	1315	stmvc
ARM_VFP	1316	stmhi
ARM_VFP	1317	stmls
ARM_VFP	1318	stmge
ARM_VFP	1319	stmlt
ARM_VFP	1320	stmgt
ARM_VFP	1321	stmle
ARM_VFP	1322	stm
ARM_VFP	1323	stmrsvd
ARM_VFP	1324	ldmeq
ARM_VFP	1325	ldmne
ARM_VFP	1326	ldmcs
ARM_VFP	1327	ldmcc
ARM_VFP	1328	ldmmi
ARM_VFP	1329	ldmpl
ARM_VFP	1330	ldmvs
ARM_VFP	1331	ldmvc
ARM_VFP	1332	ldmhi
ARM_VFP	1333	ldmls
ARM_VFP	1334	ldmge
ARM_VFP	1335	ldmlt
ARM_VFP	1336	ldmgt
ARM_VFP	1337	ldmle
ARM_VFP	1338	ldm
ARM_VFP	1339	ldmrsvd
ARM_VFP	1340	stmiaeq
ARM_VFP	1341	stmiane
ARM_VFP	1342	stmiacs
ARM_VFP	1343	stmiacc
ARM_VFP	1344	stmiami
ARM_VFP	1345	stmiapl
ARM_VFP	1346	stmiavs
ARM_VFP	1347	stmiavc
ARM_VFP	1348	stmiahi
ARM_VFP	1349	stmials
ARM_VFP	1350	stmiage
ARM_VFP	1351	stmialt
ARM_VFP	1352	stmiagt
ARM_VFP	1353	stmiale
ARM_VFP	1354	stmia
ARM_VFP	1355	stmiarsvd
ARM_VFP	1356	ldmiaeq
ARM_VFP	1357	ldmiane
ARM_VFP	1358	ldmiacs
ARM_VFP	1359	ldmiacc
ARM_VFP	1360	ldmiami
ARM_VFP	1361	ldmiapl
ARM_VFP	1362	ldmiavs
ARM_VFP	1363	ldmiavc
ARM_VFP	1364	ldmiahi
ARM_VFP	1365	ldmials
ARM_VFP	1366	ldmiage
ARM_VFP	1367	ldmialt
ARM_VFP	1368	ldmiagt
ARM_VFP	1369	ldmiale
ARM_VFP	1370	ldmia
ARM_VFP	1371	ldmiarsvd
ARM_VFP	1372	stmdbeq
ARM_VFP	1373	stmdbne
ARM_VFP	1374	stmdbcs
ARM_VFP	1375	stmdbcc
ARM_VFP	1376	stmdbmi
ARM_VFP	1377	stmdbpl
ARM_VFP	1378	stmdbvs
ARM_VFP	1379	stmdbvc
ARM_VFP	1380	stmdbhi
ARM_VFP	1381	stmdbls
ARM_VFP	1382	stmdbge
ARM_VFP	1383	stmdblt
ARM_VFP	1384	stmdbgt
ARM_VFP	1385	stmdble
ARM_VFP	1386	stmdb
ARM_VFP	1387	stmdbrsvd
ARM_VFP	1388	ldmdbeq
ARM_VFP	1389	ldmdbne
ARM_VFP	1390	ldmdbcs
ARM_VFP	1391	ldmdbcc
ARM_VFP	1392	ldmdbmi
ARM_VFP	1393	ldmdbpl
ARM_VFP	1394	ldmdbvs
ARM_VFP	1395	ldmdbvc
ARM_VFP	1396	ldmdbhi
ARM_VFP	1397	ldmdbls
ARM_VFP	1398	ldmdbge
ARM_VFP	1399	ldmdblt
ARM_VFP	1400	ldmdbgt
ARM_VFP	1401	ldmdble
ARM_VFP	1402	ldmdb
ARM_VFP	1403	ldmdbrsvd
ARM_VFP	1404	stmibeq
ARM_VFP	1405	stmibne
ARM_VFP	1406	stmibcs
ARM_VFP	1407	stmibcc
ARM_VFP	1408	stmibmi
ARM_VFP	1409	stmibpl
ARM_VFP	1410	stmibvs
ARM_VFP	1411	stmibvc
ARM_VFP	1412	stmibhi
ARM_VFP	1413	stmibls
ARM_VFP	1414	stmibge
ARM_VFP	1415	stmiblt
ARM_VFP	1416	stmibgt
ARM_VFP	1417	stmible
ARM_VFP	1418	stmib
ARM_VFP	1419	stmibrsvd
ARM_VFP	1420	ldmibeq
ARM_VFP	1421	ldmibne
ARM_VFP	1422	ldmibcs
ARM_VFP	1423	ldmibcc
ARM_VFP	1424	ldmibmi
ARM_VFP	1425	ldmibpl
ARM_VFP	1426	ldmibvs
ARM_VFP	1427	ldmibvc
ARM_VFP	1428	ldmibhi
ARM_VFP	1429	ldmibls
ARM_VFP	1430	ldmibge
ARM_VFP	1431	ldmiblt
ARM_VFP	1432	ldmibgt
ARM_VFP	1433	ldmible
ARM_VFP	1434	ldmib
ARM_VFP	1435	ldmibrsvd
ARM_VFP	1436	ldceq
ARM_VFP	1437	ldcne
ARM_VFP	1438	ldccs
ARM_VFP	1439	ldccc
ARM_VFP	1440	ldcmi
ARM_VFP	1441	ldcpl
ARM_VFP	1442	ldcvs
ARM_VFP	1443	ldcvc
ARM_VFP	1444	ldchi
ARM_VFP	1445	ldcls
ARM_VFP	1446	ldcge
ARM_VFP	1447	ldclt
ARM_VFP	1448	ldcgt
ARM_VFP	1449	ldcle
ARM_VFP	1450	ldc
ARM_VFP	1451	ldcrsvd
ARM_VFP	1452	ldcleq
ARM_VFP	1453	ldclne
ARM_VFP	1454	ldclcs
ARM_VFP	1455	ldclcc
ARM_VFP	1456	ldclmi
ARM_VFP	1457	ldclpl
ARM_VFP	1458	ldclvs
ARM_VFP	1459	ldclvc
ARM_VFP	1460	ldclhi
ARM_VFP	1461	ldclls
ARM_VFP	1462	ldclge
ARM_VFP	1463	ldcllt
ARM_VFP	1464	ldclgt
ARM_VFP	1465	ldclle
ARM_VFP	1466	ldcl
ARM_VFP	1467	ldclrsvd
ARM_VFP	1468	stceq
ARM_VFP	1469	stcne
ARM_VFP	1470	stccs
ARM_VFP	1471	stccc
ARM_VFP	1472	stcmi
ARM_VFP	1473	stcpl
ARM_VFP	1474	stcvs
ARM_VFP	1475	stcvc
ARM_VFP	1476	stchi
ARM_VFP	1477	stcls
ARM_VFP	1478	stcge
ARM_VFP	1479	stclt
ARM_VFP	1480	stcgt
ARM_VFP	1481	stcle
ARM_VFP	1482	stc
ARM_VFP	1483	stcrsvd
ARM_VFP	1484	stcleq
ARM_VFP	1485	stclne
ARM_VFP	1486	stclcs
ARM_VFP	1487	stclcc
ARM_VFP	1488	stclmi
ARM_VFP	1489	stclpl
ARM_VFP	1490	stclvs
ARM_VFP	1491	stclvc
ARM_VFP	1492	stclhi
ARM_VFP	1493	stclls
ARM_VFP	1494	stclge
ARM_VFP	1495	stcllt
ARM_VFP	1496	stclgt
ARM_VFP	1497	stclle
ARM_VFP	1498	stcl
ARM_VFP	1499	stclrsvd
ARM_VFP	1500	pusheq
ARM_VFP	1501	pushne
ARM_VFP	1502	pushcs
ARM_VFP	1503	pushcc
ARM_VFP	1504	pushmi
ARM_VFP	1505	pushpl
ARM_VFP	1506	pushvs
ARM_VFP	1507	pushvc
ARM_VFP	1508	pushhi
ARM_VFP	1509	pushls
ARM_VFP	1510	pushge
ARM_VFP	1511	pushlt
ARM_VFP	1512	pushgt
ARM_VFP	1513	pushle
ARM_VFP	1514	push
ARM_VFP	1515	pushrsvd
ARM_VFP	1516	popeq
ARM_VFP	1517	popne
ARM_VFP	1518	popcs
ARM_VFP	1519	popcc
ARM_VFP	1520	popmi
ARM_VFP	1521	poppl
ARM_VFP	1522	popvs
ARM_VFP	1523	popvc
ARM_VFP	1524	pophi
ARM_VFP	1525	popls
ARM_VFP	1526	popge
ARM_VFP	1527	poplt
ARM_VFP	1528	popgt
ARM_VFP	1529	pople
ARM_VFP	1530	pop
ARM_VFP	1531	poprsvd
ARM_VFP	1532	beq
ARM_VFP	1533	bne
ARM_VFP	1534	bcs
ARM_VFP	1535	bcc
ARM_VFP	1536	bmi
ARM_VFP	1537	bpl
ARM_VFP	1538	bvs
ARM_VFP	1539	bvc
ARM_VFP	1540	bhi
ARM_VFP	1541	bls
ARM_VFP	1542	bge
ARM_VFP	1543	blt
ARM_VFP	1544	bgt
ARM_VFP	1545	ble
ARM_VFP	1546	b
ARM_VFP	1547	brsvd
ARM_VFP	1548	bleq
ARM_VFP	1549	blne
ARM_VFP	1550	blcs
ARM_VFP	1551	blcc
ARM_VFP	1552	blmi
ARM_VFP	1553	blpl
ARM_VFP	1554	blvs
ARM_VFP	1555	blvc
ARM_VFP	1556	blhi
ARM_VFP	1557	blls
ARM_VFP	1558	blge
ARM_VFP	1559	bllt
ARM_VFP	1560	blgt
ARM_VFP	1561	blle
ARM_VFP	1562	bl
ARM_VFP	1563	blrsvd
ARM_VFP	1564	bxeq
ARM_VFP	1565	bxne
ARM_VFP	1566	bxcs
ARM_VFP	1567	bxcc
ARM_VFP	1568	bxmi
ARM_VFP	1569	bxpl
ARM_VFP	1570	bxvs
ARM_VFP	1571	bxvc
ARM_VFP	1572	bxhi
ARM_VFP	1573	bxls
ARM_VFP	1574	bxge
ARM_VFP	1575	bxlt
ARM_VFP	1576	bxgt
ARM_VFP	1577	bxle
ARM_VFP	1578	bx
ARM_VFP	1579	bxrsvd
ARM_VFP	1580	blxeq
ARM_VFP	1581	blxne
ARM_VFP	1582	blxcs
ARM_VFP	1583	blxcc
ARM_VFP	1584	blxmi
ARM_VFP	1585	blxpl
ARM_VFP	1586	blxvs
ARM_VFP	1587	blxvc
ARM_VFP	1588	blxhi
ARM_VFP	1589	blxls
ARM_VFP	1590	blxge
ARM_VFP	1591	blxlt
ARM_VFP	1592	blxgt
ARM_VFP	1593	blxle
ARM_VFP	1594	blx
ARM_VFP	1595	blxrsvd
ARM_VFP	1596	andeq
ARM_VFP	1597	andne
ARM_VFP	1598	andcs
ARM_VFP	1599	andcc
ARM_VFP	1600	andmi
ARM_VFP	1601	andpl
ARM_VFP	1602	andvs
ARM_VFP	1603	andvc
ARM_VFP	1604	andhi
ARM_VFP	1605	andls
ARM_VFP	1606	andge
ARM_VFP	1607	andlt
ARM_VFP	1608	andgt
ARM_VFP	1609	andle
ARM_VFP	1610	and
ARM_VFP	1611	andrsvd
ARM_VFP	1612	andseq
ARM_VFP	1613	andsne
ARM_VFP	1614	andscs
ARM_VFP	1615	andscc
ARM_VFP	1616	andsmi
ARM_VFP	1617	andspl
ARM_VFP	1618	andsvs
ARM_VFP	1619	andsvc
ARM_VFP	1620	andshi
ARM_VFP	1621	andsls
ARM_VFP	1622	andsge
ARM_VFP	1623	andslt
ARM_VFP	1624	andsgt
ARM_VFP	1625	andsle
ARM_VFP	1626	ands
ARM_VFP	1627	andsrsvd
ARM_VFP	1628	eoreq
ARM_VFP	1629	eorne
ARM_VFP	1630	eorcs
ARM_VFP	1631	eorcc
ARM_VFP	1632	eormi
ARM_VFP	1633	eorpl
ARM_VFP	1634	eorvs
ARM_VFP	1635	eorvc
ARM_VFP	1636	eorhi
ARM_VFP	1637	eorls
ARM_VFP	1638	eorge
ARM_VFP	1639	eorlt
ARM_VFP	1640	eorgt
ARM_VFP	1641	eorle
ARM_VFP	1642	eor
ARM_VFP	1643	eorrsvd
ARM_VFP	1644	eorseq
ARM_VFP	1645	eorsne
ARM_VFP	1646	eorscs
ARM_VFP	1647	eorscc
ARM_VFP	1648	eorsmi
ARM_VFP	1649	eorspl
ARM_VFP	1650	eorsvs
ARM_VFP	1651	eorsvc
ARM_VFP	1652	eorshi
ARM_VFP	1653	eorsls
ARM_VFP	1654	eorsge
ARM_VFP	1655	eorslt
ARM_VFP	1656	eorsgt
ARM_VFP	1657	eorsle
ARM_VFP	1658	eors
ARM_VFP	1659	eorsrsvd
ARM_VFP	1660	subeq
ARM_VFP	1661	subne
ARM_VFP	1662	subcs
ARM_VFP	1663	subcc
ARM_VFP	1664	submi
ARM_VFP	1665	subpl
ARM_VFP	1666	subvs
ARM_VFP	1667	subvc
ARM_VFP	1668	subhi
ARM_VFP	1669	subls
ARM_VFP	1670	subge
ARM_VFP	1671	sublt
ARM_VFP	1672	subgt
ARM_VFP	1673	suble
ARM_VFP	1674	sub
ARM_VFP	1675	subrsvd
ARM_VFP	1676	subseq
ARM_VFP	1677	subsne
ARM_VFP	1678	subscs
ARM_VFP	1679	subscc
ARM_VFP	1680	subsmi
ARM_VFP	1681	subspl
ARM_VFP	1682	subsvs
ARM_VFP	1683	subsvc
ARM_VFP	1684	subshi
ARM_VFP	1685	subsls
ARM_VFP	1686	subsge
ARM_VFP	1687	subslt
ARM_VFP	1688	subsgt
ARM_VFP	1689	subsle
ARM_VFP	1690	subs
ARM_VFP	1691	subsrsvd
ARM_VFP	1692	rsbeq
ARM_VFP	1693	rsbne
ARM_VFP	1694	rsbcs
ARM_VFP	1695	rsbcc
ARM_VFP	1696	rsbmi
ARM_VFP	1697	rsbpl
ARM_VFP	1698	rsbvs
ARM_VFP	1699	rsbvc
ARM_VFP	1700	rsbhi
ARM_VFP	1701	rsbls
ARM_VFP	1702	rsbge
ARM_VFP	1703	rsblt
ARM_VFP	1704	rsbgt
ARM_VFP	1705	rsble
ARM_VFP	1706	rsb
ARM_VFP	1707	rsbrsvd
ARM_VFP	1708	rsbseq
ARM_VFP	1709	rsbsne
ARM_VFP	1710	rsbscs
ARM_VFP	1711	rsbscc
ARM_VFP	1712	rsbsmi
ARM_VFP	1713	rsbspl
ARM_VFP	1714	rsbsvs
ARM_VFP	1715	rsbsvc
ARM_VFP	1716	rsbshi
ARM_VFP	1717	rsbsls
ARM_VFP	1718	rsbsge
ARM_VFP	1719	rsbslt
ARM_VFP	1720	rsbsgt
ARM_VFP	1721	rsbsle
ARM_VFP	1722	rsbs
ARM_VFP	1723	rsbsrsvd
ARM_VFP	1724	addeq
ARM_VFP	1725	addne
ARM_VFP	1726	addcs
ARM_VFP	1727	addcc
ARM_VFP	1728	addmi
ARM_VFP	1729	addpl
ARM_VFP	1730	addvs
ARM_VFP	1731	addvc
ARM_VFP	1732	addhi
ARM_VFP	1733	addls
ARM_VFP	1734	addge
ARM_VFP	1735	addlt
ARM_VFP	1736	addgt
ARM_VFP	1737	addle
ARM_VFP	1738	add
ARM_VFP	1739	addrsvd
ARM_VFP	1740	addseq
ARM_VFP	1741	addsne
ARM_VFP	1742	addscs
ARM_VFP	1743	addscc
ARM_VFP	1744	addsmi
ARM_VFP	1745	addspl
ARM_VFP	1746	addsvs
ARM_VFP	1747	addsvc
ARM_VFP	1748	addshi
ARM_VFP	1749	addsls
ARM_VFP	1750	addsge
ARM_VFP	1751	addslt
ARM_VFP	1752	addsgt
ARM_VFP	1753	addsle
ARM_VFP	1754	adds
ARM_VFP	1755	addsrsvd
ARM_VFP	1756	adceq
ARM_VFP	1757	adcne
ARM_VFP	1758	adccs
ARM_VFP	1759	adccc
ARM_VFP	1760	adcmi
ARM_VFP	1761	adcpl
ARM_VFP	1762	adcvs
ARM_VFP	1763	adcvc
ARM_VFP	1764	adchi
ARM_VFP	1765	adcls
ARM_VFP	1766	adcge
ARM_VFP	1767	adclt
ARM_VFP	1768	adcgt
ARM_VFP	1769	adcle
ARM_VFP	1770	adc
ARM_VFP	1771	adcrsvd
ARM_VFP	1772	adcseq
ARM_VFP	1773	adcsne
ARM_VFP	1774	adcscs
ARM_VFP	1775	adcscc
ARM_VFP	1776	adcsmi
ARM_VFP	1777	adcspl
ARM_VFP	1778	adcsvs
ARM_VFP	1779	adcsvc
ARM_VFP	1780	adcshi
ARM_VFP	1781	adcsls
ARM_VFP	1782	adcsge
ARM_VFP	1783	adcslt
ARM_VFP	1784	adcsgt
ARM_VFP	1785	adcsle
ARM_VFP	1786	adcs
ARM_VFP	1787	adcsrsvd
ARM_VFP	1788	sbceq
ARM_VFP	1789	sbcne
ARM_VFP	1790	sbccs
ARM_VFP	1791	sbccc
ARM_VFP	1792	sbcmi
ARM_VFP	1793	sbcpl
ARM_VFP	1794	sbcvs
ARM_VFP	1795	sbcvc
ARM_VFP	1796	sbchi
ARM_VFP	1797	sbcls
ARM_VFP	1798	sbcge
ARM_VFP	1799	sbclt
ARM_VFP	1800	sbcgt
ARM_VFP	1801	sbcle
ARM_VFP	1802	sbc
ARM_VFP	1803	sbcrsvd
ARM_VFP	1804	sbcseq
ARM_VFP	1805	sbcsne
ARM_VFP	1806	sbcscs
ARM_VFP	1807	sbcscc
ARM_VFP	1808	sbcsmi
ARM_VFP	1809	sbcspl
ARM_VFP	1810	sbcsvs
ARM_VFP	1811	sbcsvc
ARM_VFP	1812	sbcshi
ARM_VFP	1813	sbcsls
ARM_VFP	1814	sbcsge
ARM_VFP	1815	sbcslt
ARM_VFP	1816	sbcsgt
ARM_VFP	1817	sbcsle
ARM_VFP	1818	sbcs
ARM_VFP	1819	sbcsrsvd
ARM_VFP	1820	rsceq
ARM_VFP	1821	rscne
ARM_VFP	1822	rsccs
ARM_VFP	1823	rsccc
ARM_VFP	1824	rscmi
ARM_VFP	1825	rscpl
ARM_VFP	1826	rscvs
ARM_VFP	1827	rscvc
ARM_VFP	1828	rschi
ARM_VFP	1829	rscls
ARM_VFP	1830	rscge
ARM_VFP	1831	rsclt
ARM_VFP	1832	rscgt
ARM_VFP	1833	rscle
ARM_VFP	1834	rsc
ARM_VFP	1835	rscrsvd
ARM_VFP	1836	rscseq
ARM_VFP	1837	rscsne
ARM_VFP	1838	rscscs
ARM_VFP	1839	rscscc
ARM_VFP	1840	rscsmi
ARM_VFP	1841	rscspl
ARM_VFP	1842	rscsvs
ARM_VFP	1843	rscsvc
ARM_VFP	1844	rscshi
ARM_VFP	1845	rscsls
ARM_VFP	1846	rscsge
ARM_VFP	1847	rscslt
ARM_VFP	1848	rscsgt
ARM_VFP	1849	rscsle
ARM_VFP	1850	rscs
ARM_VFP	1851	rscsrsvd
ARM_VFP	1852	tsteq
ARM_VFP	1853	tstne
ARM_VFP	1854	tstcs
ARM_VFP	1855	tstcc
ARM_VFP	1856	tstmi
ARM_VFP	1857	tstpl
ARM_VFP	1858	tstvs
ARM_VFP	1859	tstvc
ARM_VFP	1860	tsthi
ARM_VFP	1861	tstls
ARM_VFP	1862	tstge
ARM_VFP	1863	tstlt
ARM_VFP	1864	tstgt
ARM_VFP	1865	tstle
ARM_VFP	1866	tst
ARM_VFP	1867	tstrsvd
ARM_VFP	1868	tstseq
ARM_VFP	1869	tstsne
ARM_VFP	1870	tstscs
ARM_VFP	1871	tstscc
ARM_VFP	1872	tstsmi
ARM_VFP	1873	tstspl
ARM_VFP	1874	tstsvs
ARM_VFP	1875	tstsvc
ARM_VFP	1876	tstshi
ARM_VFP	1877	tstsls
ARM_VFP	1878	tstsge
ARM_VFP	1879	tstslt
ARM_VFP	1880	tstsgt
ARM_VFP	1881	tstsle
ARM_VFP	1882	tsts
ARM_VFP	1883	tstsrsvd
ARM_VFP	1884	teqeq
ARM_VFP	1885	teqne
ARM_VFP	1886	teqcs
ARM_VFP	1887	teqcc
ARM_VFP	1888	teqmi
ARM_VFP	1889	teqpl
ARM_VFP	1890	teqvs
ARM_VFP	1891	teqvc
ARM_VFP	1892	teqhi
ARM_VFP	1893	teqls
ARM_VFP	1894	teqge
ARM_VFP	1895	teqlt
ARM_VFP	1896	teqgt
ARM_VFP	1897	teqle
ARM_VFP	1898	teq
ARM_VFP	1899	teqrsvd
ARM_VFP	1900	teqseq
ARM_VFP	1901	teqsne
ARM_VFP	1902	teqscs
ARM_VFP	1903	teqscc
ARM_VFP	1904	teqsmi
ARM_VFP	1905	teqspl
ARM_VFP	1906	teqsvs
ARM_VFP	1907	teqsvc
ARM_VFP	1908	teqshi
ARM_VFP	1909	teqsls
ARM_VFP	1910	teqsge
ARM_VFP	1911	teqslt
ARM_VFP	1912	teqsgt
ARM_VFP	1913	teqsle
ARM_VFP	1914	teqs
ARM_VFP	1915	teqsrsvd
ARM_VFP	1916	cmpeq
ARM_VFP	1917	cmpne
ARM_VFP	1918	cmpcs
ARM_VFP	1919	cmpcc
ARM_VFP	1920	cmpmi
ARM_VFP	1921	cmppl
ARM_VFP	1922	cmpvs
ARM_VFP	1923	cmpvc
ARM_VFP	1924	cmphi
ARM_VFP	1925	cmpls
ARM_VFP	1926	cmpge
ARM_VFP	1927	cmplt
ARM_VFP	1928	cmpgt
ARM_VFP	1929	cmple
ARM_VFP	1930	cmp
ARM_VFP	1931	cmprsvd
ARM_VFP	1932	cmpseq
ARM_VFP	1933	cmpsne
ARM_VFP	1934	cmpscs
ARM_VFP	1935	cmpscc
ARM_VFP	1936	cmpsmi
ARM_VFP	1937	cmpspl
ARM_VFP	1938	cmpsvs
ARM_VFP	1939	cmpsvc
ARM_VFP	1940	cmpshi
ARM_VFP	1941	cmpsls
ARM_VFP	1942	cmpsge
ARM_VFP	1943	cmpslt
ARM_VFP	1944	cmpsgt
ARM_VFP	1945	cmpsle
ARM_VFP	1946	cmps
ARM_VFP	1947	cmpsrsvd
ARM_VFP	1948	cmneq
ARM_VFP	1949	cmnne
ARM_VFP	1950	cmncs
ARM_VFP	1951	cmncc
ARM_VFP	1952	cmnmi
ARM_VFP	1953	cmnpl
ARM_VFP	1954	cmnvs
ARM_VFP	1955	cmnvc
ARM_VFP	1956	cmnhi
ARM_VFP	1957	cmnls
ARM_VFP	1958	cmnge
ARM_VFP	1959	cmnlt
ARM_VFP	1960	cmngt
ARM_VFP	1961	cmnle
ARM_VFP	1962	cmn
ARM_VFP	1963	cmnrsvd
ARM_VFP	1964	cmnseq
ARM_VFP	1965	cmnsne
ARM_VFP	1966	cmnscs
ARM_VFP	1967	cmnscc
ARM_VFP	1968	cmnsmi
ARM_VFP	1969	cmnspl
ARM_VFP	1970	cmnsvs
ARM_VFP	1971	cmnsvc
ARM_VFP	1972	cmnshi
ARM_VFP	1973	cmnsls
ARM_VFP	1974	cmnsge
ARM_VFP	1975	cmnslt
ARM_VFP	1976	cmnsgt
ARM_VFP	1977	cmnsle
ARM_VFP	1978	cmns
ARM_VFP	1979	cmnsrsvd
ARM_VFP	1980	orreq
ARM_VFP	1981	orrne
ARM_VFP	1982	orrcs
ARM_VFP	1983	orrcc
ARM_VFP	1984	orrmi
ARM_VFP	1985	orrpl
ARM_VFP	1986	orrvs
ARM_VFP	1987	orrvc
ARM_VFP	1988	orrhi
ARM_VFP	1989	orrls
ARM_VFP	1990	orrge
ARM_VFP	1991	orrlt
ARM_VFP	1992	orrgt
ARM_VFP	1993	orrle
ARM_VFP	1994	orr
ARM_VFP	1995	orrrsvd
ARM_VFP	1996	orrseq
ARM_VFP	1997	orrsne
ARM_VFP	1998	orrscs
ARM_VFP	1999	orrscc
ARM_VFP	2000	orrsmi
ARM_VFP	2001	orrspl
ARM_VFP	2002	orrsvs
ARM_VFP	2003	orrsvc
ARM_VFP	2004	orrshi
ARM_VFP	2005	orrsls
ARM_VFP	2006	orrsge
ARM_VFP	2007	orrslt
ARM_VFP	2008	orrsgt
ARM_VFP	2009	orrsle
ARM_VFP	2010	orrs
ARM_VFP	2011	orrsrsvd
ARM_VFP	2012	moveq
ARM_VFP	2013	movne
ARM_VFP	2014	movcs
ARM_VFP	2015	movcc
ARM_VFP	2016	movmi
ARM_VFP	2017	movpl
ARM_VFP	2018	movvs
ARM_VFP	2019	movvc
ARM_VFP	2020	movhi
ARM_VFP	2021	movls
ARM_VFP	2022	movge
ARM_VFP	2023	movlt
ARM_VFP	2024	movgt
ARM_VFP	2025	movle
ARM_VFP	2026	mov
ARM_VFP	2027	movrsvd
ARM_VFP	2028	movseq
ARM_VFP	2029	movsne
ARM_VFP	2030	movscs
ARM_VFP	2031	movscc
ARM_VFP	2032	movsmi
ARM_VFP	2033	movspl
ARM_VFP	2034	movsvs
ARM_VFP	2035	movsvc
ARM_VFP	2036	movshi
ARM_VFP	2037	movsls
ARM_VFP	2038	movsge
ARM_VFP	2039	movslt
ARM_VFP	2040	movsgt
ARM_VFP	2041	movsle
ARM_VFP	2042	movs
ARM_VFP	2043	movsrsvd
ARM_VFP	2044	biceq
ARM_VFP	2045	bicne
ARM_VFP	2046	biccs
ARM_VFP	2047	biccc
ARM_VFP	2048	bicmi
ARM_VFP	2049	bicpl
ARM_VFP	2050	bicvs
ARM_VFP	2051	bicvc
ARM_VFP	2052	bichi
ARM_VFP	2053	bicls
ARM_VFP	2054	bicge
ARM_VFP	2055	biclt
ARM_VFP	2056	bicgt
ARM_VFP	2057	bicle
ARM_VFP	2058	bic
ARM_VFP	2059	bicrsvd
ARM_VFP	2060	bicseq
ARM_VFP	2061	bicsne
ARM_VFP	2062	bicscs
ARM_VFP	2063	bicscc
ARM_VFP	2064	bicsmi
ARM_VFP	2065	bicspl
ARM_VFP	2066	bicsvs
ARM_VFP	2067	bicsvc
ARM_VFP	2068	bicshi
ARM_VFP	2069	bicsls
ARM_VFP	2070	bicsge
ARM_VFP	2071	bicslt
ARM_VFP	2072	bicsgt
ARM_VFP	2073	bicsle
ARM_VFP	2074	bics
ARM_VFP	2075	bicsrsvd
ARM_VFP	2076	mvneq
ARM_VFP	2077	mvnne
ARM_VFP	2078	mvncs
ARM_VFP	2079	mvncc
ARM_VFP	2080	mvnmi
ARM_VFP	2081	mvnpl
ARM_VFP	2082	mvnvs
ARM_VFP	2083	mvnvc
ARM_VFP	2084	mvnhi
ARM_VFP	2085	mvnls
ARM_VFP	2086	mvnge
ARM_VFP	2087	mvnlt
ARM_VFP	2088	mvngt
ARM_VFP	2089	mvnle
ARM_VFP	2090	mvn
ARM_VFP	2091	mvnrsvd
ARM_VFP	2092	mvnseq
ARM_VFP	2093	mvnsne
ARM_VFP	2094	mvnscs
ARM_VFP	2095	mvnscc
ARM_VFP	2096	mvnsmi
ARM_VFP	2097	mvnspl
ARM_VFP	2098	mvnsvs
ARM_VFP	2099	mvnsvc
ARM_VFP	2100	mvnshi
ARM_VFP	2101	mvnsls
ARM_VFP	2102	mvnsge
ARM_VFP	2103	mvnslt
ARM_VFP	2104	mvnsgt
ARM_VFP	2105	mvnsle
ARM_VFP	2106	mvns
ARM_VFP	2107	mvnsrsvd
ARM_VFP	2108	lsleq
ARM_VFP	2109	lslne
ARM_VFP	2110	lslcs
ARM_VFP	2111	lslcc
ARM_VFP	2112	lslmi
ARM_VFP	2113	lslpl
ARM_VFP	2114	lslvs
ARM_VFP	2115	lslvc
ARM_VFP	2116	lslhi
ARM_VFP	2117	lslls
ARM_VFP	2118	lslge
ARM_VFP	2119	lsllt
ARM_VFP	2120	lslgt
ARM_VFP	2121	lslle
ARM_VFP	2122	lsl
ARM_VFP	2123	lslrsvd
ARM_VFP	2124	lslseq
ARM_VFP	2125	lslsne
ARM_VFP	2126	lslscs
ARM_VFP	2127	lslscc
ARM_VFP	2128	lslsmi
ARM_VFP	2129	lslspl
ARM_VFP	2130	lslsvs
ARM_VFP	2131	lslsvc
ARM_VFP	2132	lslshi
ARM_VFP	2133	lslsls
ARM_VFP	2134	lslsge
ARM_VFP	2135	lslslt
ARM_VFP	2136	lslsgt
ARM_VFP	2137	lslsle
ARM_VFP	2138	lsls
ARM_VFP	2139	lslsrsvd
ARM_VFP	2140	lsreq
ARM_VFP	2141	lsrne
ARM_VFP	2142	lsrcs
ARM_VFP	2143	lsrcc
ARM_VFP	2144	lsrmi
ARM_VFP	2145	lsrpl
ARM_VFP	2146	lsrvs
ARM_VFP	2147	lsrvc
ARM_VFP	2148	lsrhi
ARM_VFP	2149	lsrls
ARM_VFP	2150	lsrge
ARM_VFP	2151	lsrlt
ARM_VFP	2152	lsrgt
ARM_VFP	2153	lsrle
ARM_VFP	2154	lsr
ARM_VFP	2155	lsrrsvd
ARM_VFP	2156	lsrseq
ARM_VFP	2157	lsrsne
ARM_VFP	2158	lsrscs
ARM_VFP	2159	lsrscc
ARM_VFP	2160	lsrsmi
ARM_VFP	2161	lsrspl
ARM_VFP	2162	lsrsvs
ARM_VFP	2163	lsrsvc
ARM_VFP	2164	lsrshi
ARM_VFP	2165	lsrsls
ARM_VFP	2166	lsrsge
ARM_VFP	2167	lsrslt
ARM_VFP	2168	lsrsgt
ARM_VFP	2169	lsrsle
ARM_VFP	2170	lsrs
ARM_VFP	2171	lsrsrsvd
ARM_VFP	2172	asreq
ARM_VFP	2173	asrne
ARM_VFP	2174	asrcs
ARM_VFP	2175	asrcc
ARM_VFP	2176	asrmi
ARM_VFP	2177	asrpl
ARM_VFP	2178	asrvs
ARM_VFP	2179	asrvc
ARM_VFP	2180	asrhi
ARM_VFP	2181	asrls
ARM_VFP	2182	asrge
ARM_VFP	2183	asrlt
ARM_VFP	2184	asrgt
ARM_VFP	2185	asrle
ARM_VFP	2186	asr
ARM_VFP	2187	asrrsvd
ARM_VFP	2188	asrseq
ARM_VFP	2189	asrsne
ARM_VFP	2190	asrscs
ARM_VFP	2191	asrscc
ARM_VFP	2192	asrsmi
ARM_VFP	2193	asrspl
ARM_VFP	2194	asrsvs
ARM_VFP	2195	asrsvc
ARM_VFP	2196	asrshi
ARM_VFP	2197	asrsls
ARM_VFP	2198	asrsge
ARM_VFP	2199	asrslt
ARM_VFP	2200	asrsgt
ARM_VFP	2201	asrsle
ARM_VFP	2202	asrs
ARM_VFP	2203	asrsrsvd
ARM_VFP	2204	roreq
ARM_VFP	2205	rorne
ARM_VFP	2206	rorcs
ARM_VFP	2207	rorcc
ARM_VFP	2208	rormi
ARM_VFP	2209	rorpl
ARM_VFP	2210	rorvs
ARM_VFP	2211	rorvc
ARM_VFP	2212	rorhi
ARM_VFP	2213	rorls
ARM_VFP	2214	rorge
ARM_VFP	2215	rorlt
ARM_VFP	2216	rorgt
ARM_VFP	2217	rorle
ARM_VFP	2218	ror
ARM_VFP	2219	rorrsvd
ARM_VFP	2220	rorseq
ARM_VFP	2221	rorsne
ARM_VFP	2222	rorscs
ARM_VFP	2223	rorscc
ARM_VFP	2224	rorsmi
ARM_VFP	2225	rorspl
ARM_VFP	2226	rorsvs
ARM_VFP	2227	rorsvc
ARM_VFP	2228	rorshi
ARM_VFP	2229	rorsls
ARM_VFP	2230	rorsge
ARM_VFP	2231	rorslt
ARM_VFP	2232	rorsgt
ARM_VFP	2233	rorsle
ARM_VFP	2234	rors
ARM_VFP	2235	rorsrsvd
ARM_VFP	2236	rrxeq
ARM_VFP	2237	rrxne
ARM_VFP	2238	rrxcs
ARM_VFP	2239	rrxcc
ARM_VFP	2240	rrxmi
ARM_VFP	2241	rrxpl
ARM_VFP	2242	rrxvs
ARM_VFP	2243	rrxvc
ARM_VFP	2244	rrxhi
ARM_VFP	2245	rrxls
ARM_VFP	2246	rrxge
ARM_VFP	2247	rrxlt
ARM_VFP	2248	rrxgt
ARM_VFP	2249	rrxle
ARM_VFP	2250	rrx
ARM_VFP	2251	rrxrsvd
ARM_VFP	2252	rrxseq
ARM_VFP	2253	rrxsne
ARM_VFP	2254	rrxscs
ARM_VFP	2255	rrxscc
ARM_VFP	2256	rrxsmi
ARM_VFP	2257	rrxspl
ARM_VFP	2258	rrxsvs
ARM_VFP	2259	rrxsvc
ARM_VFP	2260	rrxshi
ARM_VFP	2261	rrxsls
ARM_VFP	2262	rrxsge
ARM_VFP	2263	rrxslt
ARM_VFP	2264	rrxsgt
ARM_VFP	2265	rrxsle
ARM_VFP	2266	rrxs
ARM_VFP	2267	rrxsrsvd
ARM_VFP	2268	cdpeq
ARM_VFP	2269	cdpne
ARM_VFP	2270	cdpcs
ARM_VFP	2271	cdpcc
ARM_VFP	2272	cdpmi
ARM_VFP	2273	cdppl
ARM_VFP	2274	cdpvs
ARM_VFP	2275	cdpvc
ARM_VFP	2276	cdphi
ARM_VFP	2277	cdpls
ARM_VFP	2278	cdpge
ARM_VFP	2279	cdplt
ARM_VFP	2280	cdpgt
ARM_VFP	2281	cdple
ARM_VFP	2282	cdp
ARM_VFP	2283	cdprsvd
ARM_VFP	2284	mcreq
ARM_VFP	2285	mcrne
ARM_VFP	2286	mcrcs
ARM_VFP	2287	mcrcc
ARM_VFP	2288	mcrmi
ARM_VFP	2289	mcrpl
ARM_VFP	2290	mcrvs
ARM_VFP	2291	mcrvc
ARM_VFP	2292	mcrhi
ARM_VFP	2293	mcrls
ARM_VFP	2294	mcrge
ARM_VFP	2295	mcrlt
ARM_VFP	2296	mcrgt
ARM_VFP	2297	mcrle
ARM_VFP	2298	mcr
ARM_VFP	2299	mcrrsvd
ARM_VFP	2300	mrceq
ARM_VFP	2301	mrcne
ARM_VFP	2302	mrccs
ARM_VFP	2303	mrccc
ARM_VFP	2304	mrcmi
ARM_VFP	2305	mrcpl
ARM_VFP	2306	mrcvs
ARM_VFP	2307	mrcvc
ARM_VFP	2308	mrchi
ARM_VFP	2309	mrcls
ARM_VFP	2310	mrcge
ARM_VFP	2311	mrclt
ARM_VFP	2312	mrcgt
ARM_VFP	2313	mrcle
ARM_VFP	2314	mrc
ARM_VFP	2315	mrcrsvd
ARM_VFP	2316	vldreq
ARM_VFP	2317	vldrne
ARM_VFP	2318	vldrcs
ARM_VFP	2319	vldrcc
ARM_VFP	2320	vldrmi
ARM_VFP	2321	vldrpl
ARM_VFP	2322	vldrvs
ARM_VFP	2323	vldrvc
ARM_VFP	2324	vldrhi
ARM_VFP	2325	vldrls
ARM_VFP	2326	vldrge
ARM_VFP	2327	vldrlt
ARM_VFP	2328	vldrgt
ARM_VFP	2329	vldrle
ARM_VFP	2330	vldr
ARM_VFP	2331	vldrrsvd
ARM_VFP	2332	vstreq
ARM_VFP	2333	vstrne
ARM_VFP	2334	vstrcs
ARM_VFP	2335	vstrcc
ARM_VFP	2336	vstrmi
ARM_VFP	2337	vstrpl
ARM_VFP	2338	vstrvs
ARM_VFP	2339	vstrvc
ARM_VFP	2340	vstrhi
ARM_VFP	2341	vstrls
ARM_VFP	2342	vstrge
ARM_VFP	2343	vstrlt
ARM_VFP	2344	vstrgt
ARM_VFP	2345	vstrle
ARM_VFP	2346	vstr
ARM_VFP	2347	vstrrsvd
ARM_VFP	2348	vmlaeq.f32
ARM_VFP	2349	vmlane.f32
ARM_VFP	2350	vmlacs.f32
ARM_VFP	2351	vmlacc.f32
ARM_VFP	2352	vmlami.f32
ARM_VFP	2353	vmlapl.f32
ARM_VFP	2354	vmlavs.f32
ARM_VFP	2355	vmlavc.f32
ARM_VFP	2356	vmlahi.f32
ARM_VFP	2357	vmlals.f32
ARM_VFP	2358	vmlage.f32
ARM_VFP	2359	vmlalt.f32
ARM_VFP	2360	vmlagt.f32
ARM_VFP	2361	vmlale.f32
ARM_VFP	2362	vmla.f32
ARM_VFP	2363	vmlarsvd.f32
ARM_VFP	2364	vmlaeq.f64
ARM_VFP	2365	vmlane.f64
ARM_VFP	2366	vmlacs.f64
ARM_VFP	2367	vmlacc.f64
ARM_VFP	2368	vmlami.f64
ARM_VFP	2369	vmlapl.f64
ARM_VFP	2370	vmlavs.f64
ARM_VFP	2371	vmlavc.f64
ARM_VFP	2372	vmlahi.f64
ARM_VFP	2373	vmlals.f64
ARM_VFP	2374	vmlage.f64
ARM_VFP	2375	vmlalt.f64
ARM_VFP	2376	vmlagt.f64
ARM_VFP	2377	vmlale.f64
ARM_VFP	2378	vmla.f64
ARM_VFP	2379	vmlarsvd.f64
ARM_VFP	2380	vmlseq.f32
ARM_VFP	2381	vmlsne.f32
ARM_VFP	2382	vmlscs.f32
ARM_VFP	2383	vmlscc.f32
ARM_VFP	2384	vmlsmi.f32
ARM_VFP	2385	vmlspl.f32
ARM_VFP	2386	vmlsvs.f32
ARM_VFP	2387	vmlsvc.f32
ARM_VFP	2388	vmlshi.f32
ARM_VFP	2389	vmlsls.f32
ARM_VFP	2390	vmlsge.f32
ARM_VFP	2391	vmlslt.f32
ARM_VFP	2392	vmlsgt.f32
ARM_VFP	2393	vmlsle.f32
ARM_VFP	2394	vmls.f32
ARM_VFP	2395	vmlsrsvd.f32
ARM_VFP	2396	vmlseq.f64
ARM_VFP	2397	vmlsne.f64
ARM_VFP	2398	vmlscs.f64
ARM_VFP	2399	vmlscc.f64
ARM_VFP	2400	vmlsmi.f64
ARM_VFP	2401	vmlspl.f64
ARM_VFP	2402	vmlsvs.f64
ARM_VFP	2403	vmlsvc.f64
ARM_VFP	2404	vmlshi.f64
ARM_VFP	2405	vmlsls.f64
ARM_VFP	2406	vmlsge.f64
ARM_VFP	2407	vmlslt.f64
ARM_VFP	2408	vmlsgt.f64
ARM_VFP	2409	vmlsle.f64
ARM_VFP	2410	vmls.f64
ARM_VFP	2411	vmlsrsvd.f64
ARM_VFP	2412	vnmlseq.f32
ARM_VFP	2413	vnmlsne.f32
ARM_VFP	2414	vnmlscs.f32
ARM_VFP	2415	vnmlscc.f32
ARM_VFP	2416	vnmlsmi.f32
ARM_VFP	2417	vnmlspl.f32
ARM_VFP	2418	vnmlsvs.f32
ARM_VFP	2419	vnmlsvc.f32
ARM_VFP	2420	vnmlshi.f32
ARM_VFP	2421	vnmlsls.f32
ARM_VFP	2422	vnmlsge.f32
ARM_VFP	2423	vnmlslt.f32
ARM_VFP	2424	vnmlsgt.f32
ARM_VFP	2425	vnmlsle.f32
ARM_VFP	2426	vnmls.f32
ARM_VFP	2427	vnmlsrsvd.f32
ARM_VFP	2428	vnmlseq.f64
ARM_VFP	2429	vnmlsne.f64
ARM_VFP	2430	vnmlscs.f64
ARM_VFP	2431	vnmlscc.f64
ARM_VFP	2432	vnmlsmi.f64
ARM_VFP	2433	vnmlspl.f64
ARM_VFP	2434	vnmlsvs.f64
ARM_VFP	2435	vnmlsvc.f64
ARM_VFP	2436	vnmlshi.f64
ARM_VFP	2437	vnmlsls.f64
ARM_VFP	2438	vnmlsge.f64
ARM_VFP	2439	vnmlslt.f64
ARM_VFP	2440	vnmlsgt.f64
ARM_VFP	2441	vnmlsle.f64
ARM_VFP	2442	vnmls.f64
ARM_VFP	2443	vnmlsrsvd.f64
ARM_VFP	2444	vnmlaeq.f32
ARM_VFP	2445	vnmlane.f32
ARM_VFP	2446	vnmlacs.f32
ARM_VFP	2447	vnmlacc.f32
ARM_VFP	2448	vnmlami.f32
ARM_VFP	2449	vnmlapl.f32
ARM_VFP	2450	vnmlavs.f32
ARM_VFP	2451	vnmlavc.f32
ARM_VFP	2452	vnmlahi.f32
ARM_VFP	2453	vnmlals.f32
ARM_VFP	2454	vnmlage.f32
ARM_VFP	2455	vnmlalt.f32
ARM_VFP	2456	vnmlagt.f32
ARM_VFP	2457	vnmlale.f32
ARM_VFP	2458	vnmla.f32
ARM_VFP	2459	vnmlarsvd.f32
ARM_VFP	2460	vnmlaeq.f64
ARM_VFP	2461	vnmlane.f64
ARM_VFP	2462	vnmlacs.f64
ARM_VFP	2463	vnmlacc.f64
ARM_VFP	2464	vnmlami.f64
ARM_VFP	2465	vnmlapl.f64
ARM_VFP	2466	vnmlavs.f64
ARM_VFP	2467	vnmlavc.f64
ARM_VFP	2468	vnmlahi.f64
ARM_VFP	2469	vnmlals.f64
ARM_VFP	2470	vnmlage.f64
ARM_VFP	2471	vnmlalt.f64
ARM_VFP	2472	vnmlagt.f64
ARM_VFP	2473	vnmlale.f64
ARM_VFP	2474	vnmla.f64
ARM_VFP	2475	vnmlarsvd.f64
ARM_VFP	2476	vmuleq.f32
ARM_VFP	2477	vmulne.f32
ARM_VFP	2478	vmulcs.f32
ARM_VFP	2479	vmulcc.f32
ARM_VFP	2480	vmulmi.f32
ARM_VFP	2481	vmulpl.f32
ARM_VFP	2482	vmulvs.f32
ARM_VFP	2483	vmulvc.f32
ARM_VFP	2484	vmulhi.f32
ARM_VFP	2485	vmulls.f32
ARM_VFP	2486	vmulge.f32
ARM_VFP	2487	vmullt.f32
ARM_VFP	2488	vmulgt.f32
ARM_VFP	2489	vmulle.f32
ARM_VFP	2490	vmul.f32
ARM_VFP	2491	vmulrsvd.f32
ARM_VFP	2492	vmuleq.f64
ARM_VFP	2493	vmulne.f64
ARM_VFP	2494	vmulcs.f64
ARM_VFP	2495	vmulcc.f64
ARM_VFP	2496	vmulmi.f64
ARM_VFP	2497	vmulpl.f64
ARM_VFP	2498	vmulvs.f64
ARM_VFP	2499	vmulvc.f64
ARM_VFP	2500	vmulhi.f64
ARM_VFP	2501	vmulls.f64
ARM_VFP	2502	vmulge.f64
ARM_VFP	2503	vmullt.f64
ARM_VFP	2504	vmulgt.f64
ARM_VFP	2505	vmulle.f64
ARM_VFP	2506	vmul.f64
ARM_VFP	2507	vmulrsvd.f64
ARM_VFP	2508	vnmuleq.f32
ARM_VFP	2509	vnmulne.f32
ARM_VFP	2510	vnmulcs.f32
ARM_VFP	2511	vnmulcc.f32
ARM_VFP	2512	vnmulmi.f32
ARM_VFP	2513	vnmulpl.f32
ARM_VFP	2514	vnmulvs.f32
ARM_VFP	2515	vnmulvc.f32
ARM_VFP	2516	vnmulhi.f32
ARM_VFP	2517	vnmulls.f32
ARM_VFP	2518	vnmulge.f32
ARM_VFP	2519	vnmullt.f32
ARM_VFP	2520	vnmulgt.f32
ARM_VFP	2521	vnmulle.f32
ARM_VFP	2522	vnmul.f32
ARM_VFP	2523	vnmulrsvd.f32
ARM_VFP	2524	vnmuleq.f64
ARM_VFP	2525	vnmulne.f64
ARM_VFP	2526	vnmulcs.f64
ARM_VFP	2527	vnmulcc.f64
ARM_VFP	2528	vnmulmi.f64
ARM_VFP	2529	vnmulpl.f64
ARM_VFP	2530	vnmulvs.f64
ARM_VFP	2531	vnmulvc.f64
ARM_VFP	2532	vnmulhi.f64
ARM_VFP	2533	vnmulls.f64
ARM_VFP	2534	vnmulge.f64
ARM_VFP	2535	vnmullt.f64
ARM_VFP	2536	vnmulgt.f64
ARM_VFP	2537	vnmulle.f64
ARM_VFP	2538	vnmul.f64
ARM_VFP	2539	vnmulrsvd.f64
ARM_VFP	2540	vaddeq.f32
ARM_VFP	2541	vaddne.f32
ARM_VFP	2542	vaddcs.f32
ARM_VFP	2543	vaddcc.f32
ARM_VFP	2544	vaddmi.f32
ARM_VFP	2545	vaddpl.f32
ARM_VFP	2546	vaddvs.f32
ARM_VFP	2547	vaddvc.f32
ARM_VFP	2548	vaddhi.f32
ARM_VFP	2549	vaddls.f32
ARM_VFP	2550	vaddge.f32
ARM_VFP	2551	vaddlt.f32
ARM_VFP	2552	vaddgt.f32
ARM_VFP	2553	vaddle.f32
ARM_VFP	2554	vadd.f32
ARM_VFP	2555	vaddrsvd.f32
ARM_VFP	2556	vaddeq.f64
ARM_VFP	2557	vaddne.f64
ARM_VFP	2558	vaddcs.f64
ARM_VFP	2559	vaddcc.f64
ARM_VFP	2560	vaddmi.f64
ARM_VFP	2561	vaddpl.f64
ARM_VFP	2562	vaddvs.f64
ARM_VFP	2563	vaddvc.f64
ARM_VFP	2564	vaddhi.f64
ARM_VFP	2565	vaddls.f64
ARM_VFP	2566	vaddge.f64
ARM_VFP	2567	vaddlt.f64
ARM_VFP	2568	vaddgt.f64
ARM_VFP	2569	vaddle.f64
ARM_VFP	2570	vadd.f64
ARM_VFP	2571	vaddrsvd.f64
ARM_VFP	2572	vsubeq.f32
ARM_VFP	2573	vsubne.f32
ARM_VFP	2574	vsubcs.f32
ARM_VFP	2575	vsubcc.f32
ARM_VFP	2576	vsubmi.f32
ARM_VFP	2577	vsubpl.f32
ARM_VFP	2578	vsubvs.f32
ARM_VFP	2579	vsubvc.f32
ARM_VFP	2580	vsubhi.f32
ARM_VFP	2581	vsubls.f32
ARM_VFP	2582	vsubge.f32
ARM_VFP	2583	vsublt.f32
ARM_VFP	2584	vsubgt.f32
ARM_VFP	2585	vsuble.f32
ARM_VFP	2586	vsub.f32
ARM_VFP	2587	vsubrsvd.f32
ARM_VFP	2588	vsubeq.f64
ARM_VFP	2589	vsubne.f64
ARM_VFP	2590	vsubcs.f64
ARM_VFP	2591	vsubcc.f64
ARM_VFP	2592	vsubmi.f64
ARM_VFP	2593	vsubpl.f64
ARM_VFP	2594	vsubvs.f64
ARM_VFP	2595	vsubvc.f64
ARM_VFP	2596	vsubhi.f64
ARM_VFP	2597	vsubls.f64
ARM_VFP	2598	vsubge.f64
ARM_VFP	2599	vsublt.f64
ARM_VFP	2600	vsubgt.f64
ARM_VFP	2601	vsuble.f64
ARM_VFP	2602	vsub.f64
ARM_VFP	2603	vsubrsvd.f64
ARM_VFP	2604	vdiveq.f32
ARM_VFP	2605	vdivne.f32
ARM_VFP	2606	vdivcs.f32
ARM_VFP	2607	vdivcc.f32
ARM_VFP	2608	vdivmi.f32
ARM_VFP	2609	vdivpl.f32
ARM_VFP	2610	vdivvs.f32
ARM_VFP	2611	vdivvc.f32
ARM_VFP	2612	vdivhi.f32
ARM_VFP	2613	vdivls.f32
ARM_VFP	2614	vdivge.f32
ARM_VFP	2615	vdivlt.f32
ARM_VFP	2616	vdivgt.f32
ARM_VFP	2617	vdivle.f32
ARM_VFP	2618	vdiv.f32
ARM_VFP	2619	vdivrsvd.f32
ARM_VFP	2620	vdiveq.f64
ARM_VFP	2621	vdivne.f64
ARM_VFP	2622	vdivcs.f64
ARM_VFP	2623	vdivcc.f64
ARM_VFP	2624	vdivmi.f64
ARM_VFP	2625	vdivpl.f64
ARM_VFP	2626	vdivvs.f64
ARM_VFP	2627	vdivvc.f64
ARM_VFP	2628	vdivhi.f64
ARM_VFP	2629	vdivls.f64
ARM_VFP	2630	vdivge.f64
ARM_VFP	2631	vdivlt.f64
ARM_VFP	2632	vdivgt.f64
ARM_VFP	2633	vdivle.f64
ARM_VFP	2634	vdiv.f64
ARM_VFP	2635	vdivrsvd.f64
ARM_VFP	2636	vnegeq.f32
ARM_VFP	2637	vnegne.f32
ARM_VFP	2638	vnegcs.f32
ARM_VFP	2639	vnegcc.f32
ARM_VFP	2640	vnegmi.f32
ARM_VFP	2641	vnegpl.f32
ARM_VFP	2642	vnegvs.f32
ARM_VFP	2643	vnegvc.f32
ARM_VFP	2644	vneghi.f32
ARM_VFP	2645	vnegls.f32
ARM_VFP	2646	vnegge.f32
ARM_VFP	2647	vneglt.f32
ARM_VFP	2648	vneggt.f32
ARM_VFP	2649	vnegle.f32
ARM_VFP	2650	vneg.f32
ARM_VFP	2651	vnegrsvd.f32
ARM_VFP	2652	vnegeq.f64
ARM_VFP	2653	vnegne.f64
ARM_VFP	2654	vnegcs.f64
ARM_VFP	2655	vnegcc.f64
ARM_VFP	2656	vnegmi.f64
ARM_VFP	2657	vnegpl.f64
ARM_VFP	2658	vnegvs.f64
ARM_VFP	2659	vnegvc.f64
ARM_VFP	2660	vneghi.f64
ARM_VFP	2661	vnegls.f64
ARM_VFP	2662	vnegge.f64
ARM_VFP	2663	vneglt.f64
ARM_VFP	2664	vneggt.f64
ARM_VFP	2665	vnegle.f64
ARM_VFP	2666	vneg.f64
ARM_VFP	2667	vnegrsvd.f64
ARM_VFP	2668	vabseq.f32
ARM_VFP	2669	vabsne.f32
ARM_VFP	2670	vabscs.f32
ARM_VFP	2671	vabscc.f32
ARM_VFP	2672	vabsmi.f32
ARM_VFP	2673	vabspl.f32
ARM_VFP	2674	vabsvs.f32
ARM_VFP	2675	vabsvc.f32
ARM_VFP	2676	vabshi.f32
ARM_VFP	2677	vabsls.f32
ARM_VFP	2678	vabsge.f32
ARM_VFP	2679	vabslt.f32
ARM_VFP	2680	vabsgt.f32
ARM_VFP	2681	vabsle.f32
ARM_VFP	2682	vabs.f32
ARM_VFP	2683	vabsrsvd.f32
ARM_VFP	2684	vabseq.f64
ARM_VFP	2685	vabsne.f64
ARM_VFP	2686	vabscs.f64
ARM_VFP	2687	vabscc.f64
ARM_VFP	2688	vabsmi.f64
ARM_VFP	2689	vabspl.f64
ARM_VFP	2690	vabsvs.f64
ARM_VFP	2691	vabsvc.f64
ARM_VFP	2692	vabshi.f64
ARM_VFP	2693	vabsls.f64
ARM_VFP	2694	vabsge.f64
ARM_VFP	2695	vabslt.f64
ARM_VFP	2696	vabsgt.f64
ARM_VFP	2697	vabsle.f64
ARM_VFP	2698	vabs.f64
ARM_VFP	2699	vabsrsvd.f64
ARM_VFP	2700	vsqrteq.f32
ARM_VFP	2701	vsqrtne.f32
ARM_VFP	2702	vsqrtcs.f32
ARM_VFP	2703	vsqrtcc.f32
ARM_VFP	2704	vsqrtmi.f32
ARM_VFP	2705	vsqrtpl.f32
ARM_VFP	2706	vsqrtvs.f32
ARM_VFP	2707	vsqrtvc.f32
ARM_VFP	2708	vsqrthi.f32
ARM_VFP	2709	vsqrtls.f32
ARM_VFP	2710	vsqrtge.f32
ARM_VFP	2711	vsqrtlt.f32
ARM_VFP	2712	vsqrtgt.f32
ARM_VFP	2713	vsqrtle.f32
ARM_VFP	2714	vsqrt.f32
ARM_VFP	2715	vsqrtrsvd.f32
ARM_VFP	2716	vsqrteq.f64
ARM_VFP	2717	vsqrtne.f64
ARM_VFP	2718	vsqrtcs.f64
ARM_VFP	2719	vsqrtcc.f64
ARM_VFP	2720	vsqrtmi.f64
ARM_VFP	2721	vsqrtpl.f64
ARM_VFP	2722	vsqrtvs.f64
ARM_VFP	2723	vsqrtvc.f64
ARM_VFP	2724	vsqrthi.f64
ARM_VFP	2725	vsqrtls.f64
ARM_VFP	2726	vsqrtge.f64
ARM_VFP	2727	vsqrtlt.f64
ARM_VFP	2728	vsqrtgt.f64
ARM_VFP	2729	vsqrtle.f64
ARM_VFP	2730	vsqrt.f64
ARM_VFP	2731	vsqrtrsvd.f64
ARM_VFP	2732	vcmpeq.f32
ARM_VFP	2733	vcmpne.f32
ARM_VFP	2734	vcmpcs.f32
ARM_VFP	2735	vcmpcc.f32
ARM_VFP	2736	vcmpmi.f32
ARM_VFP	2737	vcmppl.f32
ARM_VFP	2738	vcmpvs.f32
ARM_VFP	2739	vcmpvc.f32
ARM_VFP	2740	vcmphi.f32
ARM_VFP	2741	vcmpls.f32
ARM_VFP	2742	vcmpge.f32
ARM_VFP	2743	vcmplt.f32
ARM_VFP	2744	vcmpgt.f32
ARM_VFP	2745	vcmple.f32
ARM_VFP	2746	vcmp.f32
ARM_VFP	2747	vcmprsvd.f32
ARM_VFP	2748	vcmpeq.f64
ARM_VFP	2749	vcmpne.f64
ARM_VFP	2750	vcmpcs.f64
ARM_VFP	2751	vcmpcc.f64
ARM_VFP	2752	vcmpmi.f64
ARM_VFP	2753	vcmppl.f64
ARM_VFP	2754	vcmpvs.f64
ARM_VFP	2755	vcmpvc.f64
ARM_VFP	2756	vcmphi.f64
ARM_VFP	2757	vcmpls.f64
ARM_VFP	2758	vcmpge.f64
ARM_VFP	2759	vcmplt.f64
ARM_VFP	2760	vcmpgt.f64
ARM_VFP	2761	vcmple.f64
ARM_VFP	2762	vcmp.f64
ARM_VFP	2763	vcmprsvd.f64
ARM_VFP	2764	vcmpeeq.f32
ARM_VFP	2765	vcmpene.f32
ARM_VFP	2766	vcmpecs.f32
ARM_VFP	2767	vcmpecc.f32
ARM_VFP	2768	vcmpemi.f32
ARM_VFP	2769	vcmpepl.f32
ARM_VFP	2770	vcmpevs.f32
ARM_VFP	2771	vcmpevc.f32
ARM_VFP	2772	vcmpehi.f32
ARM_VFP	2773	vcmpels.f32
ARM_VFP	2774	vcmpege.f32
ARM_VFP	2775	vcmpelt.f32
ARM_VFP	2776	vcmpegt.f32
ARM_VFP	2777	vcmpele.f32
ARM_VFP	2778	vcmpe.f32
ARM_VFP	2779	vcmpersvd.f32
ARM_VFP	2780	vcmpeeq.f64
ARM_VFP	2781	vcmpene.f64
ARM_VFP	2782	vcmpecs.f64
ARM_VFP	2783	vcmpecc.f64
ARM_VFP	2784	vcmpemi.f64
ARM_VFP	2785	vcmpepl.f64
ARM_VFP	2786	vcmpevs.f64
ARM_VFP	2787	vcmpevc.f64
ARM_VFP	2788	vcmpehi.f64
ARM_VFP	2789	vcmpels.f64
ARM_VFP	2790	vcmpege.f64
ARM_VFP	2791	vcmpelt.f64
ARM_VFP	2792	vcmpegt.f64
ARM_VFP	2793	vcmpele.f64
ARM_VFP	2794	vcmpe.f64
ARM_VFP	2795	vcmpersvd.f64
ARM_VFP	2796	vmoveq.f32
ARM_VFP	2797	vmovne.f32
ARM_VFP	2798	vmovcs.f32
ARM_VFP	2799	vmovcc.f32
ARM_VFP	2800	vmovmi.f32
ARM_VFP	2801	vmovpl.f32
ARM_VFP	2802	vmovvs.f32
ARM_VFP	2803	vmovvc.f32
ARM_VFP	2804	vmovhi.f32
ARM_VFP	2805	vmovls.f32
ARM_VFP	2806	vmovge.f32
ARM_VFP	2807	vmovlt.f32
ARM_VFP	2808	vmovgt.f32
ARM_VFP	2809	vmovle.f32
ARM_VFP	2810	vmov.f32
ARM_VFP	2811	vmovrsvd.f32
ARM_VFP	2812	vmoveq.f64
ARM_VFP	2813	vmovne.f64
ARM_VFP	2814	vmovcs.f64
ARM_VFP	2815	vmovcc.f64
ARM_VFP	2816	vmovmi.f64
ARM_VFP	2817	vmovpl.f64
ARM_VFP	2818	vmovvs.f64
ARM_VFP	2819	vmovvc.f64
ARM_VFP	2820	vmovhi.f64
ARM_VFP	2821	vmovls.f64
ARM_VFP	2822	vmovge.f64
ARM_VFP	2823	vmovlt.f64
ARM_VFP	2824	vmovgt.f64
ARM_VFP	2825	vmovle.f64
ARM_VFP	2826	vmov.f64
ARM_VFP	2827	vmovrsvd.f64
ARM_VFP	2828	vcvtreq.s32.f64
ARM_VFP	2829	vcvtrne.s32.f64
ARM_VFP	2830	vcvtrcs.s32.f64
ARM_VFP	2831	vcvtrcc.s32.f64
ARM_VFP	2832	vcvtrmi.s32.f64
ARM_VFP	2833	vcvtrpl.s32.f64
ARM_VFP	2834	vcvtrvs.s32.f64
ARM_VFP	2835	vcvtrvc.s32.f64
ARM_VFP	2836	vcvtrhi.s32.f64
ARM_VFP	2837	vcvtrls.s32.f64
ARM_VFP	2838	vcvtrge.s32.f64
ARM_VFP	2839	vcvtrlt.s32.f64
ARM_VFP	2840	vcvtrgt.s32.f64
ARM_VFP	2841	vcvtrle.s32.f64
ARM_VFP	2842	vcvtr.s32.f64
ARM_VFP	2843	vcvtrrsvd.s32.f64
ARM_VFP	2844	vcvtreq.s32.f32
ARM_VFP	2845	vcvtrne.s32.f32
ARM_VFP	2846	vcvtrcs.s32.f32
ARM_VFP	2847	vcvtrcc.s32.f32
ARM_VFP	2848	vcvtrmi.s32.f32
ARM_VFP	2849	vcvtrpl.s32.f32
ARM_VFP	2850	vcvtrvs.s32.f32
ARM_VFP	2851	vcvtrvc.s32.f32
ARM_VFP	2852	vcvtrhi.s32.f32
ARM_VFP	2853	vcvtrls.s32.f32
ARM_VFP	2854	vcvtrge.s32.f32
ARM_VFP	2855	vcvtrlt.s32.f32
ARM_VFP	2856	vcvtrgt.s32.f32
ARM_VFP	2857	vcvtrle.s32.f32
ARM_VFP	2858	vcvtr.s32.f32
ARM_VFP	2859	vcvtrrsvd.s32.f32
ARM_VFP	2860	vcvtreq.u32.f64
ARM_VFP	2861	vcvtrne.u32.f64
ARM_VFP	2862	vcvtrcs.u32.f64
ARM_VFP	2863	vcvtrcc.u32.f64
ARM_VFP	2864	vcvtrmi.u32.f64
ARM_VFP	2865	vcvtrpl.u32.f64
ARM_VFP	2866	vcvtrvs.u32.f64
ARM_VFP	2867	vcvtrvc.u32.f64
ARM_VFP	2868	vcvtrhi.u32.f64
ARM_VFP	2869	vcvtrls.u32.f64
ARM_VFP	2870	vcvtrge.u32.f64
ARM_VFP	2871	vcvtrlt.u32.f64
ARM_VFP	2872	vcvtrgt.u32.f64
ARM_VFP	2873	vcvtrle.u32.f64
ARM_VFP	2874	vcvtr.u32.f64
ARM_VFP	2875	vcvtrrsvd.u32.f64
ARM_VFP	2876	vcvtreq.u32.f32
ARM_VFP	2877	vcvtrne.u32.f32
ARM_VFP	2878	vcvtrcs.u32.f32
ARM_VFP	2879	vcvtrcc.u32.f32
ARM_VFP	2880	vcvtrmi.u32.f32
ARM_VFP	2881	vcvtrpl.u32.f32
ARM_VFP	2882	vcvtrvs.u32.f32
ARM_VFP	2883	vcvtrvc.u32.f32
ARM_VFP	2884	vcvtrhi.u32.f32
ARM_VFP	2885	vcvtrls.u32.f32
ARM_VFP	2886	vcvtrge.u32.f32
ARM_VFP	2887	vcvtrlt.u32.f32
ARM_VFP	2888	vcvtrgt.u32.f32
ARM_VFP	2889	vcvtrle.u32.f32
ARM_VFP	2890	vcvtr.u32.f32
ARM_VFP	2891	vcvtrrsvd.u32.f32
ARM_VFP	2892	vcvteq.s32.f64
ARM_VFP	2893	vcvtne.s32.f64
ARM_VFP	2894	vcvtcs.s32.f64
ARM_VFP	2895	vcvtcc.s32.f64
ARM_VFP	2896	vcvtmi.s32.f64
ARM_VFP	2897	vcvtpl.s32.f64
ARM_VFP	2898	vcvtvs.s32.f64
ARM_VFP	2899	vcvtvc.s32.f64
ARM_VFP	2900	vcvthi.s32.f64
ARM_VFP	2901	vcvtls.s32.f64
ARM_VFP	2902	vcvtge.s32.f64
ARM_VFP	2903	vcvtlt.s32.f64
ARM_VFP	2904	vcvtgt.s32.f64
ARM_VFP	2905	vcvtle.s32.f64
ARM_VFP	2906	vcvt.s32.f64
ARM_VFP	2907	vcvtrsvd.s32.f64
ARM_VFP	2908	vcvteq.s32.f32
ARM_VFP	2909	vcvtne.s32.f32
ARM_VFP	2910	vcvtcs.s32.f32
ARM_VFP	2911	vcvtcc.s32.f32
ARM_VFP	2912	vcvtmi.s32.f32
ARM_VFP	2913	vcvtpl.s32.f32
ARM_VFP	2914	vcvtvs.s32.f32
ARM_VFP	2915	vcvtvc.s32.f32
ARM_VFP	2916	vcvthi.s32.f32
ARM_VFP	2917	vcvtls.s32.f32
ARM_VFP	2918	vcvtge.s32.f32
ARM_VFP	2919	vcvtlt.s32.f32
ARM_VFP	2920	vcvtgt.s32.f32
ARM_VFP	2921	vcvtle.s32.f32
ARM_VFP	2922	vcvt.s32.f32
ARM_VFP	2923	vcvtrsvd.s32.f32
ARM_VFP	2924	vcvteq.u32.f64
ARM_VFP	2925	vcvtne.u32.f64
ARM_VFP	2926	vcvtcs.u32.f64
ARM_VFP	2927	vcvtcc.u32.f64
ARM_VFP	2928	vcvtmi.u32.f64
ARM_VFP	2929	vcvtpl.u32.f64
ARM_VFP	2930	vcvtvs.u32.f64
ARM_VFP	2931	vcvtvc.u32.f64
ARM_VFP	2932	vcvthi.u32.f64
ARM_VFP	2933	vcvtls.u32.f64
ARM_VFP	2934	vcvtge.u32.f64
ARM_VFP	2935	vcvtlt.u32.f64
ARM_VFP	2936	vcvtgt.u32.f64
ARM_VFP	2937	vcvtle.u32.f64
ARM_VFP	2938	vcvt.u32.f64
ARM_VFP	2939	vcvtrsvd.u32.f64
ARM_VFP	2940	vcvteq.u32.f32
ARM_VFP	2941	vcvtne.u32.f32
ARM_VFP	2942	vcvtcs.u32.f32
ARM_VFP	2943	vcvtcc.u32.f32
ARM_VFP	2944	vcvtmi.u32.f32
ARM_VFP	2945	vcvtpl.u32.f32
ARM_VFP	2946	vcvtvs.u32.f32
ARM_VFP	2947	vcvtvc.u32.f32
ARM_VFP	2948	vcvthi.u32.f32
ARM_VFP	2949	vcvtls.u32.f32
ARM_VFP	2950	vcvtge.u32.f32
ARM_VFP	2951	vcvtlt.u32.f32
ARM_VFP	2952	vcvtgt.u32.f32
ARM_VFP	2953	vcvtle.u32.f32
ARM_VFP	2954	vcvt.u32.f32
ARM_VFP	2955	vcvtrsvd.u32.f32
ARM_VFP	2956	vcvteq.f64.s32
ARM_VFP	2957	vcvtne.f64.s32
ARM_VFP	2958	vcvtcs.f64.s32
ARM_VFP	2959	vcvtcc.f64.s32
ARM_VFP	2960	vcvtmi.f64.s32
ARM_VFP	2961	vcvtpl.f64.s32
ARM_VFP	2962	vcvtvs.f64.s32
ARM_VFP	2963	vcvtvc.f64.s32
ARM_VFP	2964	vcvthi.f64.s32
ARM_VFP	2965	vcvtls.f64.s32
ARM_VFP	2966	vcvtge.f64.s32
ARM_VFP	2967	vcvtlt.f64.s32
ARM_VFP	2968	vcvtgt.f64.s32
ARM_VFP	2969	vcvtle.f64.s32
ARM_VFP	2970	vcvt.f64.s32
ARM_VFP	2971	vcvtrsvd.f64.s32
ARM_VFP	2972	vcvteq.f32.s32
ARM_VFP	2973	vcvtne.f32.s32
ARM_VFP	2974	vcvtcs.f32.s32
ARM_VFP	2975	vcvtcc.f32.s32
ARM_VFP	2976	vcvtmi.f32.s32
ARM_VFP	2977	vcvtpl.f32.s32
ARM_VFP	2978	vcvtvs.f32.s32
ARM_VFP	2979	vcvtvc.f32.s32
ARM_VFP	2980	vcvthi.f32.s32
ARM_VFP	2981	vcvtls.f32.s32
ARM_VFP	2982	vcvtge.f32.s32
ARM_VFP	2983	vcvtlt.f32.s32
ARM_VFP	2984	vcvtgt.f32.s32
ARM_VFP	2985	vcvtle.f32.s32
ARM_VFP	2986	vcvt.f32.s32
ARM_VFP	2987	vcvtrsvd.f32.s32
ARM_VFP	2988	vcvteq.f64.u32
ARM_VFP	2989	vcvtne.f64.u32
ARM_VFP	2990	vcvtcs.f64.u32
ARM_VFP	2991	vcvtcc.f64.u32
ARM_VFP	2992	vcvtmi.f64.u32
ARM_VFP	2993	vcvtpl.f64.u32
ARM_VFP	2994	vcvtvs.f64.u32
ARM_VFP	2995	vcvtvc.f64.u32
ARM_VFP	2996	vcvthi.f64.u32
ARM_VFP	2997	vcvtls.f64.u32
ARM_VFP	2998	vcvtge.f64.u32
ARM_VFP	2999	vcvtlt.f64.u32
ARM_VFP	3000	vcvtgt.f64.u32
ARM_VFP	3001	vcvtle.f64.u32
ARM_VFP	3002	vcvt.f64.u32
ARM_VFP	3003	vcvtrsvd.f64.u32
ARM_VFP	3004	vcvteq.f32.u32
ARM_VFP	3005	vcvtne.f32.u32
ARM_VFP	3006	vcvtcs.f32.u32
ARM_VFP	3007	vcvtcc.f32.u32
ARM_VFP	3008	vcvtmi.f32.u32
ARM_VFP	3009	vcvtpl.f32.u32
ARM_VFP	3010	vcvtvs.f32.u32
ARM_VFP	3011	vcvtvc.f32.u32
ARM_VFP	3012	vcvthi.f32.u32
ARM_VFP	3013	vcvtls.f32.u32
ARM_VFP	3014	vcvtge.f32.u32
ARM_VFP	3015	vcvtlt.f32.u32
ARM_VFP	3016	vcvtgt.f32.u32
ARM_VFP	3017	vcvtle.f32.u32
ARM_VFP	3018	vcvt.f32.u32
ARM_VFP	3019	vcvtrsvd.f32.u32
ARM_VFP	3020	vcvteq.f64.f32
ARM_VFP	3021	vcvtne.f64.f32
ARM_VFP	3022	vcvtcs.f64.f32
ARM_VFP	3023	vcvtcc.f64.f32
ARM_VFP	3024	vcvtmi.f64.f32
ARM_VFP	3025	vcvtpl.f64.f32
ARM_VFP	3026	vcvtvs.f64.f32
ARM_VFP	3027	vcvtvc.f64.f32
ARM_VFP	3028	vcvthi.f64.f32
ARM_VFP	3029	vcvtls.f64.f32
ARM_VFP	3030	vcvtge.f64.f32
ARM_VFP	3031	vcvtlt.f64.f32
ARM_VFP	3032	vcvtgt.f64.f32
ARM_VFP	3033	vcvtle.f64.f32
ARM_VFP	3034	vcvt.f64.f32
ARM_VFP	3035	vcvtrsvd.f64.f32
ARM_VFP	3036	vcvteq.f32.f64
ARM_VFP	3037	vcvtne.f32.f64
ARM_VFP	3038	vcvtcs.f32.f64
ARM_VFP	3039	vcvtcc.f32.f64
ARM_VFP	3040	vcvtmi.f32.f64
ARM_VFP	3041	vcvtpl.f32.f64
ARM_VFP	3042	vcvtvs.f32.f64
ARM_VFP	3043	vcvtvc.f32.f64
ARM_VFP	3044	vcvthi.f32.f64
ARM_VFP	3045	vcvtls.f32.f64
ARM_VFP	3046	vcvtge.f32.f64
ARM_VFP	3047	vcvtlt.f32.f64
ARM_VFP	3048	vcvtgt.f32.f64
ARM_VFP	3049	vcvtle.f32.f64
ARM_VFP	3050	vcvt.f32.f64
ARM_VFP	3051	vcvtrsvd.f32.f64
ARM_VFP	3052	vpusheq
ARM_VFP	3053	vpushne
ARM_VFP	3054	vpushcs
ARM_VFP	3055	vpushcc
ARM_VFP	3056	vpushmi
ARM_VFP	3057	vpushpl
ARM_VFP	3058	vpushvs
ARM_VFP	3059	vpushvc
ARM_VFP	3060	vpushhi
ARM_VFP	3061	vpushls
ARM_VFP	3062	vpushge
ARM_VFP	3063	vpushlt
ARM_VFP	3064	vpushgt
ARM_VFP	3065	vpushle
ARM_VFP	3066	vpush
ARM_VFP	3067	vpushrsvd
ARM_VFP	3068	vpopeq
ARM_VFP	3069	vpopne
ARM_VFP	3070	vpopcs
ARM_VFP	3071	vpopcc
ARM_VFP	3072	vpopmi
ARM_VFP	3073	vpoppl
ARM_VFP	3074	vpopvs
ARM_VFP	3075	vpopvc
ARM_VFP	3076	vpophi
ARM_VFP	3077	vpopls
ARM_VFP	3078	vpopge
ARM_VFP	3079	vpoplt
ARM_VFP	3080	vpopgt
ARM_VFP	3081	vpople
ARM_VFP	3082	vpop
ARM_VFP	3083	vpoprsvd
ARM_VFP	3084	vldmeq
ARM_VFP	3085	vldmne
ARM_VFP	3086	vldmcs
ARM_VFP	3087	vldmcc
ARM_VFP	3088	vldmmi
ARM_VFP	3089	vldmpl
ARM_VFP	3090	vldmvs
ARM_VFP	3091	vldmvc
ARM_VFP	3092	vldmhi
ARM_VFP	3093	vldmls
ARM_VFP	3094	vldmge
ARM_VFP	3095	vldmlt
ARM_VFP	3096	vldmgt
ARM_VFP	3097	vldmle
ARM_VFP	3098	vldm
ARM_VFP	3099	vldmrsvd
ARM_VFP	3100	vldmiaeq
ARM_VFP	3101	vldmiane
ARM_VFP	3102	vldmiacs
ARM_VFP	3103	vldmiacc
ARM_VFP	3104	vldmiami
ARM_VFP	3105	vldmiapl
ARM_VFP	3106	vldmiavs
ARM_VFP	3107	vldmiavc
ARM_VFP	3108	vldmiahi
ARM_VFP	3109	vldmials
ARM_VFP	3110	vldmiage
ARM_VFP	3111	vldmialt
ARM_VFP	3112	vldmiagt
ARM_VFP	3113	vldmiale
ARM_VFP	3114	vldmia
ARM_VFP	3115	vldmiarsvd
ARM_VFP	3116	vldmdbeq
ARM_VFP	3117	vldmdbne
ARM_VFP	3118	vldmdbcs
ARM_VFP	3119	vldmdbcc
ARM_VFP	3120	vldmdbmi
ARM_VFP	3121	vldmdbpl
ARM_VFP	3122	vldmdbvs
ARM_VFP	3123	vldmdbvc
ARM_VFP	3124	vldmdbhi
ARM_VFP	3125	vldmdbls
ARM_VFP	3126	vldmdbge
ARM_VFP	3127	vldmdblt
ARM_VFP	3128	vldmdbgt
ARM_VFP	3129	vldmdble
ARM_VFP	3130	vldmdb
ARM_VFP	3131	vldmdbrsvd
ARM_VFP	3132	vstmeq
ARM_VFP	3133	vstmne
ARM_VFP	3134	vstmcs
ARM_VFP	3135	vstmcc
ARM_VFP	3136	vstmmi
ARM_VFP	3137	vstmpl
ARM_VFP	3138	vstmvs
ARM_VFP	3139	vstmvc
ARM_VFP	3140	vstmhi
ARM_VFP	3141	vstmls
ARM_VFP	3142	vstmge
ARM_VFP	3143	vstmlt
ARM_VFP	3144	vstmgt
ARM_VFP	3145	vstmle
ARM_VFP	3146	vstm
ARM_VFP	3147	vstmrsvd
ARM_VFP	3148	vstmiaeq
ARM_VFP	3149	vstmiane
ARM_VFP	3150	vstmiacs
ARM_VFP	3151	vstmiacc
ARM_VFP	3152	vstmiami
ARM_VFP	3153	vstmiapl
ARM_VFP	3154	vstmiavs
ARM_VFP	3155	vstmiavc
ARM_VFP	3156	vstmiahi
ARM_VFP	3157	vstmials
ARM_VFP	3158	vstmiage
ARM_VFP	3159	vstmialt
ARM_VFP	3160	vstmiagt
ARM_VFP	3161	vstmiale
ARM_VFP	3162	vstmia
ARM_VFP	3163	vstmiarsvd
ARM_VFP	3164	vstmdbeq
ARM_VFP	3165	vstmdbne
ARM_VFP	3166	vstmdbcs
ARM_VFP	3167	vstmdbcc
ARM_VFP	3168	vstmdbmi
ARM_VFP	3169	vstmdbpl
ARM_VFP	3170	vstmdbvs
ARM_VFP	3171	vstmdbvc
ARM_VFP	3172	vstmdbhi
ARM_VFP	3173	vstmdbls
ARM_VFP	3174	vstmdbge
ARM_VFP	3175	vstmdblt
ARM_VFP	3176	vstmdbgt
ARM_VFP	3177	vstmdble
ARM_VFP	3178	vstmdb
ARM_VFP	3179	vstmdbrsvd
ARM_VFP	3180	vmsreq
ARM_VFP	3181	vmsrne
ARM_VFP	3182	vmsrcs
ARM_VFP	3183	vmsrcc
ARM_VFP	3184	vmsrmi
ARM_VFP	3185	vmsrpl
ARM_VFP	3186	vmsrvs
ARM_VFP	3187	vmsrvc
ARM_VFP	3188	vmsrhi
ARM_VFP	3189	vmsrls
ARM_VFP	3190	vmsrge
ARM_VFP	3191	vmsrlt
ARM_VFP	3192	vmsrgt
ARM_VFP	3193	vmsrle
ARM_VFP	3194	vmsr
ARM_VFP	3195	vmsrrsvd
ARM_VFP	3196	vmrseq
ARM_VFP	3197	vmrsne
ARM_VFP	3198	vmrscs
ARM_VFP	3199	vmrscc
ARM_VFP	3200	vmrsmi
ARM_VFP	3201	vmrspl
ARM_VFP	3202	vmrsvs
ARM_VFP	3203	vmrsvc
ARM_VFP	3204	vmrshi
ARM_VFP	3205	vmrsls
ARM_VFP	3206	vmrsge
ARM_VFP	3207	vmrslt
ARM_VFP	3208	vmrsgt
ARM_VFP	3209	vmrsle
ARM_VFP	3210	vmrs
ARM_VFP	3211	vmrsrsvd
ARM_VFP	FIRST_IDENTIFIER	3212
ARM_EABI	256	if
ARM_EABI	257	else
ARM_EABI	258	while
ARM_EABI	259	for
ARM_EABI	260	do
ARM_EABI	261	continue
ARM_EABI	262	break
ARM_EABI	263	return
ARM_EABI	264	goto
ARM_EABI	265	switch
ARM_EABI	266	case
ARM_EABI	267	default
ARM_EABI	268	asm
ARM_EABI	269	__asm
ARM_EABI	270	__asm__
ARM_EABI	271	extern
ARM_EABI	272	static
ARM_EABI	273	unsigned
ARM_EABI	274	_Atomic
ARM_EABI	275	const
ARM_EABI	276	__const
ARM_EABI	277	__const__
ARM_EABI	278	volatile
ARM_EABI	279	__volatile
ARM_EABI	280	__volatile__
ARM_EABI	281	register
ARM_EABI	282	signed
ARM_EABI	283	__signed
ARM_EABI	284	__signed__
ARM_EABI	285	auto
ARM_EABI	286	inline
ARM_EABI	287	__inline
ARM_EABI	288	__inline__
ARM_EABI	289	restrict
ARM_EABI	290	__restrict
ARM_EABI	291	__restrict__
ARM_EABI	292	__extension__
ARM_EABI	293	_Thread_local
ARM_EABI	294	__thread
ARM_EABI	295	_Generic
ARM_EABI	296	_Static_assert
ARM_EABI	297	void
ARM_EABI	298	char
ARM_EABI	299	int
ARM_EABI	300	float
ARM_EABI	301	double
ARM_EABI	302	_Bool
ARM_EABI	303	_Complex
ARM_EABI	304	short
ARM_EABI	305	long
ARM_EABI	306	struct
ARM_EABI	307	union
ARM_EABI	308	typedef
ARM_EABI	309	enum
ARM_EABI	310	sizeof
ARM_EABI	311	__attribute
ARM_EABI	312	__attribute__
ARM_EABI	313	__alignof
ARM_EABI	314	__alignof__
ARM_EABI	315	_Alignof
ARM_EABI	316	_Alignas
ARM_EABI	317	typeof
ARM_EABI	318	__typeof
ARM_EABI	319	__typeof__
ARM_EABI	320	__label__
ARM_EABI	321	define
ARM_EABI	322	include
ARM_EABI	323	include_next
ARM_EABI	324	ifdef
ARM_EABI	325	ifndef
ARM_EABI	326	elif
ARM_EABI	327	endif
ARM_EABI	328	defined
ARM_EABI	329	undef
ARM_EABI	330	error
ARM_EABI	331	warning
ARM_EABI	332	line
ARM_EABI	333	pragma
ARM_EABI	334	__LINE__
ARM_EABI	335	__FILE__
ARM_EABI	336	__DATE__
ARM_EABI	337	__TIME__
ARM_EABI	338	__FUNCTION__
ARM_EABI	339	__VA_ARGS__
ARM_EABI	340	__COUNTER__
ARM_EABI	341	__has_include
ARM_EABI	342	__has_include_next
ARM_EABI	343	__func__
ARM_EABI	344	__nan__
ARM_EABI	345	__snan__
ARM_EABI	346	__inf__
ARM_EABI	347	section
ARM_EABI	348	__section__
ARM_EABI	349	aligned
ARM_EABI	350	__aligned__
ARM_EABI	351	packed
ARM_EABI	352	__packed__
ARM_EABI	353	weak
ARM_EABI	354	__weak__
ARM_EABI	355	alias
ARM_EABI	356	__alias__
ARM_EABI	357	used
ARM_EABI	358	__used__
ARM_EABI	359	unused
ARM_EABI	360	__unused__
ARM_EABI	361	format
ARM_EABI	362	__format__
ARM_EABI	363	nodebug
ARM_EABI	364	__nodebug__
ARM_EABI	365	cdecl
ARM_EABI	366	__cdecl
ARM_EABI	367	__cdecl__
ARM_EABI	368	stdcall
ARM_EABI	369	__stdcall
ARM_EABI	370	__stdcall__
ARM_EABI	371	fastcall
ARM_EABI	372	__fastcall
ARM_EABI	373	__fastcall__
ARM_EABI	374	thiscall
ARM_EABI	375	__thiscall
ARM_EABI	376	__thiscall__
ARM_EABI	377	regparm
ARM_EABI	378	__regparm__
ARM_EABI	379	cleanup
ARM_EABI	380	__cleanup__
ARM_EABI	381	constructor
ARM_EABI	382	__constructor__
ARM_EABI	383	destructor
ARM_EABI	384	__destructor__
ARM_EABI	385	always_inline
ARM_EABI	386	__always_inline__
ARM_EABI	387	__noinline__
ARM_EABI	388	pure
ARM_EABI	389	__pure__
ARM_EABI	390	__mode__
ARM_EABI	391	__QI__
ARM_EABI	392	__DI__
ARM_EABI	393	__HI__
ARM_EABI	394	__SI__
ARM_EABI	395	__word__
ARM_EABI	396	dllexport
ARM_EABI	397	dllimport
ARM_EABI	398	nodecorate
ARM_EABI	399	noreturn
ARM_EABI	400	__noreturn__
ARM_EABI	401	_Noreturn
ARM_EABI	402	visibility
ARM_EABI	403	__visibility__
ARM_EABI	404	__builtin_types_compatible_p
ARM_EABI	405	__builtin_choose_expr
ARM_EABI	406	__builtin_constant_p
ARM_EABI	407	__builtin_frame_address
ARM_EABI	408	__builtin_return_address
ARM_EABI	409	__builtin_expect
ARM_EABI	410	__builtin_unreachable
ARM_EABI	411	__atomic_store
ARM_EABI	412	__atomic_load
ARM_EABI	413	__atomic_exchange
ARM_EABI	414	__atomic_compare_exchange
ARM_EABI	415	__atomic_fetch_add
ARM_EABI	416	__atomic_fetch_sub
ARM_EABI	417	__atomic_fetch_or
ARM_EABI	418	__atomic_fetch_xor
ARM_EABI	419	__atomic_fetch_and
ARM_EABI	420	__atomic_fetch_nand
ARM_EABI	421	__atomic_add_fetch
ARM_EABI	422	__atomic_sub_fetch
ARM_EABI	423	__atomic_or_fetch
ARM_EABI	424	__atomic_xor_fetch
ARM_EABI	425	__atomic_and_fetch
ARM_EABI	426	__atomic_nand_fetch
ARM_EABI	427	pack
ARM_EABI	428	comment
ARM_EABI	429	lib
ARM_EABI	430	push_macro
ARM_EABI	431	pop_macro
ARM_EABI	432	once
ARM_EABI	433	option
ARM_EABI	434	__aeabi_memcpy
ARM_EABI	435	__aeabi_memmove
ARM_EABI	436	__aeabi_memmove4
ARM_EABI	437	__aeabi_memmove8
ARM_EABI	438	__aeabi_memset
ARM_EABI	439	__aeabi_ldivmod
ARM_EABI	440	__aeabi_uldivmod
ARM_EABI	441	__aeabi_idivmod
ARM_EABI	442	__aeabi_uidivmod
ARM_EABI	443	__aeabi_idiv
ARM_EABI	444	__aeabi_uidiv
ARM_EABI	445	__aeabi_l2f
ARM_EABI	446	__aeabi_l2d
ARM_EABI	447	__aeabi_f2lz
ARM_EABI	448	__aeabi_d2lz
ARM_EABI	449	__aeabi_lasr
ARM_EABI	450	__aeabi_llsr
ARM_EABI	451	__aeabi_llsl
ARM_EABI	452	__aeabi_ul2f
ARM_EABI	453	__aeabi_ul2d
ARM_EABI	454	__aeabi_f2ulz
ARM_EABI	455	__aeabi_d2ulz
ARM_EABI	456	alloca
ARM_EABI	457	.byte
ARM_EABI	458	.word
ARM_EABI	459	.align
ARM_EABI	460	.balign
ARM_EABI	461	.p2align
ARM_EABI	462	.set
ARM_EABI	463	.skip
ARM_EABI	464	.space
ARM_EABI	465	.string
ARM_EABI	466	.asciz
ARM_EABI	467	.ascii
ARM_EABI	468	.file
ARM_EABI	469	.globl
ARM_EABI	470	.global
ARM_EABI	471	.weak
ARM_EABI	472	.hidden
ARM_EABI	473	.ident
ARM_EABI	474	.size
ARM_EABI	475	.type
ARM_EABI	476	.text
ARM_EABI	477	.data
ARM_EABI	478	.bss
ARM_EABI	479	.previous
ARM_EABI	480	.pushsection
ARM_EABI	481	.popsection
ARM_EABI	482	.fill
ARM_EABI	483	.rept
ARM_EABI	484	.endr
ARM_EABI	485	.org
ARM_EABI	486	.quad
ARM_EABI	487	.code16
ARM_EABI	488	.code32
ARM_EABI	489	.short
ARM_EABI	490	.long
ARM_EABI	491	.int
ARM_EABI	492	.symver
ARM_EABI	493	.reloc
ARM_EABI	494	.section
ARM_EABI	495	r0
ARM_EABI	496	r1
ARM_EABI	497	r2
ARM_EABI	498	r3
ARM_EABI	499	r4
ARM_EABI	500	r5
ARM_EABI	501	r6
ARM_EABI	502	r7
ARM_EABI	503	r8
ARM_EABI	504	r9
ARM_EABI	505	r10
ARM_EABI	506	r11
ARM_EABI	507	r12
ARM_EABI	508	r13
ARM_EABI	509	r14
ARM_EABI	510	r15
ARM_EABI	511	a1
ARM_EABI	512	a2
ARM_EABI	513	a3
ARM_EABI	514	a4
ARM_EABI	515	v1
ARM_EABI	516	v2
ARM_EABI	517	v3
ARM_EABI	518	v4
ARM_EABI	519	v5
ARM_EABI	520	v6
ARM_EABI	521	v7
ARM_EABI	522	v8
ARM_EABI	523	sb
ARM_EABI	524	sl
ARM_EABI	525	fp
ARM_EABI	526	ip
ARM_EABI	527	sp
ARM_EABI	528	lr
ARM_EABI	529	pc
ARM_EABI	530	p0
ARM_EABI	531	p1
ARM_EABI	532	p2
ARM_EABI	533	p3
ARM_EABI	534	p4
ARM_EABI	535	p5
ARM_EABI	536	p6
ARM_EABI	537	p7
ARM_EABI	538	p8
ARM_EABI	539	p9
ARM_EABI	540	p10
ARM_EABI	541	p11
ARM_EABI	542	p12
ARM_EABI	543	p13
ARM_EABI	544	p14
ARM_EABI	545	p15
ARM_EABI	546	c0
ARM_EABI	547	c1
ARM_EABI	548	c2
ARM_EABI	549	c3
ARM_EABI	550	c4
ARM_EABI	551	c5
ARM_EABI	552	c6
ARM_EABI	553	c7
ARM_EABI	554	c8
ARM_EABI	555	c9
ARM_EABI	556	c10
ARM_EABI	557	c11
ARM_EABI	558	c12
ARM_EABI	559	c13
ARM_EABI	560	c14
ARM_EABI	561	c15
ARM_EABI	562	s0
ARM_EABI	563	s1
ARM_EABI	564	s2
ARM_EABI	565	s3
ARM_EABI	566	s4
ARM_EABI	567	s5
ARM_EABI	568	s6
ARM_EABI	569	s7
ARM_EABI	570	s8
ARM_EABI	571	s9
ARM_EABI	572	s10
ARM_EABI	573	s11
ARM_EABI	574	s12
ARM_EABI	575	s13
ARM_EABI	576	s14
ARM_EABI	577	s15
ARM_EABI	578	s16
ARM_EABI	579	s17
ARM_EABI	580	s18
ARM_EABI	581	s19
ARM_EABI	582	s20
ARM_EABI	583	s21
ARM_EABI	584	s22
ARM_EABI	585	s23
ARM_EABI	586	s24
ARM_EABI	587	s25
ARM_EABI	588	s26
ARM_EABI	589	s27
ARM_EABI	590	s28
ARM_EABI	591	s29
ARM_EABI	592	s30
ARM_EABI	593	s31
ARM_EABI	594	d0
ARM_EABI	595	d1
ARM_EABI	596	d2
ARM_EABI	597	d3
ARM_EABI	598	d4
ARM_EABI	599	d5
ARM_EABI	600	d6
ARM_EABI	601	d7
ARM_EABI	602	d8
ARM_EABI	603	d9
ARM_EABI	604	d10
ARM_EABI	605	d11
ARM_EABI	606	d12
ARM_EABI	607	d13
ARM_EABI	608	d14
ARM_EABI	609	d15
ARM_EABI	610	fpsid
ARM_EABI	611	fpscr
ARM_EABI	612	fpexc
ARM_EABI	613	apsr_nzcv
ARM_EABI	614	asl
ARM_EABI	615	cdp2
ARM_EABI	616	ldc2
ARM_EABI	617	ldc2l
ARM_EABI	618	stc2
ARM_EABI	619	stc2l
ARM_EABI	620	nopeq
ARM_EABI	621	nopne
ARM_EABI	622	nopcs
ARM_EABI	623	nopcc
ARM_EABI	624	nopmi
ARM_EABI	625	noppl
ARM_EABI	626	nopvs
ARM_EABI	627	nopvc
ARM_EABI	628	nophi
ARM_EABI	629	nopls
ARM_EABI	630	nopge
ARM_EABI	631	noplt
ARM_EABI	632	nopgt
ARM_EABI	633	nople
ARM_EABI	634	nop
ARM_EABI	635	noprsvd
ARM_EABI	636	wfeeq
ARM_EABI	637	wfene
ARM_EABI	638	wfecs
ARM_EABI	639	wfecc
ARM_EABI	640	wfemi
ARM_EABI	641	wfepl
ARM_EABI	642	wfevs
ARM_EABI	643	wfevc
ARM_EABI	644	wfehi
ARM_EABI	645	wfels
ARM_EABI	646	wfege
ARM_EABI	647	wfelt
ARM_EABI	648	wfegt
ARM_EABI	649	wfele
ARM_EABI	650	wfe
ARM_EABI	651	wfersvd
ARM_EABI	652	wfieq
ARM_EABI	653	wfine
ARM_EABI	654	wfics
ARM_EABI	655	wficc
ARM_EABI	656	wfimi
ARM_EABI	657	wfipl
ARM_EABI	658	wfivs
ARM_EABI	659	wfivc
ARM_EABI	660	wfihi
ARM_EABI	661	wfils
ARM_EABI	662	wfige
ARM_EABI	663	wfilt
ARM_EABI	664	wfigt
ARM_EABI	665	wfile
ARM_EABI	666	wfi
ARM_EABI	667	wfirsvd
ARM_EABI	668	swieq
ARM_EABI	669	swine
ARM_EABI	670	swics
ARM_EABI	671	swicc
ARM_EABI	672	swimi
ARM_EABI	673	swipl
ARM_EABI	674	swivs
ARM_EABI	675	swivc
ARM_EABI	676	swihi
ARM_EABI	677	swils
ARM_EABI	678	swige
ARM_EABI	679	swilt
ARM_EABI	680	swigt
ARM_EABI	681	swile
ARM_EABI	682	swi
ARM_EABI	683	swirsvd
ARM_EABI	684	svceq
ARM_EABI	685	svcne
ARM_EABI	686	svccs
ARM_EABI	687	svccc
ARM_EABI	688	svcmi
ARM_EABI	689	svcpl
ARM_EABI	690	svcvs
ARM_EABI	691	svcvc
ARM_EABI	692	svchi
ARM_EABI	693	svcls
ARM_EABI	694	svcge
ARM_EABI	695	svclt
ARM_EABI	696	svcgt
ARM_EABI	697	svcle
ARM_EABI	698	svc
ARM_EABI	699	svcrsvd
ARM_EABI	700	clzeq
ARM_EABI	701	clzne
ARM_EABI	702	clzcs
ARM_EABI	703	clzcc
ARM_EABI	704	clzmi
ARM_EABI	705	clzpl
ARM_EABI	706	clzvs
ARM_EABI	707	clzvc
ARM_EABI	708	clzhi
ARM_EABI	709	clzls
ARM_EABI	710	clzge
ARM_EABI	711	clzlt
ARM_EABI	712	clzgt
ARM_EABI	713	clzle
ARM_EABI	714	clz
ARM_EABI	715	clzrsvd
ARM_EABI	716	sxtbeq
ARM_EABI	717	sxtbne
ARM_EABI	718	sxtbcs
ARM_EABI	719	sxtbcc
ARM_EABI	720	sxtbmi
ARM_EABI	721	sxtbpl
ARM_EABI	722	sxtbvs
ARM_EABI	723	sxtbvc
ARM_EABI	724	sxtbhi
ARM_EABI	725	sxtbls
ARM_EABI	726	sxtbge
ARM_EABI	727	sxtblt
ARM_EABI	728	sxtbgt
ARM_EABI	729	sxtble
ARM_EABI	730	sxtb
ARM_EABI	731	sxtbrsvd
ARM_EABI	732	sxtheq
ARM_EABI	733	sxthne
ARM_EABI	734	sxthcs
ARM_EABI	735	sxthcc
ARM_EABI	736	sxthmi
ARM_EABI	737	sxthpl
ARM_EABI	738	sxthvs
ARM_EABI	739	sxthvc
ARM_EABI	740	sxthhi
ARM_EABI	741	sxthls
ARM_EABI	742	sxthge
ARM_EABI	743	sxthlt
ARM_EABI	744	sxthgt
ARM_EABI	745	sxthle
ARM_EABI	746	sxth
ARM_EABI	747	sxthrsvd
ARM_EABI	748	uxtbeq
ARM_EABI	749	uxtbne
ARM_EABI	750	uxtbcs
ARM_EABI	751	uxtbcc
ARM_EABI	752	uxtbmi
ARM_EABI	753	uxtbpl
ARM_EABI	754	uxtbvs
ARM_EABI	755	uxtbvc
ARM_EABI	756	uxtbhi
ARM_EABI	757	uxtbls
ARM_EABI	758	uxtbge
ARM_EABI	759	uxtblt
ARM_EABI	760	uxtbgt
ARM_EABI	761	uxtble
ARM_EABI	762	uxtb
ARM_EABI	763	uxtbrsvd
ARM_EABI	764	uxtheq
ARM_EABI	765	uxthne
ARM_EABI	766	uxthcs
ARM_EABI	767	uxthcc
ARM_EABI	768	uxthmi
ARM_EABI	769	uxthpl
ARM_EABI	770	uxthvs
ARM_EABI	771	uxthvc
ARM_EABI	772	uxthhi
ARM_EABI	773	uxthls
ARM_EABI	774	uxthge
ARM_EABI	775	uxthlt
ARM_EABI	776	uxthgt
ARM_EABI	777	uxthle
ARM_EABI	778	uxth
ARM_EABI	779	uxthrsvd
ARM_EABI	780	movteq
ARM_EABI	781	movtne
ARM_EABI	782	movtcs
ARM_EABI	783	movtcc
ARM_EABI	784	movtmi
ARM_EABI	785	movtpl
ARM_EABI	786	movtvs
ARM_EABI	787	movtvc
ARM_EABI	788	movthi
ARM_EABI	789	movtls
ARM_EABI	790	movtge
ARM_EABI	791	movtlt
ARM_EABI	792	movtgt
ARM_EABI	793	movtle
ARM_EABI	794	movt
ARM_EABI	795	movtrsvd
ARM_EABI	796	movweq
ARM_EABI	797	movwne
ARM_EABI	798	movwcs
ARM_EABI	799	movwcc
ARM_EABI	800	movwmi
ARM_EABI	801	movwpl
ARM_EABI	802	movwvs
ARM_EABI	803	movwvc
ARM_EABI	804	movwhi
ARM_EABI	805	movwls
ARM_EABI	806	movwge
ARM_EABI	807	movwlt
ARM_EABI	808	movwgt
ARM_EABI	809	movwle
ARM_EABI	810	movw
ARM_EABI	811	movwrsvd
ARM_EABI	812	muleq
ARM_EABI	813	mulne
ARM_EABI	814	mulcs
ARM_EABI	815	mulcc
ARM_EABI	816	mulmi
ARM_EABI	817	mulpl
ARM_EABI	818	mulvs
ARM_EABI	819	mulvc
ARM_EABI	820	mulhi
ARM_EABI	821	mulls
ARM_EABI	822	mulge
ARM_EABI	823	mullt
ARM_EABI	824	mulgt
ARM_EABI	825	mulle
ARM_EABI	826	mul
ARM_EABI	827	mulrsvd
ARM_EABI	828	mulseq
ARM_EABI	829	mulsne
ARM_EABI	830	mulscs
ARM_EABI	831	mulscc
ARM_EABI	832	mulsmi
ARM_EABI	833	mulspl
ARM_EABI	834	mulsvs
ARM_EABI	835	mulsvc
ARM_EABI	836	mulshi
ARM_EABI	837	mulsls
ARM_EABI	838	mulsge
ARM_EABI	839	mulslt
ARM_EABI	840	mulsgt
ARM_EABI	841	mulsle
ARM_EABI	842	muls
ARM_EABI	843	mulsrsvd
ARM_EABI	844	mlaeq
ARM_EABI	845	mlane
ARM_EABI	846	mlacs
ARM_EABI	847	mlacc
ARM_EABI	848	mlami
ARM_EABI	849	mlapl
ARM_EABI	850	mlavs
ARM_EABI	851	mlavc
ARM_EABI	852	mlahi
ARM_EABI	853	mlals
ARM_EABI	854	mlage
ARM_EABI	855	mlalt
ARM_EABI	856	mlagt
ARM_EABI	857	mlale
ARM_EABI	858	mla
ARM_EABI	859	mlarsvd
ARM_EABI	860	mlaseq
ARM_EABI	861	mlasne
ARM_EABI	862	mlascs
ARM_EABI	863	mlascc
ARM_EABI	864	mlasmi
ARM_EABI	865	mlaspl
ARM_EABI	866	mlasvs
ARM_EABI	867	mlasvc
ARM_EABI	868	mlashi
ARM_EABI	869	mlasls
ARM_EABI	870	mlasge
ARM_EABI	871	mlaslt
ARM_EABI	872	mlasgt
ARM_EABI	873	mlasle
ARM_EABI	874	mlas
ARM_EABI	875	mlasrsvd
ARM_EABI	876	smulleq
ARM_EABI	877	smullne
ARM_EABI	878	smullcs
ARM_EABI	879	smullcc
ARM_EABI	880	smullmi
ARM_EABI	881	smullpl
ARM_EABI	882	smullvs
ARM_EABI	883	smullvc
ARM_EABI	884	smullhi
ARM_EABI	885	smullls
ARM_EABI	886	smullge
ARM_EABI	887	smulllt
ARM_EABI	888	smullgt
ARM_EABI	889	smullle
ARM_EABI	890	smull
ARM_EABI	891	smullrsvd
ARM_EABI	892	smullseq
ARM_EABI	893	smullsne
ARM_EABI	894	smullscs
ARM_EABI	895	smullscc
ARM_EABI	896	smullsmi
ARM_EABI	897	smullspl
ARM_EABI	898	smullsvs
ARM_EABI	899	smullsvc
ARM_EABI	900	smullshi
ARM_EABI	901	smullsls
ARM_EABI	902	smullsge
ARM_EABI	903	smullslt
ARM_EABI	904	smullsgt
ARM_EABI	905	smullsle
ARM_EABI	906	smulls
ARM_EABI	907	smullsrsvd
ARM_EABI	908	umulleq
ARM_EABI	909	umullne
ARM_EABI	910	umullcs
ARM_EABI	911	umullcc
ARM_EABI	912	umullmi
ARM_EABI	913	umullpl
ARM_EABI	914	umullvs
ARM_EABI	915	umullvc
ARM_EABI	916	umullhi
ARM_EABI	917	umullls
ARM_EABI	918	umullge
ARM_EABI	919	umulllt
ARM_EABI	920	umullgt
ARM_EABI	921	umullle
ARM_EABI	922	umull
ARM_EABI	923	umullrsvd
ARM_EABI	924	umullseq
ARM_EABI	925	umullsne
ARM_EABI	926	umullscs
ARM_EABI	927	umullscc
ARM_EABI	928	umullsmi
ARM_EABI	929	umullspl
ARM_EABI	930	umullsvs
ARM_EABI	931	umullsvc
ARM_EABI	932	umullshi
ARM_EABI	933	umullsls
ARM_EABI	934	umullsge
ARM_EABI	935	umullslt
ARM_EABI	936	umullsgt
ARM_EABI	937	umullsle
ARM_EABI	938	umulls
ARM_EABI	939	umullsrsvd
ARM_EABI	940	smlaleq
ARM_EABI	941	smlalne
ARM_EABI	942	smlalcs
ARM_EABI	943	smlalcc
ARM_EABI	944	smlalmi
ARM_EABI	945	smlalpl
ARM_EABI	946	smlalvs
ARM_EABI	947	smlalvc
ARM_EABI	948	smlalhi
ARM_EABI	949	smlalls
ARM_EABI	950	smlalge
ARM_EABI	951	smlallt
ARM_EABI	952	smlalgt
ARM_EABI	953	smlalle
ARM_EABI	954	smlal
ARM_EABI	955	smlalrsvd
ARM_EABI	956	smlalseq
ARM_EABI	957	smlalsne
ARM_EABI	958	smlalscs
ARM_EABI	959	smlalscc
ARM_EABI	960	smlalsmi
ARM_EABI	961	smlalspl
ARM_EABI	962	smlalsvs
ARM_EABI	963	smlalsvc
ARM_EABI	964	smlalshi
ARM_EABI	965	smlalsls
ARM_EABI	966	smlalsge
ARM_EABI	967	smlalslt
ARM_EABI	968	smlalsgt
ARM_EABI	969	smlalsle
ARM_EABI	970	smlals
ARM_EABI	971	smlalsrsvd
ARM_EABI	972	umlaleq
ARM_EABI	973	umlalne
ARM_EABI	974	umlalcs
ARM_EABI	975	umlalcc
ARM_EABI	976	umlalmi
ARM_EABI	977	umlalpl
ARM_EABI	978	umlalvs
ARM_EABI	979	umlalvc
ARM_EABI	980	umlalhi
ARM_EABI	981	umlalls
ARM_EABI	982	umlalge
ARM_EABI	983	umlallt
ARM_EABI	984	umlalgt
ARM_EABI	985	umlalle
ARM_EABI	986	umlal
ARM_EABI	987	umlalrsvd
ARM_EABI	988	umlalseq
ARM_EABI	989	umlalsne
ARM_EABI	990	umlalscs
ARM_EABI	991	umlalscc
ARM_EABI	992	umlalsmi
ARM_EABI	993	umlalspl
ARM_EABI	994	umlalsvs
ARM_EABI	995	umlalsvc
ARM_EABI	996	umlalshi
ARM_EABI	997	umlalsls
ARM_EABI	998	umlalsge
ARM_EABI	999	umlalslt
ARM_EABI	1000	umlalsgt
ARM_EABI	1001	umlalsle
ARM_EABI	1002	umlals
ARM_EABI	1003	umlalsrsvd
ARM_EABI	1004	mlseq
ARM_EABI	1005	mlsne
ARM_EABI	1006	mlscs
ARM_EABI	1007	mlscc
ARM_EABI	1008	mlsmi
ARM_EABI	1009	mlspl
ARM_EABI	1010	mlsvs
ARM_EABI	1011	mlsvc
ARM_EABI	1012	mlshi
ARM_EABI	1013	mlsls
ARM_EABI	1014	mlsge
ARM_EABI	1015	mlslt
ARM_EABI	1016	mlsgt
ARM_EABI	1017	mlsle
ARM_EABI	1018	mls
ARM_EABI	1019	mlsrsvd
ARM_EABI	1020	udiveq
ARM_EABI	1021	udivne
ARM_EABI	1022	udivcs
ARM_EABI	1023	udivcc
ARM_EABI	1024	udivmi
ARM_EABI	1025	udivpl
ARM_EABI	1026	udivvs
ARM_EABI	1027	udivvc
ARM_EABI	1028	udivhi
ARM_EABI	1029	udivls
ARM_EABI	1030	udivge
ARM_EABI	1031	udivlt
ARM_EABI	1032	udivgt
ARM_EABI	1033	udivle
ARM_EABI	1034	udiv
ARM_EABI	1035	udivrsvd
ARM_EABI	1036	sdiveq
ARM_EABI	1037	sdivne
ARM_EABI	1038	sdivcs
ARM_EABI	1039	sdivcc
ARM_EABI	1040	sdivmi
ARM_EABI	1041	sdivpl
ARM_EABI	1042	sdivvs
ARM_EABI	1043	sdivvc
ARM_EABI	1044	sdivhi
ARM_EABI	1045	sdivls
ARM_EABI	1046	sdivge
ARM_EABI	1047	sdivlt
ARM_EABI	1048	sdivgt
ARM_EABI	1049	sdivle
ARM_EABI	1050	sdiv
ARM_EABI	1051	sdivrsvd
ARM_EABI	1052	ldreq
ARM_EABI	1053	ldrne
ARM_EABI	1054	ldrcs
ARM_EABI	1055	ldrcc
ARM_EABI	1056	ldrmi
ARM_EABI	1057	ldrpl
ARM_EABI	1058	ldrvs
ARM_EABI	1059	ldrvc
ARM_EABI	1060	ldrhi
ARM_EABI	1061	ldrls
ARM_EABI	1062	ldrge
ARM_EABI	1063	ldrlt
ARM_EABI	1064	ldrgt
ARM_EABI	1065	ldrle
ARM_EABI	1066	ldr
ARM_EABI	1067	ldrrsvd
ARM_EABI	1068	ldrbeq
ARM_EABI	1069	ldrbne
ARM_EABI	1070	ldrbcs
ARM_EABI	1071	ldrbcc
ARM_EABI	1072	ldrbmi
ARM_EABI	1073	ldrbpl
ARM_EABI	1074	ldrbvs
ARM_EABI	1075	ldrbvc
ARM_EABI	1076	ldrbhi
ARM_EABI	1077	ldrbls
ARM_EABI	1078	ldrbge
ARM_EABI	1079	ldrblt
ARM_EABI	1080	ldrbgt
ARM_EABI	1081	ldrble
ARM_EABI	1082	ldrb
ARM_EABI	1083	ldrbrsvd
ARM_EABI	1084	streq
ARM_EABI	1085	strne
ARM_EABI	1086	strcs
ARM_EABI	1087	strcc
ARM_EABI	1088	strmi
ARM_EABI	1089	strpl
ARM_EABI	1090	strvs
ARM_EABI	1091	strvc
ARM_EABI	1092	strhi
ARM_EABI	1093	strls
ARM_EABI	1094	strge
ARM_EABI	1095	strlt
ARM_EABI	1096	strgt
ARM_EABI	1097	strle
ARM_EABI	1098	str
ARM_EABI	1099	strrsvd
ARM_EABI	1100	strbeq
ARM_EABI	1101	strbne
ARM_EABI	1102	strbcs
ARM_EABI	1103	strbcc
ARM_EABI	1104	strbmi
ARM_EABI	1105	strbpl
ARM_EABI	1106	strbvs
ARM_EABI	1107	strbvc
ARM_EABI	1108	strbhi
ARM_EABI	1109	strbls
ARM_EABI	1110	strbge
ARM_EABI	1111	strblt
ARM_EABI	1112	strbgt
ARM_EABI	1113	strble
ARM_EABI	1114	strb
ARM_EABI	1115	strbrsvd
ARM_EABI	1116	ldrexeq
ARM_EABI	1117	ldrexne
ARM_EABI	1118	ldrexcs
ARM_EABI	1119	ldrexcc
ARM_EABI	1120	ldrexmi
ARM_EABI	1121	ldrexpl
ARM_EABI	1122	ldrexvs
ARM_EABI	1123	ldrexvc
ARM_EABI	1124	ldrexhi
ARM_EABI	1125	ldrexls
ARM_EABI	1126	ldrexge
ARM_EABI	1127	ldrexlt
ARM_EABI	1128	ldrexgt
ARM_EABI	1129	ldrexle
ARM_EABI	1130	ldrex
ARM_EABI	1131	ldrexrsvd
ARM_EABI	1132	ldrexbeq
ARM_EABI	1133	ldrexbne
ARM_EABI	1134	ldrexbcs
ARM_EABI	1135	ldrexbcc
ARM_EABI	1136	ldrexbmi
ARM_EABI	1137	ldrexbpl
ARM_EABI	1138	ldrexbvs
ARM_EABI	1139	ldrexbvc
ARM_EABI	1140	ldrexbhi
ARM_EABI	1141	ldrexbls
ARM_EABI	1142	ldrexbge
ARM_EABI	1143	ldrexblt
ARM_EABI	1144	ldrexbgt
ARM_EABI	1145	ldrexble
ARM_EABI	1146	ldrexb
ARM_EABI	1147	ldrexbrsvd
ARM_EABI	1148	ldrexheq
ARM_EABI	1149	ldrexhne
ARM_EABI	1150	ldrexhcs
ARM_EABI	1151	ldrexhcc
ARM_EABI	1152	ldrexhmi
ARM_EABI	1153	ldrexhpl
ARM_EABI	1154	ldrexhvs
ARM_EABI	1155	ldrexhvc
ARM_EABI	1156	ldrexhhi
ARM_EABI	1157	ldrexhls
ARM_EABI	1158	ldrexhge
ARM_EABI	1159	ldrexhlt
ARM_EABI	1160	ldrexhgt
ARM_EABI	1161	ldrexhle
ARM_EABI	1162	ldrexh
ARM_EABI	1163	ldrexhrsvd
ARM_EABI	1164	strexeq
ARM_EABI	1165	strexne
ARM_EABI	1166	strexcs
ARM_EABI	1167	strexcc
ARM_EABI	1168	strexmi
ARM_EABI	1169	strexpl
ARM_EABI	1170	strexvs
ARM_EABI	1171	strexvc
ARM_EABI	1172	strexhi
ARM_EABI	1173	strexls
ARM_EABI	1174	strexge
ARM_EABI	1175	strexlt
ARM_EABI	1176	strexgt
ARM_EABI	1177	strexle
ARM_EABI	1178	strex
ARM_EABI	1179	strexrsvd
ARM_EABI	1180	strexbeq
ARM_EABI	1181	strexbne
ARM_EABI	1182	strexbcs
ARM_EABI	1183	strexbcc
ARM_EABI	1184	strexbmi
ARM_EABI	1185	strexbpl
ARM_EABI	1186	strexbvs
ARM_EABI	1187	strexbvc
ARM_EABI	1188	strexbhi
ARM_EABI	1189	strexbls
ARM_EABI	1190	strexbge
ARM_EABI	1191	strexblt
ARM_EABI	1192	strexbgt
ARM_EABI	1193	strexble
ARM_EABI	1194	strexb
ARM_EABI	1195	strexbrsvd
ARM_EABI	1196	strexheq
ARM_EABI	1197	strexhne
ARM_EABI	1198	strexhcs
ARM_EABI	1199	strexhcc
ARM_EABI	1200	strexhmi
ARM_EABI	1201	strexhpl
ARM_EABI	1202	strexhvs
ARM_EABI	1203	strexhvc
ARM_EABI	1204	strexhhi
ARM_EABI	1205	strexhls
ARM_EABI	1206	strexhge
ARM_EABI	1207	strexhlt
ARM_EABI	1208	strexhgt
ARM_EABI	1209	strexhle
ARM_EABI	1210	strexh
ARM_EABI	1211	strexhrsvd
ARM_EABI	1212	ldrheq
ARM_EABI	1213	ldrhne
ARM_EABI	1214	ldrhcs
ARM_EABI	1215	ldrhcc
ARM_EABI	1216	ldrhmi
ARM_EABI	1217	ldrhpl
ARM_EABI	1218	ldrhvs
ARM_EABI	1219	ldrhvc
ARM_EABI	1220	ldrhhi
ARM_EABI	1221	ldrhls
ARM_EABI	1222	ldrhge
ARM_EABI	1223	ldrhlt
ARM_EABI	1224	ldrhgt
ARM_EABI	1225	ldrhle
ARM_EABI	1226	ldrh
ARM_EABI	1227	ldrhrsvd
ARM_EABI	1228	ldrsheq
ARM_EABI	1229	ldrshne
ARM_EABI	1230	ldrshcs
ARM_EABI	1231	ldrshcc
ARM_EABI	1232	ldrshmi
ARM_EABI	1233	ldrshpl
ARM_EABI	1234	ldrshvs
ARM_EABI	1235	ldrshvc
ARM_EABI	1236	ldrshhi
ARM_EABI	1237	ldrshls
ARM_EABI	1238	ldrshge
ARM_EABI	1239	ldrshlt
ARM_EABI	1240	ldrshgt
ARM_EABI	1241	ldrshle
ARM_EABI	1242	ldrsh
ARM_EABI	1243	ldrshrsvd
ARM_EABI	1244	ldrsbeq
ARM_EABI	1245	ldrsbne
ARM_EABI	1246	ldrsbcs
ARM_EABI	1247	ldrsbcc
ARM_EABI	1248	ldrsbmi
ARM_EABI	1249	ldrsbpl
ARM_EABI	1250	ldrsbvs
ARM_EABI	1251	ldrsbvc
ARM_EABI	1252	ldrsbhi
ARM_EABI	1253	ldrsbls
ARM_EABI	1254	ldrsbge
ARM_EABI	1255	ldrsblt
ARM_EABI	1256	ldrsbgt
ARM_EABI	1257	ldrsble
ARM_EABI	1258	ldrsb
ARM_EABI	1259	ldrsbrsvd
ARM_EABI	1260	strheq
ARM_EABI	1261	strhne
ARM_EABI	1262	strhcs
ARM_EABI	1263	strhcc
ARM_EABI	1264	strhmi
ARM_EABI	1265	strhpl
ARM_EABI	1266	strhvs
ARM_EABI	1267	strhvc
ARM_EABI	1268	strhhi
ARM_EABI	1269	strhls
ARM_EABI	1270	strhge
ARM_EABI	1271	strhlt
ARM_EABI	1272	strhgt
ARM_EABI	1273	strhle
ARM_EABI	1274	strh
ARM_EABI	1275	strhrsvd
ARM_EABI	1276	stmdaeq
ARM_EABI	1277	stmdane
ARM_EABI	1278	stmdacs
ARM_EABI	1279	stmdacc
ARM_EABI	1280	stmdami
ARM_EABI	1281	stmdapl
ARM_EABI	1282	stmdavs
ARM_EABI	1283	stmdavc
ARM_EABI	1284	stmdahi
ARM_EABI	1285	stmdals
ARM_EABI	1286	stmdage
ARM_EABI	1287	stmdalt
ARM_EABI	1288	stmdagt
ARM_EABI	1289	stmdale
ARM_EABI	1290	stmda
ARM_EABI	1291	stmdarsvd
ARM_EABI	1292	ldmdaeq
ARM_EABI	1293	ldmdane
ARM_EABI	1294	ldmdacs
ARM_EABI	1295	ldmdacc
ARM_EABI	1296	ldmdami
ARM_EABI	1297	ldmdapl
ARM_EABI	1298	ldmdavs
ARM_EABI	1299	ldmdavc
ARM_EABI	1300	ldmdahi
ARM_EABI	1301	ldmdals
ARM_EABI	1302	ldmdage
ARM_EABI	1303	ldmdalt
ARM_EABI	1304	ldmdagt
ARM_EABI	1305	ldmdale
ARM_EABI	1306	ldmda
ARM_EABI	1307	ldmdarsvd
ARM_EABI	1308	stmeq
ARM_EABI	1309	stmne
ARM_EABI	1310	stmcs
ARM_EABI	1311	stmcc
ARM_EABI	1312	stmmi
ARM_EABI	1313	stmpl
ARM_EABI	1314	stmvs
ARM_EABI	1315	stmvc
ARM_EABI	1316	stmhi
ARM_EABI	1317	stmls
ARM_EABI	1318	stmge
ARM_EABI	1319	stmlt
ARM_EABI	1320	stmgt
ARM_EABI	1321	stmle
ARM_EABI	1322	stm
ARM_EABI	1323	stmrsvd
ARM_EABI	1324	ldmeq
ARM_EABI	1325	ldmne
ARM_EABI	1326	ldmcs
ARM_EABI	1327	ldmcc
ARM_EABI	1328	ldmmi
ARM_EABI	1329	ldmpl
ARM_EABI	1330	ldmvs
ARM_EABI	1331	ldmvc
ARM_EABI	1332	ldmhi
ARM_EABI	1333	ldmls
ARM_EABI	1334	ldmge
ARM_EABI	1335	ldmlt
ARM_EABI	1336	ldmgt
ARM_EABI	1337	ldmle
ARM_EABI	1338	ldm
ARM_EABI	1339	ldmrsvd
ARM_EABI	1340	stmiaeq
ARM_EABI	1341	stmiane
ARM_EABI	1342	stmiacs
ARM_EABI	1343	stmiacc
ARM_EABI	1344	stmiami
ARM_EABI	1345	stmiapl
ARM_EABI	1346	stmiavs
ARM_EABI	1347	stmiavc
ARM_EABI	1348	stmiahi
ARM_EABI	1349	stmials
ARM_EABI	1350	stmiage
ARM_EABI	1351	stmialt
ARM_EABI	1352	stmiagt
ARM_EABI	1353	stmiale
ARM_EABI	1354	stmia
ARM_EABI	1355	stmiarsvd
ARM_EABI	1356	ldmiaeq
ARM_EABI	1357	ldmiane
ARM_EABI	1358	ldmiacs
ARM_EABI	1359	ldmiacc
ARM_EABI	1360	ldmiami
ARM_EABI	1361	ldmiapl
ARM_EABI	1362	ldmiavs
ARM_EABI	1363	ldmiavc
ARM_EABI	1364	ldmiahi
ARM_EABI	1365	ldmials
ARM_EABI	1366	ldmiage
ARM_EABI	1367	ldmialt
ARM_EABI	1368	ldmiagt
ARM_EABI	1369	ldmiale
ARM_EABI	1370	ldmia
ARM_EABI	1371	ldmiarsvd
ARM_EABI	1372	stmdbeq
ARM_EABI	1373	stmdbne
ARM_EABI	1374	stmdbcs
ARM_EABI	1375	stmdbcc
ARM_EABI	1376	stmdbmi
ARM_EABI	1377	stmdbpl
ARM_EABI	1378	stmdbvs
ARM_EABI	1379	stmdbvc
ARM_EABI	1380	stmdbhi
ARM_EABI	1381	stmdbls
ARM_EABI	1382	stmdbge
ARM_EABI	1383	stmdblt
ARM_EABI	1384	stmdbgt
ARM_EABI	1385	stmdble
ARM_EABI	1386	stmdb
ARM_EABI	1387	stmdbrsvd
ARM_EABI	1388	ldmdbeq
ARM_EABI	1389	ldmdbne
ARM_EABI	1390	ldmdbcs
ARM_EABI	1391	ldmdbcc
ARM_EABI	1392	ldmdbmi
ARM_EABI	1393	ldmdbpl
ARM_EABI	1394	ldmdbvs
ARM_EABI	1395	ldmdbvc
ARM_EABI	1396	ldmdbhi
ARM_EABI	1397	ldmdbls
ARM_EABI	1398	ldmdbge
ARM_EABI	1399	ldmdblt
ARM_EABI	1400	ldmdbgt
ARM_EABI	1401	ldmdble
ARM_EABI	1402	ldmdb
ARM_EABI	1403	ldmdbrsvd
ARM_EABI	1404	stmibeq
ARM_EABI	1405	stmibne
ARM_EABI	1406	stmibcs
ARM_EABI	1407	stmibcc
ARM_EABI	1408	stmibmi
ARM_EABI	1409	stmibpl
ARM_EABI	1410	stmibvs
ARM_EABI	1411	stmibvc
ARM_EABI	1412	stmibhi
ARM_EABI	1413	stmibls
ARM_EABI	1414	stmibge
ARM_EABI	1415	stmiblt
ARM_EABI	1416	stmibgt
ARM_EABI	1417	stmible
ARM_EABI	1418	stmib
ARM_EABI	1419	stmibrsvd
ARM_EABI	1420	ldmibeq
ARM_EABI	1421	ldmibne
ARM_EABI	1422	ldmibcs
ARM_EABI	1423	ldmibcc
ARM_EABI	1424	ldmibmi
ARM_EABI	1425	ldmibpl
ARM_EABI	1426	ldmibvs
ARM_EABI	1427	ldmibvc
ARM_EABI	1428	ldmibhi
ARM_EABI	1429	ldmibls
ARM_EABI	1430	ldmibge
ARM_EABI	1431	ldmiblt
ARM_EABI	1432	ldmibgt
ARM_EABI	1433	ldmible
ARM_EABI	1434	ldmib
ARM_EABI	1435	ldmibrsvd
ARM_EABI	1436	ldceq
ARM_EABI	1437	ldcne
ARM_EABI	1438	ldccs
ARM_EABI	1439	ldccc
ARM_EABI	1440	ldcmi
ARM_EABI	1441	ldcpl
ARM_EABI	1442	ldcvs
ARM_EABI	1443	ldcvc
ARM_EABI	1444	ldchi
ARM_EABI	1445	ldcls
ARM_EABI	1446	ldcge
ARM_EABI	1447	ldclt
ARM_EABI	1448	ldcgt
ARM_EABI	1449	ldcle
ARM_EABI	1450	ldc
ARM_EABI	1451	ldcrsvd
ARM_EABI	1452	ldcleq
ARM_EABI	1453	ldclne
ARM_EABI	1454	ldclcs
ARM_EABI	1455	ldclcc
ARM_EABI	1456	ldclmi
ARM_EABI	1457	ldclpl
ARM_EABI	1458	ldclvs
ARM_EABI	1459	ldclvc
ARM_EABI	1460	ldclhi
ARM_EABI	1461	ldclls
ARM_EABI	1462	ldclge
ARM_EABI	1463	ldcllt
ARM_EABI	1464	ldclgt
ARM_EABI	1465	ldclle
ARM_EABI	1466	ldcl
ARM_EABI	1467	ldclrsvd
ARM_EABI	1468	stceq
ARM_EABI	1469	stcne
ARM_EABI	1470	stccs
ARM_EABI	1471	stccc
ARM_EABI	1472	stcmi
ARM_EABI	1473	stcpl
ARM_EABI	1474	stcvs
ARM_EABI	1475	stcvc
ARM_EABI	1476	stchi
ARM_EABI	1477	stcls
ARM_EABI	1478	stcge
ARM_EABI	1479	stclt
ARM_EABI	1480	stcgt
ARM_EABI	1481	stcle
ARM_EABI	1482	stc
ARM_EABI	1483	stcrsvd
ARM_EABI	1484	stcleq
ARM_EABI	1485	stclne
ARM_EABI	1486	stclcs
ARM_EABI	1487	stclcc
ARM_EABI	1488	stclmi
ARM_EABI	1489	stclpl
ARM_EABI	1490	stclvs
ARM_EABI	1491	stclvc
ARM_EABI	1492	stclhi
ARM_EABI	1493	stclls
ARM_EABI	1494	stclge
ARM_EABI	1495	stcllt
ARM_EABI	1496	stclgt
ARM_EABI	1497	stclle
ARM_EABI	1498	stcl
ARM_EABI	1499	stclrsvd
ARM_EABI	1500	pusheq
ARM_EABI	1501	pushne
ARM_EABI	1502	pushcs
ARM_EABI	1503	pushcc
ARM_EABI	1504	pushmi
ARM_EABI	1505	pushpl
ARM_EABI	1506	pushvs
ARM_EABI	1507	pushvc
ARM_EABI	1508	pushhi
ARM_EABI	1509	pushls
ARM_EABI	1510	pushge
ARM_EABI	1511	pushlt
ARM_EABI	1512	pushgt
ARM_EABI	1513	pushle
ARM_EABI	1514	push
ARM_EABI	1515	pushrsvd
ARM_EABI	1516	popeq
ARM_EABI	1517	popne
ARM_EABI	1518	popcs
ARM_EABI	1519	popcc
ARM_EABI	1520	popmi
ARM_EABI	1521	poppl
ARM_EABI	1522	popvs
ARM_EABI	1523	popvc
ARM_EABI	1524	pophi
ARM_EABI	1525	popls
ARM_EABI	1526	popge
ARM_EABI	1527	poplt
ARM_EABI	1528	popgt
ARM_EABI	1529	pople
ARM_EABI	1530	pop
ARM_EABI	1531	poprsvd
ARM_EABI	1532	beq
ARM_EABI	1533	bne
ARM_EABI	1534	bcs
ARM_EABI	1535	bcc
ARM_EABI	1536	bmi
ARM_EABI	1537	bpl
ARM_EABI	1538	bvs
ARM_EABI	1539	bvc
ARM_EABI	1540	bhi
ARM_EABI	1541	bls
ARM_EABI	1542	bge
ARM_EABI	1543	blt
ARM_EABI	1544	bgt
ARM_EABI	1545	ble
ARM_EABI	1546	b
ARM_EABI	1547	brsvd
ARM_EABI	1548	bleq
ARM_EABI	1549	blne
ARM_EABI	1550	blcs
ARM_EABI	1551	blcc
ARM_EABI	1552	blmi
ARM_EABI	1553	blpl
ARM_EABI	1554	blvs
ARM_EABI	1555	blvc
ARM_EABI	1556	blhi
ARM_EABI	1557	blls
ARM_EABI	1558	blge
ARM_EABI	1559	bllt
ARM_EABI	1560	blgt
ARM_EABI	1561	blle
ARM_EABI	1562	bl
ARM_EABI	1563	blrsvd
ARM_EABI	1564	bxeq
ARM_EABI	1565	bxne
ARM_EABI	1566	bxcs
ARM_EABI	1567	bxcc
ARM_EABI	1568	bxmi
ARM_EABI	1569	bxpl
ARM_EABI	1570	bxvs
ARM_EABI	1571	bxvc
ARM_EABI	1572	bxhi
ARM_EABI	1573	bxls
ARM_EABI	1574	bxge
ARM_EABI	1575	bxlt
ARM_EABI	1576	bxgt
ARM_EABI	1577	bxle
ARM_EABI	1578	bx
ARM_EABI	1579	bxrsvd
ARM_EABI	1580	blxeq
ARM_EABI	1581	blxne
ARM_EABI	1582	blxcs
ARM_EABI	1583	blxcc
ARM_EABI	1584	blxmi
ARM_EABI	1585	blxpl
ARM_EABI	1586	blxvs
ARM_EABI	1587	blxvc
ARM_EABI	1588	blxhi
ARM_EABI	1589	blxls
ARM_EABI	1590	blxge
ARM_EABI	1591	blxlt
ARM_EABI	1592	blxgt
ARM_EABI	1593	blxle
ARM_EABI	1594	blx
ARM_EABI	1595	blxrsvd
ARM_EABI	1596	andeq
ARM_EABI	1597	andne
ARM_EABI	1598	andcs
ARM_EABI	1599	andcc
ARM_EABI	1600	andmi
ARM_EABI	1601	andpl
ARM_EABI	1602	andvs
ARM_EABI	1603	andvc
ARM_EABI	1604	andhi
ARM_EABI	1605	andls
ARM_EABI	1606	andge
ARM_EABI	1607	andlt
ARM_EABI	1608	andgt
ARM_EABI	1609	andle
ARM_EABI	1610	and
ARM_EABI	1611	andrsvd
ARM_EABI	1612	andseq
ARM_EABI	1613	andsne
ARM_EABI	1614	andscs
ARM_EABI	1615	andscc
ARM_EABI	1616	andsmi
ARM_EABI	1617	andspl
ARM_EABI	1618	andsvs
ARM_EABI	1619	andsvc
ARM_EABI	1620	andshi
ARM_EABI	1621	andsls
ARM_EABI	1622	andsge
ARM_EABI	1623	andslt
ARM_EABI	1624	andsgt
ARM_EABI	1625	andsle
ARM_EABI	1626	ands
ARM_EABI	1627	andsrsvd
ARM_EABI	1628	eoreq
ARM_EABI	1629	eorne
ARM_EABI	1630	eorcs
ARM_EABI	1631	eorcc
ARM_EABI	1632	eormi
ARM_EABI	1633	eorpl
ARM_EABI	1634	eorvs
ARM_EABI	1635	eorvc
ARM_EABI	1636	eorhi
ARM_EABI	1637	eorls
ARM_EABI	1638	eorge
ARM_EABI	1639	eorlt
ARM_EABI	1640	eorgt
ARM_EABI	1641	eorle
ARM_EABI	1642	eor
ARM_EABI	1643	eorrsvd
ARM_EABI	1644	eorseq
ARM_EABI	1645	eorsne
ARM_EABI	1646	eorscs
ARM_EABI	1647	eorscc
ARM_EABI	1648	eorsmi
ARM_EABI	1649	eorspl
ARM_EABI	1650	eorsvs
ARM_EABI	1651	eorsvc
ARM_EABI	1652	eorshi
ARM_EABI	1653	eorsls
ARM_EABI	1654	eorsge
ARM_EABI	1655	eorslt
ARM_EABI	1656	eorsgt
ARM_EABI	1657	eorsle
ARM_EABI	1658	eors
ARM_EABI	1659	eorsrsvd
ARM_EABI	1660	subeq
ARM_EABI	1661	subne
ARM_EABI	1662	subcs
ARM_EABI	1663	subcc
ARM_EABI	1664	submi
ARM_EABI	1665	subpl
ARM_EABI	1666	subvs
ARM_EABI	1667	subvc
ARM_EABI	1668	subhi
ARM_EABI	1669	subls
ARM_EABI	1670	subge
ARM_EABI	1671	sublt
ARM_EABI	1672	subgt
ARM_EABI	1673	suble
ARM_EABI	1674	sub
ARM_EABI	1675	subrsvd
ARM_EABI	1676	subseq
ARM_EABI	1677	subsne
ARM_EABI	1678	subscs
ARM_EABI	1679	subscc
ARM_EABI	1680	subsmi
ARM_EABI	1681	subspl
ARM_EABI	1682	subsvs
ARM_EABI	1683	subsvc
ARM_EABI	1684	subshi
ARM_EABI	1685	subsls
ARM_EABI	1686	subsge
ARM_EABI	1687	subslt
ARM_EABI	1688	subsgt
ARM_EABI	1689	subsle
ARM_EABI	1690	subs
ARM_EABI	1691	subsrsvd
ARM_EABI	1692	rsbeq
ARM_EABI	1693	rsbne
ARM_EABI	1694	rsbcs
ARM_EABI	1695	rsbcc
ARM_EABI	1696	rsbmi
ARM_EABI	1697	rsbpl
ARM_EABI	1698	rsbvs
ARM_EABI	1699	rsbvc
ARM_EABI	1700	rsbhi
ARM_EABI	1701	rsbls
ARM_EABI	1702	rsbge
ARM_EABI	1703	rsblt
ARM_EABI	1704	rsbgt
ARM_EABI	1705	rsble
ARM_EABI	1706	rsb
ARM_EABI	1707	rsbrsvd
ARM_EABI	1708	rsbseq
ARM_EABI	1709	rsbsne
ARM_EABI	1710	rsbscs
ARM_EABI	1711	rsbscc
ARM_EABI	1712	rsbsmi
ARM_EABI	1713	rsbspl
ARM_EABI	1714	rsbsvs
ARM_EABI	1715	rsbsvc
ARM_EABI	1716	rsbshi
ARM_EABI	1717	rsbsls
ARM_EABI	1718	rsbsge
ARM_EABI	1719	rsbslt
ARM_EABI	1720	rsbsgt
ARM_EABI	1721	rsbsle
ARM_EABI	1722	rsbs
ARM_EABI	1723	rsbsrsvd
ARM_EABI	1724	addeq
ARM_EABI	1725	addne
ARM_EABI	1726	addcs
ARM_EABI	1727	addcc
ARM_EABI	1728	addmi
ARM_EABI	1729	addpl
ARM_EABI	1730	addvs
ARM_EABI	1731	addvc
ARM_EABI	1732	addhi
ARM_EABI	1733	addls
ARM_EABI	1734	addge
ARM_EABI	1735	addlt
ARM_EABI	1736	addgt
ARM_EABI	1737	addle
ARM_EABI	1738	add
ARM_EABI	1739	addrsvd
ARM_EABI	1740	addseq
ARM_EABI	1741	addsne
ARM_EABI	1742	addscs
ARM_EABI	1743	addscc
ARM_EABI	1744	addsmi
ARM_EABI	1745	addspl
ARM_EABI	1746	addsvs
ARM_EABI	1747	addsvc
ARM_EABI	1748	addshi
ARM_EABI	1749	addsls
ARM_EABI	1750	addsge
ARM_EABI	1751	addslt
ARM_EABI	1752	addsgt
ARM_EABI	1753	addsle
ARM_EABI	1754	adds
ARM_EABI	1755	addsrsvd
ARM_EABI	1756	adceq
ARM_EABI	1757	adcne
ARM_EABI	1758	adccs
ARM_EABI	1759	adccc
ARM_EABI	1760	adcmi
ARM_EABI	1761	adcpl
ARM_EABI	1762	adcvs
ARM_EABI	1763	adcvc
ARM_EABI	1764	adchi
ARM_EABI	1765	adcls
ARM_EABI	1766	adcge
ARM_EABI	1767	adclt
ARM_EABI	1768	adcgt
ARM_EABI	1769	adcle
ARM_EABI	1770	adc
ARM_EABI	1771	adcrsvd
ARM_EABI	1772	adcseq
ARM_EABI	1773	adcsne
ARM_EABI	1774	adcscs
ARM_EABI	1775	adcscc
ARM_EABI	1776	adcsmi
ARM_EABI	1777	adcspl
ARM_EABI	1778	adcsvs
ARM_EABI	1779	adcsvc
ARM_EABI	1780	adcshi
ARM_EABI	1781	adcsls
ARM_EABI	1782	adcsge
ARM_EABI	1783	adcslt
ARM_EABI	1784	adcsgt
ARM_EABI	1785	adcsle
ARM_EABI	1786	adcs
ARM_EABI	1787	adcsrsvd
ARM_EABI	1788	sbceq
ARM_EABI	1789	sbcne
ARM_EABI	1790	sbccs
ARM_EABI	1791	sbccc
ARM_EABI	1792	sbcmi
ARM_EABI	1793	sbcpl
ARM_EABI	1794	sbcvs
ARM_EABI	1795	sbcvc
ARM_EABI	1796	sbchi
ARM_EABI	1797	sbcls
ARM_EABI	1798	sbcge
ARM_EABI	1799	sbclt
ARM_EABI	1800	sbcgt
ARM_EABI	1801	sbcle
ARM_EABI	1802	sbc
ARM_EABI	1803	sbcrsvd
ARM_EABI	1804	sbcseq
ARM_EABI	1805	sbcsne
ARM_EABI	1806	sbcscs
ARM_EABI	1807	sbcscc
ARM_EABI	1808	sbcsmi
ARM_EABI	1809	sbcspl
ARM_EABI	1810	sbcsvs
ARM_EABI	1811	sbcsvc
ARM_EABI	1812	sbcshi
ARM_EABI	1813	sbcsls
ARM_EABI	1814	sbcsge
ARM_EABI	1815	sbcslt
ARM_EABI	1816	sbcsgt
ARM_EABI	1817	sbcsle
ARM_EABI	1818	sbcs
ARM_EABI	1819	sbcsrsvd
ARM_EABI	1820	rsceq
ARM_EABI	1821	rscne
ARM_EABI	1822	rsccs
ARM_EABI	1823	rsccc
ARM_EABI	1824	rscmi
ARM_EABI	1825	rscpl
ARM_EABI	1826	rscvs
ARM_EABI	1827	rscvc
ARM_EABI	1828	rschi
ARM_EABI	1829	rscls
ARM_EABI	1830	rscge
ARM_EABI	1831	rsclt
ARM_EABI	1832	rscgt
ARM_EABI	1833	rscle
ARM_EABI	1834	rsc
ARM_EABI	1835	rscrsvd
ARM_EABI	1836	rscseq
ARM_EABI	1837	rscsne
ARM_EABI	1838	rscscs
ARM_EABI	1839	rscscc
ARM_EABI	1840	rscsmi
ARM_EABI	1841	rscspl
ARM_EABI	1842	rscsvs
ARM_EABI	1843	rscsvc
ARM_EABI	1844	rscshi
ARM_EABI	1845	rscsls
ARM_EABI	1846	rscsge
ARM_EABI	1847	rscslt
ARM_EABI	1848	rscsgt
ARM_EABI	1849	rscsle
ARM_EABI	1850	rscs
ARM_EABI	1851	rscsrsvd
ARM_EABI	1852	tsteq
ARM_EABI	1853	tstne
ARM_EABI	1854	tstcs
ARM_EABI	1855	tstcc
ARM_EABI	1856	tstmi
ARM_EABI	1857	tstpl
ARM_EABI	1858	tstvs
ARM_EABI	1859	tstvc
ARM_EABI	1860	tsthi
ARM_EABI	1861	tstls
ARM_EABI	1862	tstge
ARM_EABI	1863	tstlt
ARM_EABI	1864	tstgt
ARM_EABI	1865	tstle
ARM_EABI	1866	tst
ARM_EABI	1867	tstrsvd
ARM_EABI	1868	tstseq
ARM_EABI	1869	tstsne
ARM_EABI	1870	tstscs
ARM_EABI	1871	tstscc
ARM_EABI	1872	tstsmi
ARM_EABI	1873	tstspl
ARM_EABI	1874	tstsvs
ARM_EABI	1875	tstsvc
ARM_EABI	1876	tstshi
ARM_EABI	1877	tstsls
ARM_EABI	1878	tstsge
ARM_EABI	1879	tstslt
ARM_EABI	1880	tstsgt
ARM_EABI	1881	tstsle
ARM_EABI	1882	tsts
ARM_EABI	1883	tstsrsvd
ARM_EABI	1884	teqeq
ARM_EABI	1885	teqne
ARM_EABI	1886	teqcs
ARM_EABI	1887	teqcc
ARM_EABI	1888	teqmi
ARM_EABI	1889	teqpl
ARM_EABI	1890	teqvs
ARM_EABI	1891	teqvc
ARM_EABI	1892	teqhi
ARM_EABI	1893	teqls
ARM_EABI	1894	teqge
ARM_EABI	1895	teqlt
ARM_EABI	1896	teqgt
ARM_EABI	1897	teqle
ARM_EABI	1898	teq
ARM_EABI	1899	teqrsvd
ARM_EABI	1900	teqseq
ARM_EABI	1901	teqsne
ARM_EABI	1902	teqscs
ARM_EABI	1903	teqscc
ARM_EABI	1904	teqsmi
ARM_EABI	1905	teqspl
ARM_EABI	1906	teqsvs
ARM_EABI	1907	teqsvc
ARM_EABI	1908	teqshi
ARM_EABI	1909	teqsls
ARM_EABI	1910	teqsge
ARM_EABI	1911	teqslt
ARM_EABI	1912	teqsgt
ARM_EABI	1913	teqsle
ARM_EABI	1914	teqs
ARM_EABI	1915	teqsrsvd
ARM_EABI	1916	cmpeq
ARM_EABI	1917	cmpne
ARM_EABI	1918	cmpcs
ARM_EABI	1919	cmpcc
ARM_EABI	1920	cmpmi
ARM_EABI	1921	cmppl
ARM_EABI	1922	cmpvs
ARM_EABI	1923	cmpvc
ARM_EABI	1924	cmphi
ARM_EABI	1925	cmpls
ARM_EABI	1926	cmpge
ARM_EABI	1927	cmplt
ARM_EABI	1928	cmpgt
ARM_EABI	1929	cmple
ARM_EABI	1930	cmp
ARM_EABI	1931	cmprsvd
ARM_EABI	1932	cmpseq
ARM_EABI	1933	cmpsne
ARM_EABI	1934	cmpscs
ARM_EABI	1935	cmpscc
ARM_EABI	1936	cmpsmi
ARM_EABI	1937	cmpspl
ARM_EABI	1938	cmpsvs
ARM_EABI	1939	cmpsvc
ARM_EABI	1940	cmpshi
ARM_EABI	1941	cmpsls
ARM_EABI	1942	cmpsge
ARM_EABI	1943	cmpslt
ARM_EABI	1944	cmpsgt
ARM_EABI	1945	cmpsle
ARM_EABI	1946	cmps
ARM_EABI	1947	cmpsrsvd
ARM_EABI	1948	cmneq
ARM_EABI	1949	cmnne
ARM_EABI	1950	cmncs
ARM_EABI	1951	cmncc
ARM_EABI	1952	cmnmi
ARM_EABI	1953	cmnpl
ARM_EABI	1954	cmnvs
ARM_EABI	1955	cmnvc
ARM_EABI	1956	cmnhi
ARM_EABI	1957	cmnls
ARM_EABI	1958	cmnge
ARM_EABI	1959	cmnlt
ARM_EABI	1960	cmngt
ARM_EABI	1961	cmnle
ARM_EABI	1962	cmn
ARM_EABI	1963	cmnrsvd
ARM_EABI	1964	cmnseq
ARM_EABI	1965	cmnsne
ARM_EABI	1966	cmnscs
ARM_EABI	1967	cmnscc
ARM_EABI	1968	cmnsmi
ARM_EABI	1969	cmnspl
ARM_EABI	1970	cmnsvs
ARM_EABI	1971	cmnsvc
ARM_EABI	1972	cmnshi
ARM_EABI	1973	cmnsls
ARM_EABI	1974	cmnsge
ARM_EABI	1975	cmnslt
ARM_EABI	1976	cmnsgt
ARM_EABI	1977	cmnsle
ARM_EABI	1978	cmns
ARM_EABI	1979	cmnsrsvd
ARM_EABI	1980	orreq
ARM_EABI	1981	orrne
ARM_EABI	1982	orrcs
ARM_EABI	1983	orrcc
ARM_EABI	1984	orrmi
ARM_EABI	1985	orrpl
ARM_EABI	1986	orrvs
ARM_EABI	1987	orrvc
ARM_EABI	1988	orrhi
ARM_EABI	1989	orrls
ARM_EABI	1990	orrge
ARM_EABI	1991	orrlt
ARM_EABI	1992	orrgt
ARM_EABI	1993	orrle
ARM_EABI	1994	orr
ARM_EABI	1995	orrrsvd
ARM_EABI	1996	orrseq
ARM_EABI	1997	orrsne
ARM_EABI	1998	orrscs
ARM_EABI	1999	orrscc
ARM_EABI	2000	orrsmi
ARM_EABI	2001	orrspl
ARM_EABI	2002	orrsvs
ARM_EABI	2003	orrsvc
ARM_EABI	2004	orrshi
ARM_EABI	2005	orrsls
ARM_EABI	2006	orrsge
ARM_EABI	2007	orrslt
ARM_EABI	2008	orrsgt
ARM_EABI	2009	orrsle
ARM_EABI	2010	orrs
ARM_EABI	2011	orrsrsvd
ARM_EABI	2012	moveq
ARM_EABI	2013	movne
ARM_EABI	2014	movcs
ARM_EABI	2015	movcc
ARM_EABI	2016	movmi
ARM_EABI	2017	movpl
ARM_EABI	2018	movvs
ARM_EABI	2019	movvc
ARM_EABI	2020	movhi
ARM_EABI	2021	movls
ARM_EABI	2022	movge
ARM_EABI	2023	movlt
ARM_EABI	2024	movgt
ARM_EABI	2025	movle
ARM_EABI	2026	mov
ARM_EABI	2027	movrsvd
ARM_EABI	2028	movseq
ARM_EABI	2029	movsne
ARM_EABI	2030	movscs
ARM_EABI	2031	movscc
ARM_EABI	2032	movsmi
ARM_EABI	2033	movspl
ARM_EABI	2034	movsvs
ARM_EABI	2035	movsvc
ARM_EABI	2036	movshi
ARM_EABI	2037	movsls
ARM_EABI	2038	movsge
ARM_EABI	2039	movslt
ARM_EABI	2040	movsgt
ARM_EABI	2041	movsle
ARM_EABI	2042	movs
ARM_EABI	2043	movsrsvd
ARM_EABI	2044	biceq
ARM_EABI	2045	bicne
ARM_EABI	2046	biccs
ARM_EABI	2047	biccc
ARM_EABI	2048	bicmi
ARM_EABI	2049	bicpl
ARM_EABI	2050	bicvs
ARM_EABI	2051	bicvc
ARM_EABI	2052	bichi
ARM_EABI	2053	bicls
ARM_EABI	2054	bicge
ARM_EABI	2055	biclt
ARM_EABI	2056	bicgt
ARM_EABI	2057	bicle
ARM_EABI	2058	bic
ARM_EABI	2059	bicrsvd
ARM_EABI	2060	bicseq
ARM_EABI	2061	bicsne
ARM_EABI	2062	bicscs
ARM_EABI	2063	bicscc
ARM_EABI	2064	bicsmi
ARM_EABI	2065	bicspl
ARM_EABI	2066	bicsvs
ARM_EABI	2067	bicsvc
ARM_EABI	2068	bicshi
ARM_EABI	2069	bicsls
ARM_EABI	2070	bicsge
ARM_EABI	2071	bicslt
ARM_EABI	2072	bicsgt
ARM_EABI	2073	bicsle
ARM_EABI	2074	bics
ARM_EABI	2075	bicsrsvd
ARM_EABI	2076	mvneq
ARM_EABI	2077	mvnne
ARM_EABI	2078	mvncs
ARM_EABI	2079	mvncc
ARM_EABI	2080	mvnmi
ARM_EABI	2081	mvnpl
ARM_EABI	2082	mvnvs
ARM_EABI	2083	mvnvc
ARM_EABI	2084	mvnhi
ARM_EABI	2085	mvnls
ARM_EABI	2086	mvnge
ARM_EABI	2087	mvnlt
ARM_EABI	2088	mvngt
ARM_EABI	2089	mvnle
ARM_EABI	2090	mvn
ARM_EABI	2091	mvnrsvd
ARM_EABI	2092	mvnseq
ARM_EABI	2093	mvnsne
ARM_EABI	2094	mvnscs
ARM_EABI	2095	mvnscc
ARM_EABI	2096	mvnsmi
ARM_EABI	2097	mvnspl
ARM_EABI	2098	mvnsvs
ARM_EABI	2099	mvnsvc
ARM_EABI	2100	mvnshi
ARM_EABI	2101	mvnsls
ARM_EABI	2102	mvnsge
ARM_EABI	2103	mvnslt
ARM_EABI	2104	mvnsgt
ARM_EABI	2105	mvnsle
ARM_EABI	2106	mvns
ARM_EABI	2107	mvnsrsvd
ARM_EABI	2108	lsleq
ARM_EABI	2109	lslne
ARM_EABI	2110	lslcs
ARM_EABI	2111	lslcc
ARM_EABI	2112	lslmi
ARM_EABI	2113	lslpl
ARM_EABI	2114	lslvs
ARM_EABI	2115	lslvc
ARM_EABI	2116	lslhi
ARM_EABI	2117	lslls
ARM_EABI	2118	lslge
ARM_EABI	2119	lsllt
ARM_EABI	2120	lslgt
ARM_EABI	2121	lslle
ARM_EABI	2122	lsl
ARM_EABI	2123	lslrsvd
ARM_EABI	2124	lslseq
ARM_EABI	2125	lslsne
ARM_EABI	2126	lslscs
ARM_EABI	2127	lslscc
ARM_EABI	2128	lslsmi
ARM_EABI	2129	lslspl
ARM_EABI	2130	lslsvs
ARM_EABI	2131	lslsvc
ARM_EABI	2132	lslshi
ARM_EABI	2133	lslsls
ARM_EABI	2134	lslsge
ARM_EABI	2135	lslslt
ARM_EABI	2136	lslsgt
ARM_EABI	2137	lslsle
ARM_EABI	2138	lsls
ARM_EABI	2139	lslsrsvd
ARM_EABI	2140	lsreq
ARM_EABI	2141	lsrne
ARM_EABI	2142	lsrcs
ARM_EABI	2143	lsrcc
ARM_EABI	2144	lsrmi
ARM_EABI	2145	lsrpl
ARM_EABI	2146	lsrvs
ARM_EABI	2147	lsrvc
ARM_EABI	2148	lsrhi
ARM_EABI	2149	lsrls
ARM_EABI	2150	lsrge
ARM_EABI	2151	lsrlt
ARM_EABI	2152	lsrgt
ARM_EABI	2153	lsrle
ARM_EABI	2154	lsr
ARM_EABI	2155	lsrrsvd
ARM_EABI	2156	lsrseq
ARM_EABI	2157	lsrsne
ARM_EABI	2158	lsrscs
ARM_EABI	2159	lsrscc
ARM_EABI	2160	lsrsmi
ARM_EABI	2161	lsrspl
ARM_EABI	2162	lsrsvs
ARM_EABI	2163	lsrsvc
ARM_EABI	2164	lsrshi
ARM_EABI	2165	lsrsls
ARM_EABI	2166	lsrsge
ARM_EABI	2167	lsrslt
ARM_EABI	2168	lsrsgt
ARM_EABI	2169	lsrsle
ARM_EABI	2170	lsrs
ARM_EABI	2171	lsrsrsvd
ARM_EABI	2172	asreq
ARM_EABI	2173	asrne
ARM_EABI	2174	asrcs
ARM_EABI	2175	asrcc
ARM_EABI	2176	asrmi
ARM_EABI	2177	asrpl
ARM_EABI	2178	asrvs
ARM_EABI	2179	asrvc
ARM_EABI	2180	asrhi
ARM_EABI	2181	asrls
ARM_EABI	2182	asrge
ARM_EABI	2183	asrlt
ARM_EABI	2184	asrgt
ARM_EABI	2185	asrle
ARM_EABI	2186	asr
ARM_EABI	2187	asrrsvd
ARM_EABI	2188	asrseq
ARM_EABI	2189	asrsne
ARM_EABI	2190	asrscs
ARM_EABI	2191	asrscc
ARM_EABI	2192	asrsmi
ARM_EABI	2193	asrspl
ARM_EABI	2194	asrsvs
ARM_EABI	2195	asrsvc
ARM_EABI	2196	asrshi
ARM_EABI	2197	asrsls
ARM_EABI	2198	asrsge
ARM_EABI	2199	asrslt
ARM_EABI	2200	asrsgt
ARM_EABI	2201	asrsle
ARM_EABI	2202	asrs
ARM_EABI	2203	asrsrsvd
ARM_EABI	2204	roreq
ARM_EABI	2205	rorne
ARM_EABI	2206	rorcs
ARM_EABI	2207	rorcc
ARM_EABI	2208	rormi
ARM_EABI	2209	rorpl
ARM_EABI	2210	rorvs
ARM_EABI	2211	rorvc
ARM_EABI	2212	rorhi
ARM_EABI	2213	rorls
ARM_EABI	2214	rorge
ARM_EABI	2215	rorlt
ARM_EABI	2216	rorgt
ARM_EABI	2217	rorle
ARM_EABI	2218	ror
ARM_EABI	2219	rorrsvd
ARM_EABI	2220	rorseq
ARM_EABI	2221	rorsne
ARM_EABI	2222	rorscs
ARM_EABI	2223	rorscc
ARM_EABI	2224	rorsmi
ARM_EABI	2225	rorspl
ARM_EABI	2226	rorsvs
ARM_EABI	2227	rorsvc
ARM_EABI	2228	rorshi
ARM_EABI	2229	rorsls
ARM_EABI	2230	rorsge
ARM_EABI	2231	rorslt
ARM_EABI	2232	rorsgt
ARM_EABI	2233	rorsle
ARM_EABI	2234	rors
ARM_EABI	2235	rorsrsvd
ARM_EABI	2236	rrxeq
ARM_EABI	2237	rrxne
ARM_EABI	2238	rrxcs
ARM_EABI	2239	rrxcc
ARM_EABI	2240	rrxmi
ARM_EABI	2241	rrxpl
ARM_EABI	2242	rrxvs
ARM_EABI	2243	rrxvc
ARM_EABI	2244	rrxhi
ARM_EABI	2245	rrxls
ARM_EABI	2246	rrxge
ARM_EABI	2247	rrxlt
ARM_EABI	2248	rrxgt
ARM_EABI	2249	rrxle
ARM_EABI	2250	rrx
ARM_EABI	2251	rrxrsvd
ARM_EABI	2252	rrxseq
ARM_EABI	2253	rrxsne
ARM_EABI	2254	rrxscs
ARM_EABI	2255	rrxscc
ARM_EABI	2256	rrxsmi
ARM_EABI	2257	rrxspl
ARM_EABI	2258	rrxsvs
ARM_EABI	2259	rrxsvc
ARM_EABI	2260	rrxshi
ARM_EABI	2261	rrxsls
ARM_EABI	2262	rrxsge
ARM_EABI	2263	rrxslt
ARM_EABI	2264	rrxsgt
ARM_EABI	2265	rrxsle
ARM_EABI	2266	rrxs
ARM_EABI	2267	rrxsrsvd
ARM_EABI	2268	cdpeq
ARM_EABI	2269	cdpne
ARM_EABI	2270	cdpcs
ARM_EABI	2271	cdpcc
ARM_EABI	2272	cdpmi
ARM_EABI	2273	cdppl
ARM_EABI	2274	cdpvs
ARM_EABI	2275	cdpvc
ARM_EABI	2276	cdphi
ARM_EABI	2277	cdpls
ARM_EABI	2278	cdpge
ARM_EABI	2279	cdplt
ARM_EABI	2280	cdpgt
ARM_EABI	2281	cdple
ARM_EABI	2282	cdp
ARM_EABI	2283	cdprsvd
ARM_EABI	2284	mcreq
ARM_EABI	2285	mcrne
ARM_EABI	2286	mcrcs
ARM_EABI	2287	mcrcc
ARM_EABI	2288	mcrmi
ARM_EABI	2289	mcrpl
ARM_EABI	2290	mcrvs
ARM_EABI	2291	mcrvc
ARM_EABI	2292	mcrhi
ARM_EABI	2293	mcrls
ARM_EABI	2294	mcrge
ARM_EABI	2295	mcrlt
ARM_EABI	2296	mcrgt
ARM_EABI	2297	mcrle
ARM_EABI	2298	mcr
ARM_EABI	2299	mcrrsvd
ARM_EABI	2300	mrceq
ARM_EABI	2301	mrcne
ARM_EABI	2302	mrccs
ARM_EABI	2303	mrccc
ARM_EABI	2304	mrcmi
ARM_EABI	2305	mrcpl
ARM_EABI	2306	mrcvs
ARM_EABI	2307	mrcvc
ARM_EABI	2308	mrchi
ARM_EABI	2309	mrcls
ARM_EABI	2310	mrcge
ARM_EABI	2311	mrclt
ARM_EABI	2312	mrcgt
ARM_EABI	2313	mrcle
ARM_EABI	2314	mrc
ARM_EABI	2315	mrcrsvd
ARM_EABI	2316	vldreq
ARM_EABI	2317	vldrne
ARM_EABI	2318	vldrcs
ARM_EABI	2319	vldrcc
ARM_EABI	2320	vldrmi
ARM_EABI	2321	vldrpl
ARM_EABI	2322	vldrvs
ARM_EABI	2323	vldrvc
ARM_EABI	2324	vldrhi
ARM_EABI	2325	vldrls
ARM_EABI	2326	vldrge
ARM_EABI	2327	vldrlt
ARM_EABI	2328	vldrgt
ARM_EABI	2329	vldrle
ARM_EABI	2330	vldr
ARM_EABI	2331	vldrrsvd
ARM_EABI	2332	vstreq
ARM_EABI	2333	vstrne
ARM_EABI	2334	vstrcs
ARM_EABI	2335	vstrcc
ARM_EABI	2336	vstrmi
ARM_EABI	2337	vstrpl
ARM_EABI	2338	vstrvs
ARM_EABI	2339	vstrvc
ARM_EABI	2340	vstrhi
ARM_EABI	2341	vstrls
ARM_EABI	2342	vstrge
ARM_EABI	2343	vstrlt
ARM_EABI	2344	vstrgt
ARM_EABI	2345	vstrle
ARM_EABI	2346	vstr
ARM_EABI	2347	vstrrsvd
ARM_EABI	2348	vmlaeq.f32
ARM_EABI	2349	vmlane.f32
ARM_EABI	2350	vmlacs.f32
ARM_EABI	2351	vmlacc.f32
ARM_EABI	2352	vmlami.f32
ARM_EABI	2353	vmlapl.f32
ARM_EABI	2354	vmlavs.f32
ARM_EABI	2355	vmlavc.f32
ARM_EABI	2356	vmlahi.f32
ARM_EABI	2357	vmlals.f32
ARM_EABI	2358	vmlage.f32
ARM_EABI	2359	vmlalt.f32
ARM_EABI	2360	vmlagt.f32
ARM_EABI	2361	vmlale.f32
ARM_EABI	2362	vmla.f32
ARM_EABI	2363	vmlarsvd.f32
ARM_EABI	2364	vmlaeq.f64
ARM_EABI	2365	vmlane.f64
ARM_EABI	2366	vmlacs.f64
ARM_EABI	2367	vmlacc.f64
ARM_EABI	2368	vmlami.f64
ARM_EABI	2369	vmlapl.f64
ARM_EABI	2370	vmlavs.f64
ARM_EABI	2371	vmlavc.f64
ARM_EABI	2372	vmlahi.f64
ARM_EABI	2373	vmlals.f64
ARM_EABI	2374	vmlage.f64
ARM_EABI	2375	vmlalt.f64
ARM_EABI	2376	vmlagt.f64
ARM_EABI	2377	vmlale.f64
ARM_EABI	2378	vmla.f64
ARM_EABI	2379	vmlarsvd.f64
ARM_EABI	2380	vmlseq.f32
ARM_EABI	2381	vmlsne.f32
ARM_EABI	2382	vmlscs.f32
ARM_EABI	2383	vmlscc.f32
ARM_EABI	2384	vmlsmi.f32
ARM_EABI	2385	vmlspl.f32
ARM_EABI	2386	vmlsvs.f32
ARM_EABI	2387	vmlsvc.f32
ARM_EABI	2388	vmlshi.f32
ARM_EABI	2389	vmlsls.f32
ARM_EABI	2390	vmlsge.f32
ARM_EABI	2391	vmlslt.f32
ARM_EABI	2392	vmlsgt.f32
ARM_EABI	2393	vmlsle.f32
ARM_EABI	2394	vmls.f32
ARM_EABI	2395	vmlsrsvd.f32
ARM_EABI	2396	vmlseq.f64
ARM_EABI	2397	vmlsne.f64
ARM_EABI	2398	vmlscs.f64
ARM_EABI	2399	vmlscc.f64
ARM_EABI	2400	vmlsmi.f64
ARM_EABI	2401	vmlspl.f64
ARM_EABI	2402	vmlsvs.f64
ARM_EABI	2403	vmlsvc.f64
ARM_EABI	2404	vmlshi.f64
ARM_EABI	2405	vmlsls.f64
ARM_EABI	2406	vmlsge.f64
ARM_EABI	2407	vmlslt.f64
ARM_EABI	2408	vmlsgt.f64
ARM_EABI	2409	vmlsle.f64
ARM_EABI	2410	vmls.f64
ARM_EABI	2411	vmlsrsvd.f64
ARM_EABI	2412	vnmlseq.f32
ARM_EABI	2413	vnmlsne.f32
ARM_EABI	2414	vnmlscs.f32
ARM_EABI	2415	vnmlscc.f32
ARM_EABI	2416	vnmlsmi.f32
ARM_EABI	2417	vnmlspl.f32
ARM_EABI	2418	vnmlsvs.f32
ARM_EABI	2419	vnmlsvc.f32
ARM_EABI	2420	vnmlshi.f32
ARM_EABI	2421	vnmlsls.f32
ARM_EABI	2422	vnmlsge.f32
ARM_EABI	2423	vnmlslt.f32
ARM_EABI	2424	vnmlsgt.f32
ARM_EABI	2425	vnmlsle.f32
ARM_EABI	2426	vnmls.f32
ARM_EABI	2427	vnmlsrsvd.f32
ARM_EABI	2428	vnmlseq.f64
ARM_EABI	2429	vnmlsne.f64
ARM_EABI	2430	vnmlscs.f64
ARM_EABI	2431	vnmlscc.f64
ARM_EABI	2432	vnmlsmi.f64
ARM_EABI	2433	vnmlspl.f64
ARM_EABI	2434	vnmlsvs.f64
ARM_EABI	2435	vnmlsvc.f64
ARM_EABI	2436	vnmlshi.f64
ARM_EABI	2437	vnmlsls.f64
ARM_EABI	2438	vnmlsge.f64
ARM_EABI	2439	vnmlslt.f64
ARM_EABI	2440	vnmlsgt.f64
ARM_EABI	2441	vnmlsle.f64
ARM_EABI	2442	vnmls.f64
ARM_EABI	2443	vnmlsrsvd.f64
ARM_EABI	2444	vnmlaeq.f32
ARM_EABI	2445	vnmlane.f32
ARM_EABI	2446	vnmlacs.f32
ARM_EABI	2447	vnmlacc.f32
ARM_EABI	2448	vnmlami.f32
ARM_EABI	2449	vnmlapl.f32
ARM_EABI	2450	vnmlavs.f32
ARM_EABI	2451	vnmlavc.f32
ARM_EABI	2452	vnmlahi.f32
ARM_EABI	2453	vnmlals.f32
ARM_EABI	2454	vnmlage.f32
ARM_EABI	2455	vnmlalt.f32
ARM_EABI	2456	vnmlagt.f32
ARM_EABI	2457	vnmlale.f32
ARM_EABI	2458	vnmla.f32
ARM_EABI	2459	vnmlarsvd.f32
ARM_EABI	2460	vnmlaeq.f64
ARM_EABI	2461	vnmlane.f64
ARM_EABI	2462	vnmlacs.f64
ARM_EABI	2463	vnmlacc.f64
ARM_EABI	2464	vnmlami.f64
ARM_EABI	2465	vnmlapl.f64
ARM_EABI	2466	vnmlavs.f64
ARM_EABI	2467	vnmlavc.f64
ARM_EABI	2468	vnmlahi.f64
ARM_EABI	2469	vnmlals.f64
ARM_EABI	2470	vnmlage.f64
ARM_EABI	2471	vnmlalt.f64
ARM_EABI	2472	vnmlagt.f64
ARM_EABI	2473	vnmlale.f64
ARM_EABI	2474	vnmla.f64
ARM_EABI	2475	vnmlarsvd.f64
ARM_EABI	2476	vmuleq.f32
ARM_EABI	2477	vmulne.f32
ARM_EABI	2478	vmulcs.f32
ARM_EABI	2479	vmulcc.f32
ARM_EABI	2480	vmulmi.f32
ARM_EABI	2481	vmulpl.f32
ARM_EABI	2482	vmulvs.f32
ARM_EABI	2483	vmulvc.f32
ARM_EABI	2484	vmulhi.f32
ARM_EABI	2485	vmulls.f32
ARM_EABI	2486	vmulge.f32
ARM_EABI	2487	vmullt.f32
ARM_EABI	2488	vmulgt.f32
ARM_EABI	2489	vmulle.f32
ARM_EABI	2490	vmul.f32
ARM_EABI	2491	vmulrsvd.f32
ARM_EABI	2492	vmuleq.f64
ARM_EABI	2493	vmulne.f64
ARM_EABI	2494	vmulcs.f64
ARM_EABI	2495	vmulcc.f64
ARM_EABI	2496	vmulmi.f64
ARM_EABI	2497	vmulpl.f64
ARM_EABI	2498	vmulvs.f64
ARM_EABI	2499	vmulvc.f64
ARM_EABI	2500	vmulhi.f64
ARM_EABI	2501	vmulls.f64
ARM_EABI	2502	vmulge.f64
ARM_EABI	2503	vmullt.f64
ARM_EABI	2504	vmulgt.f64
ARM_EABI	2505	vmulle.f64
ARM_EABI	2506	vmul.f64
ARM_EABI	2507	vmulrsvd.f64
ARM_EABI	2508	vnmuleq.f32
ARM_EABI	2509	vnmulne.f32
ARM_EABI	2510	vnmulcs.f32
ARM_EABI	2511	vnmulcc.f32
ARM_EABI	2512	vnmulmi.f32
ARM_EABI	2513	vnmulpl.f32
ARM_EABI	2514	vnmulvs.f32
ARM_EABI	2515	vnmulvc.f32
ARM_EABI	2516	vnmulhi.f32
ARM_EABI	2517	vnmulls.f32
ARM_EABI	2518	vnmulge.f32
ARM_EABI	2519	vnmullt.f32
ARM_EABI	2520	vnmulgt.f32
ARM_EABI	2521	vnmulle.f32
ARM_EABI	2522	vnmul.f32
ARM_EABI	2523	vnmulrsvd.f32
ARM_EABI	2524	vnmuleq.f64
ARM_EABI	2525	vnmulne.f64
ARM_EABI	2526	vnmulcs.f64
ARM_EABI	2527	vnmulcc.f64
ARM_EABI	2528	vnmulmi.f64
ARM_EABI	2529	vnmulpl.f64
ARM_EABI	2530	vnmulvs.f64
ARM_EABI	2531	vnmulvc.f64
ARM_EABI	2532	vnmulhi.f64
ARM_EABI	2533	vnmulls.f64
ARM_EABI	2534	vnmulge.f64
ARM_EABI	2535	vnmullt.f64
ARM_EABI	2536	vnmulgt.f64
ARM_EABI	2537	vnmulle.f64
ARM_EABI	2538	vnmul.f64
ARM_EABI	2539	vnmulrsvd.f64
ARM_EABI	2540	vaddeq.f32
ARM_EABI	2541	vaddne.f32
ARM_EABI	2542	vaddcs.f32
ARM_EABI	2543	vaddcc.f32
ARM_EABI	2544	vaddmi.f32
ARM_EABI	2545	vaddpl.f32
ARM_EABI	2546	vaddvs.f32
ARM_EABI	2547	vaddvc.f32
ARM_EABI	2548	vaddhi.f32
ARM_EABI	2549	vaddls.f32
ARM_EABI	2550	vaddge.f32
ARM_EABI	2551	vaddlt.f32
ARM_EABI	2552	vaddgt.f32
ARM_EABI	2553	vaddle.f32
ARM_EABI	2554	vadd.f32
ARM_EABI	2555	vaddrsvd.f32
ARM_EABI	2556	vaddeq.f64
ARM_EABI	2557	vaddne.f64
ARM_EABI	2558	vaddcs.f64
ARM_EABI	2559	vaddcc.f64
ARM_EABI	2560	vaddmi.f64
ARM_EABI	2561	vaddpl.f64
ARM_EABI	2562	vaddvs.f64
ARM_EABI	2563	vaddvc.f64
ARM_EABI	2564	vaddhi.f64
ARM_EABI	2565	vaddls.f64
ARM_EABI	2566	vaddge.f64
ARM_EABI	2567	vaddlt.f64
ARM_EABI	2568	vaddgt.f64
ARM_EABI	2569	vaddle.f64
ARM_EABI	2570	vadd.f64
ARM_EABI	2571	vaddrsvd.f64
ARM_EABI	2572	vsubeq.f32
ARM_EABI	2573	vsubne.f32
ARM_EABI	2574	vsubcs.f32
ARM_EABI	2575	vsubcc.f32
ARM_EABI	2576	vsubmi.f32
ARM_EABI	2577	vsubpl.f32
ARM_EABI	2578	vsubvs.f32
ARM_EABI	2579	vsubvc.f32
ARM_EABI	2580	vsubhi.f32
ARM_EABI	2581	vsubls.f32
ARM_EABI	2582	vsubge.f32
ARM_EABI	2583	vsublt.f32
ARM_EABI	2584	vsubgt.f32
ARM_EABI	2585	vsuble.f32
ARM_EABI	2586	vsub.f32
ARM_EABI	2587	vsubrsvd.f32
ARM_EABI	2588	vsubeq.f64
ARM_EABI	2589	vsubne.f64
ARM_EABI	2590	vsubcs.f64
ARM_EABI	2591	vsubcc.f64
ARM_EABI	2592	vsubmi.f64
ARM_EABI	2593	vsubpl.f64
ARM_EABI	2594	vsubvs.f64
ARM_EABI	2595	vsubvc.f64
ARM_EABI	2596	vsubhi.f64
ARM_EABI	2597	vsubls.f64
ARM_EABI	2598	vsubge.f64
ARM_EABI	2599	vsublt.f64
ARM_EABI	2600	vsubgt.f64
ARM_EABI	2601	vsuble.f64
ARM_EABI	2602	vsub.f64
ARM_EABI	2603	vsubrsvd.f64
ARM_EABI	2604	vdiveq.f32
ARM_EABI	2605	vdivne.f32
ARM_EABI	2606	vdivcs.f32
ARM_EABI	2607	vdivcc.f32
ARM_EABI	2608	vdivmi.f32
ARM_EABI	2609	vdivpl.f32
ARM_EABI	2610	vdivvs.f32
ARM_EABI	2611	vdivvc.f32
ARM_EABI	2612	vdivhi.f32
ARM_EABI	2613	vdivls.f32
ARM_EABI	2614	vdivge.f32
ARM_EABI	2615	vdivlt.f32
ARM_EABI	2616	vdivgt.f32
ARM_EABI	2617	vdivle.f32
ARM_EABI	2618	vdiv.f32
ARM_EABI	2619	vdivrsvd.f32
ARM_EABI	2620	vdiveq.f64
ARM_EABI	2621	vdivne.f64
ARM_EABI	2622	vdivcs.f64
ARM_EABI	2623	vdivcc.f64
ARM_EABI	2624	vdivmi.f64
ARM_EABI	2625	vdivpl.f64
ARM_EABI	2626	vdivvs.f64
ARM_EABI	2627	vdivvc.f64
ARM_EABI	2628	vdivhi.f64
ARM_EABI	2629	vdivls.f64
ARM_EABI	2630	vdivge.f64
ARM_EABI	2631	vdivlt.f64
ARM_EABI	2632	vdivgt.f64
ARM_EABI	2633	vdivle.f64
ARM_EABI	2634	vdiv.f64
ARM_EABI	2635	vdivrsvd.f64
ARM_EABI	2636	vnegeq.f32
ARM_EABI	2637	vnegne.f32
ARM_EABI	2638	vnegcs.f32
ARM_EABI	2639	vnegcc.f32
ARM_EABI	2640	vnegmi.f32
ARM_EABI	2641	vnegpl.f32
ARM_EABI	2642	vnegvs.f32
ARM_EABI	2643	vnegvc.f32
ARM_EABI	2644	vneghi.f32
ARM_EABI	2645	vnegls.f32
ARM_EABI	2646	vnegge.f32
ARM_EABI	2647	vneglt.f32
ARM_EABI	2648	vneggt.f32
ARM_EABI	2649	vnegle.f32
ARM_EABI	2650	vneg.f32
ARM_EABI	2651	vnegrsvd.f32
ARM_EABI	2652	vnegeq.f64
ARM_EABI	2653	vnegne.f64
ARM_EABI	2654	vnegcs.f64
ARM_EABI	2655	vnegcc.f64
ARM_EABI	2656	vnegmi.f64
ARM_EABI	2657	vnegpl.f64
ARM_EABI	2658	vnegvs.f64
ARM_EABI	2659	vnegvc.f64
ARM_EABI	2660	vneghi.f64
ARM_EABI	2661	vnegls.f64
ARM_EABI	2662	vnegge.f64
ARM_EABI	2663	vneglt.f64
ARM_EABI	2664	vneggt.f64
ARM_EABI	2665	vnegle.f64
ARM_EABI	2666	vneg.f64
ARM_EABI	2667	vnegrsvd.f64
ARM_EABI	2668	vabseq.f32
ARM_EABI	2669	vabsne.f32
ARM_EABI	2670	vabscs.f32
ARM_EABI	2671	vabscc.f32
ARM_EABI	2672	vabsmi.f32
ARM_EABI	2673	vabspl.f32
ARM_EABI	2674	vabsvs.f32
ARM_EABI	2675	vabsvc.f32
ARM_EABI	2676	vabshi.f32
ARM_EABI	2677	vabsls.f32
ARM_EABI	2678	vabsge.f32
ARM_EABI	2679	vabslt.f32
ARM_EABI	2680	vabsgt.f32
ARM_EABI	2681	vabsle.f32
ARM_EABI	2682	vabs.f32
ARM_EABI	2683	vabsrsvd.f32
ARM_EABI	2684	vabseq.f64
ARM_EABI	2685	vabsne.f64
ARM_EABI	2686	vabscs.f64
ARM_EABI	2687	vabscc.f64
ARM_EABI	2688	vabsmi.f64
ARM_EABI	2689	vabspl.f64
ARM_EABI	2690	vabsvs.f64
ARM_EABI	2691	vabsvc.f64
ARM_EABI	2692	vabshi.f64
ARM_EABI	2693	vabsls.f64
ARM_EABI	2694	vabsge.f64
ARM_EABI	2695	vabslt.f64
ARM_EABI	2696	vabsgt.f64
ARM_EABI	2697	vabsle.f64
ARM_EABI	2698	vabs.f64
ARM_EABI	2699	vabsrsvd.f64
ARM_EABI	2700	vsqrteq.f32
ARM_EABI	2701	vsqrtne.f32
ARM_EABI	2702	vsqrtcs.f32
ARM_EABI	2703	vsqrtcc.f32
ARM_EABI	2704	vsqrtmi.f32
ARM_EABI	2705	vsqrtpl.f32
ARM_EABI	2706	vsqrtvs.f32
ARM_EABI	2707	vsqrtvc.f32
ARM_EABI	2708	vsqrthi.f32
ARM_EABI	2709	vsqrtls.f32
ARM_EABI	2710	vsqrtge.f32
ARM_EABI	2711	vsqrtlt.f32
ARM_EABI	2712	vsqrtgt.f32
ARM_EABI	2713	vsqrtle.f32
ARM_EABI	2714	vsqrt.f32
ARM_EABI	2715	vsqrtrsvd.f32
ARM_EABI	2716	vsqrteq.f64
ARM_EABI	2717	vsqrtne.f64
ARM_EABI	2718	vsqrtcs.f64
ARM_EABI	2719	vsqrtcc.f64
ARM_EABI	2720	vsqrtmi.f64
ARM_EABI	2721	vsqrtpl.f64
ARM_EABI	2722	vsqrtvs.f64
ARM_EABI	2723	vsqrtvc.f64
ARM_EABI	2724	vsqrthi.f64
ARM_EABI	2725	vsqrtls.f64
ARM_EABI	2726	vsqrtge.f64
ARM_EABI	2727	vsqrtlt.f64
ARM_EABI	2728	vsqrtgt.f64
ARM_EABI	2729	vsqrtle.f64
ARM_EABI	2730	vsqrt.f64
ARM_EABI	2731	vsqrtrsvd.f64
ARM_EABI	2732	vcmpeq.f32
ARM_EABI	2733	vcmpne.f32
ARM_EABI	2734	vcmpcs.f32
ARM_EABI	2735	vcmpcc.f32
ARM_EABI	2736	vcmpmi.f32
ARM_EABI	2737	vcmppl.f32
ARM_EABI	2738	vcmpvs.f32
ARM_EABI	2739	vcmpvc.f32
ARM_EABI	2740	vcmphi.f32
ARM_EABI	2741	vcmpls.f32
ARM_EABI	2742	vcmpge.f32
ARM_EABI	2743	vcmplt.f32
ARM_EABI	2744	vcmpgt.f32
ARM_EABI	2745	vcmple.f32
ARM_EABI	2746	vcmp.f32
ARM_EABI	2747	vcmprsvd.f32
ARM_EABI	2748	vcmpeq.f64
ARM_EABI	2749	vcmpne.f64
ARM_EABI	2750	vcmpcs.f64
ARM_EABI	2751	vcmpcc.f64
ARM_EABI	2752	vcmpmi.f64
ARM_EABI	2753	vcmppl.f64
ARM_EABI	2754	vcmpvs.f64
ARM_EABI	2755	vcmpvc.f64
ARM_EABI	2756	vcmphi.f64
ARM_EABI	2757	vcmpls.f64
ARM_EABI	2758	vcmpge.f64
ARM_EABI	2759	vcmplt.f64
ARM_EABI	2760	vcmpgt.f64
ARM_EABI	2761	vcmple.f64
ARM_EABI	2762	vcmp.f64
ARM_EABI	2763	vcmprsvd.f64
ARM_EABI	2764	vcmpeeq.f32
ARM_EABI	2765	vcmpene.f32
ARM_EABI	2766	vcmpecs.f32
ARM_EABI	2767	vcmpecc.f32
ARM_EABI	2768	vcmpemi.f32
ARM_EABI	2769	vcmpepl.f32
ARM_EABI	2770	vcmpevs.f32
ARM_EABI	2771	vcmpevc.f32
ARM_EABI	2772	vcmpehi.f32
ARM_EABI	2773	vcmpels.f32
ARM_EABI	2774	vcmpege.f32
ARM_EABI	2775	vcmpelt.f32
ARM_EABI	2776	vcmpegt.f32
ARM_EABI	2777	vcmpele.f32
ARM_EABI	2778	vcmpe.f32
ARM_EABI	2779	vcmpersvd.f32
ARM_EABI	2780	vcmpeeq.f64
ARM_EABI	2781	vcmpene.f64
ARM_EABI	2782	vcmpecs.f64
ARM_EABI	2783	vcmpecc.f64
ARM_EABI	2784	vcmpemi.f64
ARM_EABI	2785	vcmpepl.f64
ARM_EABI	2786	vcmpevs.f64
ARM_EABI	2787	vcmpevc.f64
ARM_EABI	2788	vcmpehi.f64
ARM_EABI	2789	vcmpels.f64
ARM_EABI	2790	vcmpege.f64
ARM_EABI	2791	vcmpelt.f64
ARM_EABI	2792	vcmpegt.f64
ARM_EABI	2793	vcmpele.f64
ARM_EABI	2794	vcmpe.f64
ARM_EABI	2795	vcmpersvd.f64
ARM_EABI	2796	vmoveq.f32
ARM_EABI	2797	vmovne.f32
ARM_EABI	2798	vmovcs.f32
ARM_EABI	2799	vmovcc.f32
ARM_EABI	2800	vmovmi.f32
ARM_EABI	2801	vmovpl.f32
ARM_EABI	2802	vmovvs.f32
ARM_EABI	2803	vmovvc.f32
ARM_EABI	2804	vmovhi.f32
ARM_EABI	2805	vmovls.f32
ARM_EABI	2806	vmovge.f32
ARM_EABI	2807	vmovlt.f32
ARM_EABI	2808	vmovgt.f32
ARM_EABI	2809	vmovle.f32
ARM_EABI	2810	vmov.f32
ARM_EABI	2811	vmovrsvd.f32
ARM_EABI	2812	vmoveq.f64
ARM_EABI	2813	vmovne.f64
ARM_EABI	2814	vmovcs.f64
ARM_EABI	2815	vmovcc.f64
ARM_EABI	2816	vmovmi.f64
ARM_EABI	2817	vmovpl.f64
ARM_EABI	2818	vmovvs.f64
ARM_EABI	2819	vmovvc.f64
ARM_EABI	2820	vmovhi.f64
ARM_EABI	2821	vmovls.f64
ARM_EABI	2822	vmovge.f64
ARM_EABI	2823	vmovlt.f64
ARM_EABI	2824	vmovgt.f64
ARM_EABI	2825	vmovle.f64
ARM_EABI	2826	vmov.f64
ARM_EABI	2827	vmovrsvd.f64
ARM_EABI	2828	vcvtreq.s32.f64
ARM_EABI	2829	vcvtrne.s32.f64
ARM_EABI	2830	vcvtrcs.s32.f64
ARM_EABI	2831	vcvtrcc.s32.f64
ARM_EABI	2832	vcvtrmi.s32.f64
ARM_EABI	2833	vcvtrpl.s32.f64
ARM_EABI	2834	vcvtrvs.s32.f64
ARM_EABI	2835	vcvtrvc.s32.f64
ARM_EABI	2836	vcvtrhi.s32.f64
ARM_EABI	2837	vcvtrls.s32.f64
ARM_EABI	2838	vcvtrge.s32.f64
ARM_EABI	2839	vcvtrlt.s32.f64
ARM_EABI	2840	vcvtrgt.s32.f64
ARM_EABI	2841	vcvtrle.s32.f64
ARM_EABI	2842	vcvtr.s32.f64
ARM_EABI	2843	vcvtrrsvd.s32.f64
ARM_EABI	2844	vcvtreq.s32.f32
ARM_EABI	2845	vcvtrne.s32.f32
ARM_EABI	2846	vcvtrcs.s32.f32
ARM_EABI	2847	vcvtrcc.s32.f32
ARM_EABI	2848	vcvtrmi.s32.f32
ARM_EABI	2849	vcvtrpl.s32.f32
ARM_EABI	2850	vcvtrvs.s32.f32
ARM_EABI	2851	vcvtrvc.s32.f32
ARM_EABI	2852	vcvtrhi.s32.f32
ARM_EABI	2853	vcvtrls.s32.f32
ARM_EABI	2854	vcvtrge.s32.f32
ARM_EABI	2855	vcvtrlt.s32.f32
ARM_EABI	2856	vcvtrgt.s32.f32
ARM_EABI	2857	vcvtrle.s32.f32
ARM_EABI	2858	vcvtr.s32.f32
ARM_EABI	2859	vcvtrrsvd.s32.f32
ARM_EABI	2860	vcvtreq.u32.f64
ARM_EABI	2861	vcvtrne.u32.f64
ARM_EABI	2862	vcvtrcs.u32.f64
ARM_EABI	2863	vcvtrcc.u32.f64
ARM_EABI	2864	vcvtrmi.u32.f64
ARM_EABI	2865	vcvtrpl.u32.f64
ARM_EABI	2866	vcvtrvs.u32.f64
ARM_EABI	2867	vcvtrvc.u32.f64
ARM_EABI	2868	vcvtrhi.u32.f64
ARM_EABI	2869	vcvtrls.u32.f64
ARM_EABI	2870	vcvtrge.u32.f64
ARM_EABI	2871	vcvtrlt.u32.f64
ARM_EABI	2872	vcvtrgt.u32.f64
ARM_EABI	2873	vcvtrle.u32.f64
ARM_EABI	2874	vcvtr.u32.f64
ARM_EABI	2875	vcvtrrsvd.u32.f64
ARM_EABI	2876	vcvtreq.u32.f32
ARM_EABI	2877	vcvtrne.u32.f32
ARM_EABI	2878	vcvtrcs.u32.f32
ARM_EABI	2879	vcvtrcc.u32.f32
ARM_EABI	2880	vcvtrmi.u32.f32
ARM_EABI	2881	vcvtrpl.u32.f32
ARM_EABI	2882	vcvtrvs.u32.f32
ARM_EABI	2883	vcvtrvc.u32.f32
ARM_EABI	2884	vcvtrhi.u32.f32
ARM_EABI	2885	vcvtrls.u32.f32
ARM_EABI	2886	vcvtrge.u32.f32
ARM_EABI	2887	vcvtrlt.u32.f32
ARM_EABI	2888	vcvtrgt.u32.f32
ARM_EABI	2889	vcvtrle.u32.f32
ARM_EABI	2890	vcvtr.u32.f32
ARM_EABI	2891	vcvtrrsvd.u32.f32
ARM_EABI	2892	vcvteq.s32.f64
ARM_EABI	2893	vcvtne.s32.f64
ARM_EABI	2894	vcvtcs.s32.f64
ARM_EABI	2895	vcvtcc.s32.f64
ARM_EABI	2896	vcvtmi.s32.f64
ARM_EABI	2897	vcvtpl.s32.f64
ARM_EABI	2898	vcvtvs.s32.f64
ARM_EABI	2899	vcvtvc.s32.f64
ARM_EABI	2900	vcvthi.s32.f64
ARM_EABI	2901	vcvtls.s32.f64
ARM_EABI	2902	vcvtge.s32.f64
ARM_EABI	2903	vcvtlt.s32.f64
ARM_EABI	2904	vcvtgt.s32.f64
ARM_EABI	2905	vcvtle.s32.f64
ARM_EABI	2906	vcvt.s32.f64
ARM_EABI	2907	vcvtrsvd.s32.f64
ARM_EABI	2908	vcvteq.s32.f32
ARM_EABI	2909	vcvtne.s32.f32
ARM_EABI	2910	vcvtcs.s32.f32
ARM_EABI	2911	vcvtcc.s32.f32
ARM_EABI	2912	vcvtmi.s32.f32
ARM_EABI	2913	vcvtpl.s32.f32
ARM_EABI	2914	vcvtvs.s32.f32
ARM_EABI	2915	vcvtvc.s32.f32
ARM_EABI	2916	vcvthi.s32.f32
ARM_EABI	2917	vcvtls.s32.f32
ARM_EABI	2918	vcvtge.s32.f32
ARM_EABI	2919	vcvtlt.s32.f32
ARM_EABI	2920	vcvtgt.s32.f32
ARM_EABI	2921	vcvtle.s32.f32
ARM_EABI	2922	vcvt.s32.f32
ARM_EABI	2923	vcvtrsvd.s32.f32
ARM_EABI	2924	vcvteq.u32.f64
ARM_EABI	2925	vcvtne.u32.f64
ARM_EABI	2926	vcvtcs.u32.f64
ARM_EABI	2927	vcvtcc.u32.f64
ARM_EABI	2928	vcvtmi.u32.f64
ARM_EABI	2929	vcvtpl.u32.f64
ARM_EABI	2930	vcvtvs.u32.f64
ARM_EABI	2931	vcvtvc.u32.f64
ARM_EABI	2932	vcvthi.u32.f64
ARM_EABI	2933	vcvtls.u32.f64
ARM_EABI	2934	vcvtge.u32.f64
ARM_EABI	2935	vcvtlt.u32.f64
ARM_EABI	2936	vcvtgt.u32.f64
ARM_EABI	2937	vcvtle.u32.f64
ARM_EABI	2938	vcvt.u32.f64
ARM_EABI	2939	vcvtrsvd.u32.f64
ARM_EABI	2940	vcvteq.u32.f32
ARM_EABI	2941	vcvtne.u32.f32
ARM_EABI	2942	vcvtcs.u32.f32
ARM_EABI	2943	vcvtcc.u32.f32
ARM_EABI	2944	vcvtmi.u32.f32
ARM_EABI	2945	vcvtpl.u32.f32
ARM_EABI	2946	vcvtvs.u32.f32
ARM_EABI	2947	vcvtvc.u32.f32
ARM_EABI	2948	vcvthi.u32.f32
ARM_EABI	2949	vcvtls.u32.f32
ARM_EABI	2950	vcvtge.u32.f32
ARM_EABI	2951	vcvtlt.u32.f32
ARM_EABI	2952	vcvtgt.u32.f32
ARM_EABI	2953	vcvtle.u32.f32
ARM_EABI	2954	vcvt.u32.f32
ARM_EABI	2955	vcvtrsvd.u32.f32
ARM_EABI	2956	vcvteq.f64.s32
ARM_EABI	2957	vcvtne.f64.s32
ARM_EABI	2958	vcvtcs.f64.s32
ARM_EABI	2959	vcvtcc.f64.s32
ARM_EABI	2960	vcvtmi.f64.s32
ARM_EABI	2961	vcvtpl.f64.s32
ARM_EABI	2962	vcvtvs.f64.s32
ARM_EABI	2963	vcvtvc.f64.s32
ARM_EABI	2964	vcvthi.f64.s32
ARM_EABI	2965	vcvtls.f64.s32
ARM_EABI	2966	vcvtge.f64.s32
ARM_EABI	2967	vcvtlt.f64.s32
ARM_EABI	2968	vcvtgt.f64.s32
ARM_EABI	2969	vcvtle.f64.s32
ARM_EABI	2970	vcvt.f64.s32
ARM_EABI	2971	vcvtrsvd.f64.s32
ARM_EABI	2972	vcvteq.f32.s32
ARM_EABI	2973	vcvtne.f32.s32
ARM_EABI	2974	vcvtcs.f32.s32
ARM_EABI	2975	vcvtcc.f32.s32
ARM_EABI	2976	vcvtmi.f32.s32
ARM_EABI	2977	vcvtpl.f32.s32
ARM_EABI	2978	vcvtvs.f32.s32
ARM_EABI	2979	vcvtvc.f32.s32
ARM_EABI	2980	vcvthi.f32.s32
ARM_EABI	2981	vcvtls.f32.s32
ARM_EABI	2982	vcvtge.f32.s32
ARM_EABI	2983	vcvtlt.f32.s32
ARM_EABI	2984	vcvtgt.f32.s32
ARM_EABI	2985	vcvtle.f32.s32
ARM_EABI	2986	vcvt.f32.s32
ARM_EABI	2987	vcvtrsvd.f32.s32
ARM_EABI	2988	vcvteq.f64.u32
ARM_EABI	2989	vcvtne.f64.u32
ARM_EABI	2990	vcvtcs.f64.u32
ARM_EABI	2991	vcvtcc.f64.u32
ARM_EABI	2992	vcvtmi.f64.u32
ARM_EABI	2993	vcvtpl.f64.u32
ARM_EABI	2994	vcvtvs.f64.u32
ARM_EABI	2995	vcvtvc.f64.u32
ARM_EABI	2996	vcvthi.f64.u32
ARM_EABI	2997	vcvtls.f64.u32
ARM_EABI	2998	vcvtge.f64.u32
ARM_EABI	2999	vcvtlt.f64.u32
ARM_EABI	3000	vcvtgt.f64.u32
ARM_EABI	3001	vcvtle.f64.u32
ARM_EABI	3002	vcvt.f64.u32
ARM_EABI	3003	vcvtrsvd.f64.u32
ARM_EABI	3004	vcvteq.f32.u32
ARM_EABI	3005	vcvtne.f32.u32
ARM_EABI	3006	vcvtcs.f32.u32
ARM_EABI	3007	vcvtcc.f32.u32
ARM_EABI	3008	vcvtmi.f32.u32
ARM_EABI	3009	vcvtpl.f32.u32
ARM_EABI	3010	vcvtvs.f32.u32
ARM_EABI	3011	vcvtvc.f32.u32
ARM_EABI	3012	vcvthi.f32.u32
ARM_EABI	3013	vcvtls.f32.u32
ARM_EABI	3014	vcvtge.f32.u32
ARM_EABI	3015	vcvtlt.f32.u32
ARM_EABI	3016	vcvtgt.f32.u32
ARM_EABI	3017	vcvtle.f32.u32
ARM_EABI	3018	vcvt.f32.u32
ARM_EABI	3019	vcvtrsvd.f32.u32
ARM_EABI	3020	vcvteq.f64.f32
ARM_EABI	3021	vcvtne.f64.f32
ARM_EABI	3022	vcvtcs.f64.f32
ARM_EABI	3023	vcvtcc.f64.f32
ARM_EABI	3024	vcvtmi.f64.f32
ARM_EABI	3025	vcvtpl.f64.f32
ARM_EABI	3026	vcvtvs.f64.f32
ARM_EABI	3027	vcvtvc.f64.f32
ARM_EABI	3028	vcvthi.f64.f32
ARM_EABI	3029	vcvtls.f64.f32
ARM_EABI	3030	vcvtge.f64.f32
ARM_EABI	3031	vcvtlt.f64.f32
ARM_EABI	3032	vcvtgt.f64.f32
ARM_EABI	3033	vcvtle.f64.f32
ARM_EABI	3034	vcvt.f64.f32
ARM_EABI	3035	vcvtrsvd.f64.f32
ARM_EABI	3036	vcvteq.f32.f64
ARM_EABI	3037	vcvtne.f32.f64
ARM_EABI	3038	vcvtcs.f32.f64
ARM_EABI	3039	vcvtcc.f32.f64
ARM_EABI	3040	vcvtmi.f32.f64
ARM_EABI	3041	vcvtpl.f32.f64
ARM_EABI	3042	vcvtvs.f32.f64
ARM_EABI	3043	vcvtvc.f32.f64
ARM_EABI	3044	vcvthi.f32.f64
ARM_EABI	3045	vcvtls.f32.f64
ARM_EABI	3046	vcvtge.f32.f64
ARM_EABI	3047	vcvtlt.f32.f64
ARM_EABI	3048	vcvtgt.f32.f64
ARM_EABI	3049	vcvtle.f32.f64
ARM_EABI	3050	vcvt.f32.f64
ARM_EABI	3051	vcvtrsvd.f32.f64
ARM_EABI	3052	vpusheq
ARM_EABI	3053	vpushne
ARM_EABI	3054	vpushcs
ARM_EABI	3055	vpushcc
ARM_EABI	3056	vpushmi
ARM_EABI	3057	vpushpl
ARM_EABI	3058	vpushvs
ARM_EABI	3059	vpushvc
ARM_EABI	3060	vpushhi
ARM_EABI	3061	vpushls
ARM_EABI	3062	vpushge
ARM_EABI	3063	vpushlt
ARM_EABI	3064	vpushgt
ARM_EABI	3065	vpushle
ARM_EABI	3066	vpush
ARM_EABI	3067	vpushrsvd
ARM_EABI	3068	vpopeq
ARM_EABI	3069	vpopne
ARM_EABI	3070	vpopcs
ARM_EABI	3071	vpopcc
ARM_EABI	3072	vpopmi
ARM_EABI	3073	vpoppl
ARM_EABI	3074	vpopvs
ARM_EABI	3075	vpopvc
ARM_EABI	3076	vpophi
ARM_EABI	3077	vpopls
ARM_EABI	3078	vpopge
ARM_EABI	3079	vpoplt
ARM_EABI	3080	vpopgt
ARM_EABI	3081	vpople
ARM_EABI	3082	vpop
ARM_EABI	3083	vpoprsvd
ARM_EABI	3084	vldmeq
ARM_EABI	3085	vldmne
ARM_EABI	3086	vldmcs
ARM_EABI	3087	vldmcc
ARM_EABI	3088	vldmmi
ARM_EABI	3089	vldmpl
ARM_EABI	3090	vldmvs
ARM_EABI	3091	vldmvc
ARM_EABI	3092	vldmhi
ARM_EABI	3093	vldmls
ARM_EABI	3094	vldmge
ARM_EABI	3095	vldmlt
ARM_EABI	3096	vldmgt
ARM_EABI	3097	vldmle
ARM_EABI	3098	vldm
ARM_EABI	3099	vldmrsvd
ARM_EABI	3100	vldmiaeq
ARM_EABI	3101	vldmiane
ARM_EABI	3102	vldmiacs
ARM_EABI	3103	vldmiacc
ARM_EABI	3104	vldmiami
ARM_EABI	3105	vldmiapl
ARM_EABI	3106	vldmiavs
ARM_EABI	3107	vldmiavc
ARM_EABI	3108	vldmiahi
ARM_EABI	3109	vldmials
ARM_EABI	3110	vldmiage
ARM_EABI	3111	vldmialt
ARM_EABI	3112	vldmiagt
ARM_EABI	3113	vldmiale
ARM_EABI	3114	vldmia
ARM_EABI	3115	vldmiarsvd
ARM_EABI	3116	vldmdbeq
ARM_EABI	3117	vldmdbne
ARM_EABI	3118	vldmdbcs
ARM_EABI	3119	vldmdbcc
ARM_EABI	3120	vldmdbmi
ARM_EABI	3121	vldmdbpl
ARM_EABI	3122	vldmdbvs
ARM_EABI	3123	vldmdbvc
ARM_EABI	3124	vldmdbhi
ARM_EABI	3125	vldmdbls
ARM_EABI	3126	vldmdbge
ARM_EABI	3127	vldmdblt
ARM_EABI	3128	vldmdbgt
ARM_EABI	3129	vldmdble
ARM_EABI	3130	vldmdb
ARM_EABI	3131	vldmdbrsvd
ARM_EABI	3132	vstmeq
ARM_EABI	3133	vstmne
ARM_EABI	3134	vstmcs
ARM_EABI	3135	vstmcc
ARM_EABI	3136	vstmmi
ARM_EABI	3137	vstmpl
ARM_EABI	3138	vstmvs
ARM_EABI	3139	vstmvc
ARM_EABI	3140	vstmhi
ARM_EABI	3141	vstmls
ARM_EABI	3142	vstmge
ARM_EABI	3143	vstmlt
ARM_EABI	3144	vstmgt
ARM_EABI	3145	vstmle
ARM_EABI	3146	vstm
ARM_EABI	3147	vstmrsvd
ARM_EABI	3148	vstmiaeq
ARM_EABI	3149	vstmiane
ARM_EABI	3150	vstmiacs
ARM_EABI	3151	vstmiacc
ARM_EABI	3152	vstmiami
ARM_EABI	3153	vstmiapl
ARM_EABI	3154	vstmiavs
ARM_EABI	3155	vstmiavc
ARM_EABI	3156	vstmiahi
ARM_EABI	3157	vstmials
ARM_EABI	3158	vstmiage
ARM_EABI	3159	vstmialt
ARM_EABI	3160	vstmiagt
ARM_EABI	3161	vstmiale
ARM_EABI	3162	vstmia
ARM_EABI	3163	vstmiarsvd
ARM_EABI	3164	vstmdbeq
ARM_EABI	3165	vstmdbne
ARM_EABI	3166	vstmdbcs
ARM_EABI	3167	vstmdbcc
ARM_EABI	3168	vstmdbmi
ARM_EABI	3169	vstmdbpl
ARM_EABI	3170	vstmdbvs
ARM_EABI	3171	vstmdbvc
ARM_EABI	3172	vstmdbhi
ARM_EABI	3173	vstmdbls
ARM_EABI	3174	vstmdbge
ARM_EABI	3175	vstmdblt
ARM_EABI	3176	vstmdbgt
ARM_EABI	3177	vstmdble
ARM_EABI	3178	vstmdb
ARM_EABI	3179	vstmdbrsvd
ARM_EABI	3180	vmsreq
ARM_EABI	3181	vmsrne
ARM_EABI	3182	vmsrcs
ARM_EABI	3183	vmsrcc
ARM_EABI	3184	vmsrmi
ARM_EABI	3185	vmsrpl
ARM_EABI	3186	vmsrvs
ARM_EABI	3187	vmsrvc
ARM_EABI	3188	vmsrhi
ARM_EABI	3189	vmsrls
ARM_EABI	3190	vmsrge
ARM_EABI	3191	vmsrlt
ARM_EABI	3192	vmsrgt
ARM_EABI	3193	vmsrle
ARM_EABI	3194	vmsr
ARM_EABI	3195	vmsrrsvd
ARM_EABI	3196	vmrseq
ARM_EABI	3197	vmrsne
ARM_EABI	3198	vmrscs
ARM_EABI	3199	vmrscc
ARM_EABI	3200	vmrsmi
ARM_EABI	3201	vmrspl
ARM_EABI	3202	vmrsvs
ARM_EABI	3203	vmrsvc
ARM_EABI	3204	vmrshi
ARM_EABI	3205	vmrsls
ARM_EABI	3206	vmrsge
ARM_EABI	3207	vmrslt
ARM_EABI	3208	vmrsgt
ARM_EABI	3209	vmrsle
ARM_EABI	3210	vmrs
ARM_EABI	3211	vmrsrsvd
ARM_EABI	FIRST_IDENTIFIER	3212
ARM_EABI_PE	256	if
ARM_EABI_PE	257	else
ARM_EABI_PE	258	while
ARM_EABI_PE	259	for
ARM_EABI_PE	260	do
ARM_EABI_PE	261	continue
ARM_EABI_PE	262	break
ARM_EABI_PE	263	return
ARM_EABI_PE	264	goto
ARM_EABI_PE	265	switch
ARM_EABI_PE	266	case
ARM_EABI_PE	267	default
ARM_EABI_PE	268	asm
ARM_EABI_PE	269	__asm
ARM_EABI_PE	270	__asm__
ARM_EABI_PE	271	extern
ARM_EABI_PE	272	static
ARM_EABI_PE	273	unsigned
ARM_EABI_PE	274	_Atomic
ARM_EABI_PE	275	const
ARM_EABI_PE	276	__const
ARM_EABI_PE	277	__const__
ARM_EABI_PE	278	volatile
ARM_EABI_PE	279	__volatile
ARM_EABI_PE	280	__volatile__
ARM_EABI_PE	281	register
ARM_EABI_PE	282	signed
ARM_EABI_PE	283	__signed
ARM_EABI_PE	284	__signed__
ARM_EABI_PE	285	auto
ARM_EABI_PE	286	inline
ARM_EABI_PE	287	__inline
ARM_EABI_PE	288	__inline__
ARM_EABI_PE	289	restrict
ARM_EABI_PE	290	__restrict
ARM_EABI_PE	291	__restrict__
ARM_EABI_PE	292	__extension__
ARM_EABI_PE	293	_Thread_local
ARM_EABI_PE	294	__thread
ARM_EABI_PE	295	_Generic
ARM_EABI_PE	296	_Static_assert
ARM_EABI_PE	297	void
ARM_EABI_PE	298	char
ARM_EABI_PE	299	int
ARM_EABI_PE	300	float
ARM_EABI_PE	301	double
ARM_EABI_PE	302	_Bool
ARM_EABI_PE	303	_Complex
ARM_EABI_PE	304	short
ARM_EABI_PE	305	long
ARM_EABI_PE	306	struct
ARM_EABI_PE	307	union
ARM_EABI_PE	308	typedef
ARM_EABI_PE	309	enum
ARM_EABI_PE	310	sizeof
ARM_EABI_PE	311	__attribute
ARM_EABI_PE	312	__attribute__
ARM_EABI_PE	313	__alignof
ARM_EABI_PE	314	__alignof__
ARM_EABI_PE	315	_Alignof
ARM_EABI_PE	316	_Alignas
ARM_EABI_PE	317	typeof
ARM_EABI_PE	318	__typeof
ARM_EABI_PE	319	__typeof__
ARM_EABI_PE	320	__label__
ARM_EABI_PE	321	define
ARM_EABI_PE	322	include
ARM_EABI_PE	323	include_next
ARM_EABI_PE	324	ifdef
ARM_EABI_PE	325	ifndef
ARM_EABI_PE	326	elif
ARM_EABI_PE	327	endif
ARM_EABI_PE	328	defined
ARM_EABI_PE	329	undef
ARM_EABI_PE	330	error
ARM_EABI_PE	331	warning
ARM_EABI_PE	332	line
ARM_EABI_PE	333	pragma
ARM_EABI_PE	334	__LINE__
ARM_EABI_PE	335	__FILE__
ARM_EABI_PE	336	__DATE__
ARM_EABI_PE	337	__TIME__
ARM_EABI_PE	338	__FUNCTION__
ARM_EABI_PE	339	__VA_ARGS__
ARM_EABI_PE	340	__COUNTER__
ARM_EABI_PE	341	__has_include
ARM_EABI_PE	342	__has_include_next
ARM_EABI_PE	343	__func__
ARM_EABI_PE	344	__nan__
ARM_EABI_PE	345	__snan__
ARM_EABI_PE	346	__inf__
ARM_EABI_PE	347	section
ARM_EABI_PE	348	__section__
ARM_EABI_PE	349	aligned
ARM_EABI_PE	350	__aligned__
ARM_EABI_PE	351	packed
ARM_EABI_PE	352	__packed__
ARM_EABI_PE	353	weak
ARM_EABI_PE	354	__weak__
ARM_EABI_PE	355	alias
ARM_EABI_PE	356	__alias__
ARM_EABI_PE	357	used
ARM_EABI_PE	358	__used__
ARM_EABI_PE	359	unused
ARM_EABI_PE	360	__unused__
ARM_EABI_PE	361	format
ARM_EABI_PE	362	__format__
ARM_EABI_PE	363	nodebug
ARM_EABI_PE	364	__nodebug__
ARM_EABI_PE	365	cdecl
ARM_EABI_PE	366	__cdecl
ARM_EABI_PE	367	__cdecl__
ARM_EABI_PE	368	stdcall
ARM_EABI_PE	369	__stdcall
ARM_EABI_PE	370	__stdcall__
ARM_EABI_PE	371	fastcall
ARM_EABI_PE	372	__fastcall
ARM_EABI_PE	373	__fastcall__
ARM_EABI_PE	374	thiscall
ARM_EABI_PE	375	__thiscall
ARM_EABI_PE	376	__thiscall__
ARM_EABI_PE	377	regparm
ARM_EABI_PE	378	__regparm__
ARM_EABI_PE	379	cleanup
ARM_EABI_PE	380	__cleanup__
ARM_EABI_PE	381	constructor
ARM_EABI_PE	382	__constructor__
ARM_EABI_PE	383	destructor
ARM_EABI_PE	384	__destructor__
ARM_EABI_PE	385	always_inline
ARM_EABI_PE	386	__always_inline__
ARM_EABI_PE	387	__noinline__
ARM_EABI_PE	388	pure
ARM_EABI_PE	389	__pure__
ARM_EABI_PE	390	__mode__
ARM_EABI_PE	391	__QI__
ARM_EABI_PE	392	__DI__
ARM_EABI_PE	393	__HI__
ARM_EABI_PE	394	__SI__
ARM_EABI_PE	395	__word__
ARM_EABI_PE	396	dllexport
ARM_EABI_PE	397	dllimport
ARM_EABI_PE	398	nodecorate
ARM_EABI_PE	399	noreturn
ARM_EABI_PE	400	__noreturn__
ARM_EABI_PE	401	_Noreturn
ARM_EABI_PE	402	visibility
ARM_EABI_PE	403	__visibility__
ARM_EABI_PE	404	__builtin_types_compatible_p
ARM_EABI_PE	405	__builtin_choose_expr
ARM_EABI_PE	406	__builtin_constant_p
ARM_EABI_PE	407	__builtin_frame_address
ARM_EABI_PE	408	__builtin_return_address
ARM_EABI_PE	409	__builtin_expect
ARM_EABI_PE	410	__builtin_unreachable
ARM_EABI_PE	411	__atomic_store
ARM_EABI_PE	412	__atomic_load
ARM_EABI_PE	413	__atomic_exchange
ARM_EABI_PE	414	__atomic_compare_exchange
ARM_EABI_PE	415	__atomic_fetch_add
ARM_EABI_PE	416	__atomic_fetch_sub
ARM_EABI_PE	417	__atomic_fetch_or
ARM_EABI_PE	418	__atomic_fetch_xor
ARM_EABI_PE	419	__atomic_fetch_and
ARM_EABI_PE	420	__atomic_fetch_nand
ARM_EABI_PE	421	__atomic_add_fetch
ARM_EABI_PE	422	__atomic_sub_fetch
ARM_EABI_PE	423	__atomic_or_fetch
ARM_EABI_PE	424	__atomic_xor_fetch
ARM_EABI_PE	425	__atomic_and_fetch
ARM_EABI_PE	426	__atomic_nand_fetch
ARM_EABI_PE	427	pack
ARM_EABI_PE	428	comment
ARM_EABI_PE	429	lib
ARM_EABI_PE	430	push_macro
ARM_EABI_PE	431	pop_macro
ARM_EABI_PE	432	once
ARM_EABI_PE	433	option
ARM_EABI_PE	434	__aeabi_memcpy
ARM_EABI_PE	435	__aeabi_memmove
ARM_EABI_PE	436	__aeabi_memmove4
ARM_EABI_PE	437	__aeabi_memmove8
ARM_EABI_PE	438	__aeabi_memset
ARM_EABI_PE	439	__aeabi_ldivmod
ARM_EABI_PE	440	__aeabi_uldivmod
ARM_EABI_PE	441	__aeabi_idivmod
ARM_EABI_PE	442	__aeabi_uidivmod
ARM_EABI_PE	443	__aeabi_idiv
ARM_EABI_PE	444	__aeabi_uidiv
ARM_EABI_PE	445	__aeabi_l2f
ARM_EABI_PE	446	__aeabi_l2d
ARM_EABI_PE	447	__aeabi_f2lz
ARM_EABI_PE	448	__aeabi_d2lz
ARM_EABI_PE	449	__aeabi_lasr
ARM_EABI_PE	450	__aeabi_llsr
ARM_EABI_PE	451	__aeabi_llsl
ARM_EABI_PE	452	__aeabi_ul2f
ARM_EABI_PE	453	__aeabi_ul2d
ARM_EABI_PE	454	__aeabi_f2ulz
ARM_EABI_PE	455	__aeabi_d2ulz
ARM_EABI_PE	456	alloca
ARM_EABI_PE	457	__chkstk
ARM_EABI_PE	458	__tls_index
ARM_EABI_PE	459	.byte
ARM_EABI_PE	460	.word
ARM_EABI_PE	461	.align
ARM_EABI_PE	462	.balign
ARM_EABI_PE	463	.p2align
ARM_EABI_PE	464	.set
ARM_EABI_PE	465	.skip
ARM_EABI_PE	466	.space
ARM_EABI_PE	467	.string
ARM_EABI_PE	468	.asciz
ARM_EABI_PE	469	.ascii
ARM_EABI_PE	470	.file
ARM_EABI_PE	471	.globl
ARM_EABI_PE	472	.global
ARM_EABI_PE	473	.weak
ARM_EABI_PE	474	.hidden
ARM_EABI_PE	475	.ident
ARM_EABI_PE	476	.size
ARM_EABI_PE	477	.type
ARM_EABI_PE	478	.text
ARM_EABI_PE	479	.data
ARM_EABI_PE	480	.bss
ARM_EABI_PE	481	.previous
ARM_EABI_PE	482	.pushsection
ARM_EABI_PE	483	.popsection
ARM_EABI_PE	484	.fill
ARM_EABI_PE	485	.rept
ARM_EABI_PE	486	.endr
ARM_EABI_PE	487	.org
ARM_EABI_PE	488	.quad
ARM_EABI_PE	489	.code16
ARM_EABI_PE	490	.code32
ARM_EABI_PE	491	.short
ARM_EABI_PE	492	.long
ARM_EABI_PE	493	.int
ARM_EABI_PE	494	.symver
ARM_EABI_PE	495	.reloc
ARM_EABI_PE	496	.section
ARM_EABI_PE	497	r0
ARM_EABI_PE	498	r1
ARM_EABI_PE	499	r2
ARM_EABI_PE	500	r3
ARM_EABI_PE	501	r4
ARM_EABI_PE	502	r5
ARM_EABI_PE	503	r6
ARM_EABI_PE	504	r7
ARM_EABI_PE	505	r8
ARM_EABI_PE	506	r9
ARM_EABI_PE	507	r10
ARM_EABI_PE	508	r11
ARM_EABI_PE	509	r12
ARM_EABI_PE	510	r13
ARM_EABI_PE	511	r14
ARM_EABI_PE	512	r15
ARM_EABI_PE	513	a1
ARM_EABI_PE	514	a2
ARM_EABI_PE	515	a3
ARM_EABI_PE	516	a4
ARM_EABI_PE	517	v1
ARM_EABI_PE	518	v2
ARM_EABI_PE	519	v3
ARM_EABI_PE	520	v4
ARM_EABI_PE	521	v5
ARM_EABI_PE	522	v6
ARM_EABI_PE	523	v7
ARM_EABI_PE	524	v8
ARM_EABI_PE	525	sb
ARM_EABI_PE	526	sl
ARM_EABI_PE	527	fp
ARM_EABI_PE	528	ip
ARM_EABI_PE	529	sp
ARM_EABI_PE	530	lr
ARM_EABI_PE	531	pc
ARM_EABI_PE	532	p0
ARM_EABI_PE	533	p1
ARM_EABI_PE	534	p2
ARM_EABI_PE	535	p3
ARM_EABI_PE	536	p4
ARM_EABI_PE	537	p5
ARM_EABI_PE	538	p6
ARM_EABI_PE	539	p7
ARM_EABI_PE	540	p8
ARM_EABI_PE	541	p9
ARM_EABI_PE	542	p10
ARM_EABI_PE	543	p11
ARM_EABI_PE	544	p12
ARM_EABI_PE	545	p13
ARM_EABI_PE	546	p14
ARM_EABI_PE	547	p15
ARM_EABI_PE	548	c0
ARM_EABI_PE	549	c1
ARM_EABI_PE	550	c2
ARM_EABI_PE	551	c3
ARM_EABI_PE	552	c4
ARM_EABI_PE	553	c5
ARM_EABI_PE	554	c6
ARM_EABI_PE	555	c7
ARM_EABI_PE	556	c8
ARM_EABI_PE	557	c9
ARM_EABI_PE	558	c10
ARM_EABI_PE	559	c11
ARM_EABI_PE	560	c12
ARM_EABI_PE	561	c13
ARM_EABI_PE	562	c14
ARM_EABI_PE	563	c15
ARM_EABI_PE	564	s0
ARM_EABI_PE	565	s1
ARM_EABI_PE	566	s2
ARM_EABI_PE	567	s3
ARM_EABI_PE	568	s4
ARM_EABI_PE	569	s5
ARM_EABI_PE	570	s6
ARM_EABI_PE	571	s7
ARM_EABI_PE	572	s8
ARM_EABI_PE	573	s9
ARM_EABI_PE	574	s10
ARM_EABI_PE	575	s11
ARM_EABI_PE	576	s12
ARM_EABI_PE	577	s13
ARM_EABI_PE	578	s14
ARM_EABI_PE	579	s15
ARM_EABI_PE	580	s16
ARM_EABI_PE	581	s17
ARM_EABI_PE	582	s18
ARM_EABI_PE	583	s19
ARM_EABI_PE	584	s20
ARM_EABI_PE	585	s21
ARM_EABI_PE	586	s22
ARM_EABI_PE	587	s23
ARM_EABI_PE	588	s24
ARM_EABI_PE	589	s25
ARM_EABI_PE	590	s26
ARM_EABI_PE	591	s27
ARM_EABI_PE	592	s28
ARM_EABI_PE	593	s29
ARM_EABI_PE	594	s30
ARM_EABI_PE	595	s31
ARM_EABI_PE	596	d0
ARM_EABI_PE	597	d1
ARM_EABI_PE	598	d2
ARM_EABI_PE	599	d3
ARM_EABI_PE	600	d4
ARM_EABI_PE	601	d5
ARM_EABI_PE	602	d6
ARM_EABI_PE	603	d7
ARM_EABI_PE	604	d8
ARM_EABI_PE	605	d9
ARM_EABI_PE	606	d10
ARM_EABI_PE	607	d11
ARM_EABI_PE	608	d12
ARM_EABI_PE	609	d13
ARM_EABI_PE	610	d14
ARM_EABI_PE	611	d15
ARM_EABI_PE	612	fpsid
ARM_EABI_PE	613	fpscr
ARM_EABI_PE	614	fpexc
ARM_EABI_PE	615	apsr_nzcv
ARM_EABI_PE	616	asl
ARM_EABI_PE	617	cdp2
ARM_EABI_PE	618	ldc2
ARM_EABI_PE	619	ldc2l
ARM_EABI_PE	620	stc2
ARM_EABI_PE	621	stc2l
ARM_EABI_PE	622	nopeq
ARM_EABI_PE	623	nopne
ARM_EABI_PE	624	nopcs
ARM_EABI_PE	625	nopcc
ARM_EABI_PE	626	nopmi
ARM_EABI_PE	627	noppl
ARM_EABI_PE	628	nopvs
ARM_EABI_PE	629	nopvc
ARM_EABI_PE	630	nophi
ARM_EABI_PE	631	nopls
ARM_EABI_PE	632	nopge
ARM_EABI_PE	633	noplt
ARM_EABI_PE	634	nopgt
ARM_EABI_PE	635	nople
ARM_EABI_PE	636	nop
ARM_EABI_PE	637	noprsvd
ARM_EABI_PE	638	wfeeq
ARM_EABI_PE	639	wfene
ARM_EABI_PE	640	wfecs
ARM_EABI_PE	641	wfecc
ARM_EABI_PE	642	wfemi
ARM_EABI_PE	643	wfepl
ARM_EABI_PE	644	wfevs
ARM_EABI_PE	645	wfevc
ARM_EABI_PE	646	wfehi
ARM_EABI_PE	647	wfels
ARM_EABI_PE	648	wfege
ARM_EABI_PE	649	wfelt
ARM_EABI_PE	650	wfegt
ARM_EABI_PE	651	wfele
ARM_EABI_PE	652	wfe
ARM_EABI_PE	653	wfersvd
ARM_EABI_PE	654	wfieq
ARM_EABI_PE	655	wfine
ARM_EABI_PE	656	wfics
ARM_EABI_PE	657	wficc
ARM_EABI_PE	658	wfimi
ARM_EABI_PE	659	wfipl
ARM_EABI_PE	660	wfivs
ARM_EABI_PE	661	wfivc
ARM_EABI_PE	662	wfihi
ARM_EABI_PE	663	wfils
ARM_EABI_PE	664	wfige
ARM_EABI_PE	665	wfilt
ARM_EABI_PE	666	wfigt
ARM_EABI_PE	667	wfile
ARM_EABI_PE	668	wfi
ARM_EABI_PE	669	wfirsvd
ARM_EABI_PE	670	swieq
ARM_EABI_PE	671	swine
ARM_EABI_PE	672	swics
ARM_EABI_PE	673	swicc
ARM_EABI_PE	674	swimi
ARM_EABI_PE	675	swipl
ARM_EABI_PE	676	swivs
ARM_EABI_PE	677	swivc
ARM_EABI_PE	678	swihi
ARM_EABI_PE	679	swils
ARM_EABI_PE	680	swige
ARM_EABI_PE	681	swilt
ARM_EABI_PE	682	swigt
ARM_EABI_PE	683	swile
ARM_EABI_PE	684	swi
ARM_EABI_PE	685	swirsvd
ARM_EABI_PE	686	svceq
ARM_EABI_PE	687	svcne
ARM_EABI_PE	688	svccs
ARM_EABI_PE	689	svccc
ARM_EABI_PE	690	svcmi
ARM_EABI_PE	691	svcpl
ARM_EABI_PE	692	svcvs
ARM_EABI_PE	693	svcvc
ARM_EABI_PE	694	svchi
ARM_EABI_PE	695	svcls
ARM_EABI_PE	696	svcge
ARM_EABI_PE	697	svclt
ARM_EABI_PE	698	svcgt
ARM_EABI_PE	699	svcle
ARM_EABI_PE	700	svc
ARM_EABI_PE	701	svcrsvd
ARM_EABI_PE	702	clzeq
ARM_EABI_PE	703	clzne
ARM_EABI_PE	704	clzcs
ARM_EABI_PE	705	clzcc
ARM_EABI_PE	706	clzmi
ARM_EABI_PE	707	clzpl
ARM_EABI_PE	708	clzvs
ARM_EABI_PE	709	clzvc
ARM_EABI_PE	710	clzhi
ARM_EABI_PE	711	clzls
ARM_EABI_PE	712	clzge
ARM_EABI_PE	713	clzlt
ARM_EABI_PE	714	clzgt
ARM_EABI_PE	715	clzle
ARM_EABI_PE	716	clz
ARM_EABI_PE	717	clzrsvd
ARM_EABI_PE	718	sxtbeq
ARM_EABI_PE	719	sxtbne
ARM_EABI_PE	720	sxtbcs
ARM_EABI_PE	721	sxtbcc
ARM_EABI_PE	722	sxtbmi
ARM_EABI_PE	723	sxtbpl
ARM_EABI_PE	724	sxtbvs
ARM_EABI_PE	725	sxtbvc
ARM_EABI_PE	726	sxtbhi
ARM_EABI_PE	727	sxtbls
ARM_EABI_PE	728	sxtbge
ARM_EABI_PE	729	sxtblt
ARM_EABI_PE	730	sxtbgt
ARM_EABI_PE	731	sxtble
ARM_EABI_PE	732	sxtb
ARM_EABI_PE	733	sxtbrsvd
ARM_EABI_PE	734	sxtheq
ARM_EABI_PE	735	sxthne
ARM_EABI_PE	736	sxthcs
ARM_EABI_PE	737	sxthcc
ARM_EABI_PE	738	sxthmi
ARM_EABI_PE	739	sxthpl
ARM_EABI_PE	740	sxthvs
ARM_EABI_PE	741	sxthvc
ARM_EABI_PE	742	sxthhi
ARM_EABI_PE	743	sxthls
ARM_EABI_PE	744	sxthge
ARM_EABI_PE	745	sxthlt
ARM_EABI_PE	746	sxthgt
ARM_EABI_PE	747	sxthle
ARM_EABI_PE	748	sxth
ARM_EABI_PE	749	sxthrsvd
ARM_EABI_PE	750	uxtbeq
ARM_EABI_PE	751	uxtbne
ARM_EABI_PE	752	uxtbcs
ARM_EABI_PE	753	uxtbcc
ARM_EABI_PE	754	uxtbmi
ARM_EABI_PE	755	uxtbpl
ARM_EABI_PE	756	uxtbvs
ARM_EABI_PE	757	uxtbvc
ARM_EABI_PE	758	uxtbhi
ARM_EABI_PE	759	uxtbls
ARM_EABI_PE	760	uxtbge
ARM_EABI_PE	761	uxtblt
ARM_EABI_PE	762	uxtbgt
ARM_EABI_PE	763	uxtble
ARM_EABI_PE	764	uxtb
ARM_EABI_PE	765	uxtbrsvd
ARM_EABI_PE	766	uxtheq
ARM_EABI_PE	767	uxthne
ARM_EABI_PE	768	uxthcs
ARM_EABI_PE	769	uxthcc
ARM_EABI_PE	770	uxthmi
ARM_EABI_PE	771	uxthpl
ARM_EABI_PE	772	uxthvs
ARM_EABI_PE	773	uxthvc
ARM_EABI_PE	774	uxthhi
ARM_EABI_PE	775	uxthls
ARM_EABI_PE	776	uxthge
ARM_EABI_PE	777	uxthlt
ARM_EABI_PE	778	uxthgt
ARM_EABI_PE	779	uxthle
ARM_EABI_PE	780	uxth
ARM_EABI_PE	781	uxthrsvd
ARM_EABI_PE	782	movteq
ARM_EABI_PE	783	movtne
ARM_EABI_PE	784	movtcs
ARM_EABI_PE	785	movtcc
ARM_EABI_PE	786	movtmi
ARM_EABI_PE	787	movtpl
ARM_EABI_PE	788	movtvs
ARM_EABI_PE	789	movtvc
ARM_EABI_PE	790	movthi
ARM_EABI_PE	791	movtls
ARM_EABI_PE	792	movtge
ARM_EABI_PE	793	movtlt
ARM_EABI_PE	794	movtgt
ARM_EABI_PE	795	movtle
ARM_EABI_PE	796	movt
ARM_EABI_PE	797	movtrsvd
ARM_EABI_PE	798	movweq
ARM_EABI_PE	799	movwne
ARM_EABI_PE	800	movwcs
ARM_EABI_PE	801	movwcc
ARM_EABI_PE	802	movwmi
ARM_EABI_PE	803	movwpl
ARM_EABI_PE	804	movwvs
ARM_EABI_PE	805	movwvc
ARM_EABI_PE	806	movwhi
ARM_EABI_PE	807	movwls
ARM_EABI_PE	808	movwge
ARM_EABI_PE	809	movwlt
ARM_EABI_PE	810	movwgt
ARM_EABI_PE	811	movwle
ARM_EABI_PE	812	movw
ARM_EABI_PE	813	movwrsvd
ARM_EABI_PE	814	muleq
ARM_EABI_PE	815	mulne
ARM_EABI_PE	816	mulcs
ARM_EABI_PE	817	mulcc
ARM_EABI_PE	818	mulmi
ARM_EABI_PE	819	mulpl
ARM_EABI_PE	820	mulvs
ARM_EABI_PE	821	mulvc
ARM_EABI_PE	822	mulhi
ARM_EABI_PE	823	mulls
ARM_EABI_PE	824	mulge
ARM_EABI_PE	825	mullt
ARM_EABI_PE	826	mulgt
ARM_EABI_PE	827	mulle
ARM_EABI_PE	828	mul
ARM_EABI_PE	829	mulrsvd
ARM_EABI_PE	830	mulseq
ARM_EABI_PE	831	mulsne
ARM_EABI_PE	832	mulscs
ARM_EABI_PE	833	mulscc
ARM_EABI_PE	834	mulsmi
ARM_EABI_PE	835	mulspl
ARM_EABI_PE	836	mulsvs
ARM_EABI_PE	837	mulsvc
ARM_EABI_PE	838	mulshi
ARM_EABI_PE	839	mulsls
ARM_EABI_PE	840	mulsge
ARM_EABI_PE	841	mulslt
ARM_EABI_PE	842	mulsgt
ARM_EABI_PE	843	mulsle
ARM_EABI_PE	844	muls
ARM_EABI_PE	845	mulsrsvd
ARM_EABI_PE	846	mlaeq
ARM_EABI_PE	847	mlane
ARM_EABI_PE	848	mlacs
ARM_EABI_PE	849	mlacc
ARM_EABI_PE	850	mlami
ARM_EABI_PE	851	mlapl
ARM_EABI_PE	852	mlavs
ARM_EABI_PE	853	mlavc
ARM_EABI_PE	854	mlahi
ARM_EABI_PE	855	mlals
ARM_EABI_PE	856	mlage
ARM_EABI_PE	857	mlalt
ARM_EABI_PE	858	mlagt
ARM_EABI_PE	859	mlale
ARM_EABI_PE	860	mla
ARM_EABI_PE	861	mlarsvd
ARM_EABI_PE	862	mlaseq
ARM_EABI_PE	863	mlasne
ARM_EABI_PE	864	mlascs
ARM_EABI_PE	865	mlascc
ARM_EABI_PE	866	mlasmi
ARM_EABI_PE	867	mlaspl
ARM_EABI_PE	868	mlasvs
ARM_EABI_PE	869	mlasvc
ARM_EABI_PE	870	mlashi
ARM_EABI_PE	871	mlasls
ARM_EABI_PE	872	mlasge
ARM_EABI_PE	873	mlaslt
ARM_EABI_PE	874	mlasgt
ARM_EABI_PE	875	mlasle
ARM_EABI_PE	876	mlas
ARM_EABI_PE	877	mlasrsvd
ARM_EABI_PE	878	smulleq
ARM_EABI_PE	879	smullne
ARM_EABI_PE	880	smullcs
ARM_EABI_PE	881	smullcc
ARM_EABI_PE	882	smullmi
ARM_EABI_PE	883	smullpl
ARM_EABI_PE	884	smullvs
ARM_EABI_PE	885	smullvc
ARM_EABI_PE	886	smullhi
ARM_EABI_PE	887	smullls
ARM_EABI_PE	888	smullge
ARM_EABI_PE	889	smulllt
ARM_EABI_PE	890	smullgt
ARM_EABI_PE	891	smullle
ARM_EABI_PE	892	smull
ARM_EABI_PE	893	smullrsvd
ARM_EABI_PE	894	smullseq
ARM_EABI_PE	895	smullsne
ARM_EABI_PE	896	smullscs
ARM_EABI_PE	897	smullscc
ARM_EABI_PE	898	smullsmi
ARM_EABI_PE	899	smullspl
ARM_EABI_PE	900	smullsvs
ARM_EABI_PE	901	smullsvc
ARM_EABI_PE	902	smullshi
ARM_EABI_PE	903	smullsls
ARM_EABI_PE	904	smullsge
ARM_EABI_PE	905	smullslt
ARM_EABI_PE	906	smullsgt
ARM_EABI_PE	907	smullsle
ARM_EABI_PE	908	smulls
ARM_EABI_PE	909	smullsrsvd
ARM_EABI_PE	910	umulleq
ARM_EABI_PE	911	umullne
ARM_EABI_PE	912	umullcs
ARM_EABI_PE	913	umullcc
ARM_EABI_PE	914	umullmi
ARM_EABI_PE	915	umullpl
ARM_EABI_PE	916	umullvs
ARM_EABI_PE	917	umullvc
ARM_EABI_PE	918	umullhi
ARM_EABI_PE	919	umullls
ARM_EABI_PE	920	umullge
ARM_EABI_PE	921	umulllt
ARM_EABI_PE	922	umullgt
ARM_EABI_PE	923	umullle
ARM_EABI_PE	924	umull
ARM_EABI_PE	925	umullrsvd
ARM_EABI_PE	926	umullseq
ARM_EABI_PE	927	umullsne
ARM_EABI_PE	928	umullscs
ARM_EABI_PE	929	umullscc
ARM_EABI_PE	930	umullsmi
ARM_EABI_PE	931	umullspl
ARM_EABI_PE	932	umullsvs
ARM_EABI_PE	933	umullsvc
ARM_EABI_PE	934	umullshi
ARM_EABI_PE	935	umullsls
ARM_EABI_PE	936	umullsge
ARM_EABI_PE	937	umullslt
ARM_EABI_PE	938	umullsgt
ARM_EABI_PE	939	umullsle
ARM_EABI_PE	940	umulls
ARM_EABI_PE	941	umullsrsvd
ARM_EABI_PE	942	smlaleq
ARM_EABI_PE	943	smlalne
ARM_EABI_PE	944	smlalcs
ARM_EABI_PE	945	smlalcc
ARM_EABI_PE	946	smlalmi
ARM_EABI_PE	947	smlalpl
ARM_EABI_PE	948	smlalvs
ARM_EABI_PE	949	smlalvc
ARM_EABI_PE	950	smlalhi
ARM_EABI_PE	951	smlalls
ARM_EABI_PE	952	smlalge
ARM_EABI_PE	953	smlallt
ARM_EABI_PE	954	smlalgt
ARM_EABI_PE	955	smlalle
ARM_EABI_PE	956	smlal
ARM_EABI_PE	957	smlalrsvd
ARM_EABI_PE	958	smlalseq
ARM_EABI_PE	959	smlalsne
ARM_EABI_PE	960	smlalscs
ARM_EABI_PE	961	smlalscc
ARM_EABI_PE	962	smlalsmi
ARM_EABI_PE	963	smlalspl
ARM_EABI_PE	964	smlalsvs
ARM_EABI_PE	965	smlalsvc
ARM_EABI_PE	966	smlalshi
ARM_EABI_PE	967	smlalsls
ARM_EABI_PE	968	smlalsge
ARM_EABI_PE	969	smlalslt
ARM_EABI_PE	970	smlalsgt
ARM_EABI_PE	971	smlalsle
ARM_EABI_PE	972	smlals
ARM_EABI_PE	973	smlalsrsvd
ARM_EABI_PE	974	umlaleq
ARM_EABI_PE	975	umlalne
ARM_EABI_PE	976	umlalcs
ARM_EABI_PE	977	umlalcc
ARM_EABI_PE	978	umlalmi
ARM_EABI_PE	979	umlalpl
ARM_EABI_PE	980	umlalvs
ARM_EABI_PE	981	umlalvc
ARM_EABI_PE	982	umlalhi
ARM_EABI_PE	983	umlalls
ARM_EABI_PE	984	umlalge
ARM_EABI_PE	985	umlallt
ARM_EABI_PE	986	umlalgt
ARM_EABI_PE	987	umlalle
ARM_EABI_PE	988	umlal
ARM_EABI_PE	989	umlalrsvd
ARM_EABI_PE	990	umlalseq
ARM_EABI_PE	991	umlalsne
ARM_EABI_PE	992	umlalscs
ARM_EABI_PE	993	umlalscc
ARM_EABI_PE	994	umlalsmi
ARM_EABI_PE	995	umlalspl
ARM_EABI_PE	996	umlalsvs
ARM_EABI_PE	997	umlalsvc
ARM_EABI_PE	998	umlalshi
ARM_EABI_PE	999	umlalsls
ARM_EABI_PE	1000	umlalsge
ARM_EABI_PE	1001	umlalslt
ARM_EABI_PE	1002	umlalsgt
ARM_EABI_PE	1003	umlalsle
ARM_EABI_PE	1004	umlals
ARM_EABI_PE	1005	umlalsrsvd
ARM_EABI_PE	1006	mlseq
ARM_EABI_PE	1007	mlsne
ARM_EABI_PE	1008	mlscs
ARM_EABI_PE	1009	mlscc
ARM_EABI_PE	1010	mlsmi
ARM_EABI_PE	1011	mlspl
ARM_EABI_PE	1012	mlsvs
ARM_EABI_PE	1013	mlsvc
ARM_EABI_PE	1014	mlshi
ARM_EABI_PE	1015	mlsls
ARM_EABI_PE	1016	mlsge
ARM_EABI_PE	1017	mlslt
ARM_EABI_PE	1018	mlsgt
ARM_EABI_PE	1019	mlsle
ARM_EABI_PE	1020	mls
ARM_EABI_PE	1021	mlsrsvd
ARM_EABI_PE	1022	udiveq
ARM_EABI_PE	1023	udivne
ARM_EABI_PE	1024	udivcs
ARM_EABI_PE	1025	udivcc
ARM_EABI_PE	1026	udivmi
ARM_EABI_PE	1027	udivpl
ARM_EABI_PE	1028	udivvs
ARM_EABI_PE	1029	udivvc
ARM_EABI_PE	1030	udivhi
ARM_EABI_PE	1031	udivls
ARM_EABI_PE	1032	udivge
ARM_EABI_PE	1033	udivlt
ARM_EABI_PE	1034	udivgt
ARM_EABI_PE	1035	udivle
ARM_EABI_PE	1036	udiv
ARM_EABI_PE	1037	udivrsvd
ARM_EABI_PE	1038	sdiveq
ARM_EABI_PE	1039	sdivne
ARM_EABI_PE	1040	sdivcs
ARM_EABI_PE	1041	sdivcc
ARM_EABI_PE	1042	sdivmi
ARM_EABI_PE	1043	sdivpl
ARM_EABI_PE	1044	sdivvs
ARM_EABI_PE	1045	sdivvc
ARM_EABI_PE	1046	sdivhi
ARM_EABI_PE	1047	sdivls
ARM_EABI_PE	1048	sdivge
ARM_EABI_PE	1049	sdivlt
ARM_EABI_PE	1050	sdivgt
ARM_EABI_PE	1051	sdivle
ARM_EABI_PE	1052	sdiv
ARM_EABI_PE	1053	sdivrsvd
ARM_EABI_PE	1054	ldreq
ARM_EABI_PE	1055	ldrne
ARM_EABI_PE	1056	ldrcs
ARM_EABI_PE	1057	ldrcc
ARM_EABI_PE	1058	ldrmi
ARM_EABI_PE	1059	ldrpl
ARM_EABI_PE	1060	ldrvs
ARM_EABI_PE	1061	ldrvc
ARM_EABI_PE	1062	ldrhi
ARM_EABI_PE	1063	ldrls
ARM_EABI_PE	1064	ldrge
ARM_EABI_PE	1065	ldrlt
ARM_EABI_PE	1066	ldrgt
ARM_EABI_PE	1067	ldrle
ARM_EABI_PE	1068	ldr
ARM_EABI_PE	1069	ldrrsvd
ARM_EABI_PE	1070	ldrbeq
ARM_EABI_PE	1071	ldrbne
ARM_EABI_PE	1072	ldrbcs
ARM_EABI_PE	1073	ldrbcc
ARM_EABI_PE	1074	ldrbmi
ARM_EABI_PE	1075	ldrbpl
ARM_EABI_PE	1076	ldrbvs
ARM_EABI_PE	1077	ldrbvc
ARM_EABI_PE	1078	ldrbhi
ARM_EABI_PE	1079	ldrbls
ARM_EABI_PE	1080	ldrbge
ARM_EABI_PE	1081	ldrblt
ARM_EABI_PE	1082	ldrbgt
ARM_EABI_PE	1083	ldrble
ARM_EABI_PE	1084	ldrb
ARM_EABI_PE	1085	ldrbrsvd
ARM_EABI_PE	1086	streq
ARM_EABI_PE	1087	strne
ARM_EABI_PE	1088	strcs
ARM_EABI_PE	1089	strcc
ARM_EABI_PE	1090	strmi
ARM_EABI_PE	1091	strpl
ARM_EABI_PE	1092	strvs
ARM_EABI_PE	1093	strvc
ARM_EABI_PE	1094	strhi
ARM_EABI_PE	1095	strls
ARM_EABI_PE	1096	strge
ARM_EABI_PE	1097	strlt
ARM_EABI_PE	1098	strgt
ARM_EABI_PE	1099	strle
ARM_EABI_PE	1100	str
ARM_EABI_PE	1101	strrsvd
ARM_EABI_PE	1102	strbeq
ARM_EABI_PE	1103	strbne
ARM_EABI_PE	1104	strbcs
ARM_EABI_PE	1105	strbcc
ARM_EABI_PE	1106	strbmi
ARM_EABI_PE	1107	strbpl
ARM_EABI_PE	1108	strbvs
ARM_EABI_PE	1109	strbvc
ARM_EABI_PE	1110	strbhi
ARM_EABI_PE	1111	strbls
ARM_EABI_PE	1112	strbge
ARM_EABI_PE	1113	strblt
ARM_EABI_PE	1114	strbgt
ARM_EABI_PE	1115	strble
ARM_EABI_PE	1116	strb
ARM_EABI_PE	1117	strbrsvd
ARM_EABI_PE	1118	ldrexeq
ARM_EABI_PE	1119	ldrexne
ARM_EABI_PE	1120	ldrexcs
ARM_EABI_PE	1121	ldrexcc
ARM_EABI_PE	1122	ldrexmi
ARM_EABI_PE	1123	ldrexpl
ARM_EABI_PE	1124	ldrexvs
ARM_EABI_PE	1125	ldrexvc
ARM_EABI_PE	1126	ldrexhi
ARM_EABI_PE	1127	ldrexls
ARM_EABI_PE	1128	ldrexge
ARM_EABI_PE	1129	ldrexlt
ARM_EABI_PE	1130	ldrexgt
ARM_EABI_PE	1131	ldrexle
ARM_EABI_PE	1132	ldrex
ARM_EABI_PE	1133	ldrexrsvd
ARM_EABI_PE	1134	ldrexbeq
ARM_EABI_PE	1135	ldrexbne
ARM_EABI_PE	1136	ldrexbcs
ARM_EABI_PE	1137	ldrexbcc
ARM_EABI_PE	1138	ldrexbmi
ARM_EABI_PE	1139	ldrexbpl
ARM_EABI_PE	1140	ldrexbvs
ARM_EABI_PE	1141	ldrexbvc
ARM_EABI_PE	1142	ldrexbhi
ARM_EABI_PE	1143	ldrexbls
ARM_EABI_PE	1144	ldrexbge
ARM_EABI_PE	1145	ldrexblt
ARM_EABI_PE	1146	ldrexbgt
ARM_EABI_PE	1147	ldrexble
ARM_EABI_PE	1148	ldrexb
ARM_EABI_PE	1149	ldrexbrsvd
ARM_EABI_PE	1150	ldrexheq
ARM_EABI_PE	1151	ldrexhne
ARM_EABI_PE	1152	ldrexhcs
ARM_EABI_PE	1153	ldrexhcc
ARM_EABI_PE	1154	ldrexhmi
ARM_EABI_PE	1155	ldrexhpl
ARM_EABI_PE	1156	ldrexhvs
ARM_EABI_PE	1157	ldrexhvc
ARM_EABI_PE	1158	ldrexhhi
ARM_EABI_PE	1159	ldrexhls
ARM_EABI_PE	1160	ldrexhge
ARM_EABI_PE	1161	ldrexhlt
ARM_EABI_PE	1162	ldrexhgt
ARM_EABI_PE	1163	ldrexhle
ARM_EABI_PE	1164	ldrexh
ARM_EABI_PE	1165	ldrexhrsvd
ARM_EABI_PE	1166	strexeq
ARM_EABI_PE	1167	strexne
ARM_EABI_PE	1168	strexcs
ARM_EABI_PE	1169	strexcc
ARM_EABI_PE	1170	strexmi
ARM_EABI_PE	1171	strexpl
ARM_EABI_PE	1172	strexvs
ARM_EABI_PE	1173	strexvc
ARM_EABI_PE	1174	strexhi
ARM_EABI_PE	1175	strexls
ARM_EABI_PE	1176	strexge
ARM_EABI_PE	1177	strexlt
ARM_EABI_PE	1178	strexgt
ARM_EABI_PE	1179	strexle
ARM_EABI_PE	1180	strex
ARM_EABI_PE	1181	strexrsvd
ARM_EABI_PE	1182	strexbeq
ARM_EABI_PE	1183	strexbne
ARM_EABI_PE	1184	strexbcs
ARM_EABI_PE	1185	strexbcc
ARM_EABI_PE	1186	strexbmi
ARM_EABI_PE	1187	strexbpl
ARM_EABI_PE	1188	strexbvs
ARM_EABI_PE	1189	strexbvc
ARM_EABI_PE	1190	strexbhi
ARM_EABI_PE	1191	strexbls
ARM_EABI_PE	1192	strexbge
ARM_EABI_PE	1193	strexblt
ARM_EABI_PE	1194	strexbgt
ARM_EABI_PE	1195	strexble
ARM_EABI_PE	1196	strexb
ARM_EABI_PE	1197	strexbrsvd
ARM_EABI_PE	1198	strexheq
ARM_EABI_PE	1199	strexhne
ARM_EABI_PE	1200	strexhcs
ARM_EABI_PE	1201	strexhcc
ARM_EABI_PE	1202	strexhmi
ARM_EABI_PE	1203	strexhpl
ARM_EABI_PE	1204	strexhvs
ARM_EABI_PE	1205	strexhvc
ARM_EABI_PE	1206	strexhhi
ARM_EABI_PE	1207	strexhls
ARM_EABI_PE	1208	strexhge
ARM_EABI_PE	1209	strexhlt
ARM_EABI_PE	1210	strexhgt
ARM_EABI_PE	1211	strexhle
ARM_EABI_PE	1212	strexh
ARM_EABI_PE	1213	strexhrsvd
ARM_EABI_PE	1214	ldrheq
ARM_EABI_PE	1215	ldrhne
ARM_EABI_PE	1216	ldrhcs
ARM_EABI_PE	1217	ldrhcc
ARM_EABI_PE	1218	ldrhmi
ARM_EABI_PE	1219	ldrhpl
ARM_EABI_PE	1220	ldrhvs
ARM_EABI_PE	1221	ldrhvc
ARM_EABI_PE	1222	ldrhhi
ARM_EABI_PE	1223	ldrhls
ARM_EABI_PE	1224	ldrhge
ARM_EABI_PE	1225	ldrhlt
ARM_EABI_PE	1226	ldrhgt
ARM_EABI_PE	1227	ldrhle
ARM_EABI_PE	1228	ldrh
ARM_EABI_PE	1229	ldrhrsvd
ARM_EABI_PE	1230	ldrsheq
ARM_EABI_PE	1231	ldrshne
ARM_EABI_PE	1232	ldrshcs
ARM_EABI_PE	1233	ldrshcc
ARM_EABI_PE	1234	ldrshmi
ARM_EABI_PE	1235	ldrshpl
ARM_EABI_PE	1236	ldrshvs
ARM_EABI_PE	1237	ldrshvc
ARM_EABI_PE	1238	ldrshhi
ARM_EABI_PE	1239	ldrshls
ARM_EABI_PE	1240	ldrshge
ARM_EABI_PE	1241	ldrshlt
ARM_EABI_PE	1242	ldrshgt
ARM_EABI_PE	1243	ldrshle
ARM_EABI_PE	1244	ldrsh
ARM_EABI_PE	1245	ldrshrsvd
ARM_EABI_PE	1246	ldrsbeq
ARM_EABI_PE	1247	ldrsbne
ARM_EABI_PE	1248	ldrsbcs
ARM_EABI_PE	1249	ldrsbcc
ARM_EABI_PE	1250	ldrsbmi
ARM_EABI_PE	1251	ldrsbpl
ARM_EABI_PE	1252	ldrsbvs
ARM_EABI_PE	1253	ldrsbvc
ARM_EABI_PE	1254	ldrsbhi
ARM_EABI_PE	1255	ldrsbls
ARM_EABI_PE	1256	ldrsbge
ARM_EABI_PE	1257	ldrsblt
ARM_EABI_PE	1258	ldrsbgt
ARM_EABI_PE	1259	ldrsble
ARM_EABI_PE	1260	ldrsb
ARM_EABI_PE	1261	ldrsbrsvd
ARM_EABI_PE	1262	strheq
ARM_EABI_PE	1263	strhne
ARM_EABI_PE	1264	strhcs
ARM_EABI_PE	1265	strhcc
ARM_EABI_PE	1266	strhmi
ARM_EABI_PE	1267	strhpl
ARM_EABI_PE	1268	strhvs
ARM_EABI_PE	1269	strhvc
ARM_EABI_PE	1270	strhhi
ARM_EABI_PE	1271	strhls
ARM_EABI_PE	1272	strhge
ARM_EABI_PE	1273	strhlt
ARM_EABI_PE	1274	strhgt
ARM_EABI_PE	1275	strhle
ARM_EABI_PE	1276	strh
ARM_EABI_PE	1277	strhrsvd
ARM_EABI_PE	1278	stmdaeq
ARM_EABI_PE	1279	stmdane
ARM_EABI_PE	1280	stmdacs
ARM_EABI_PE	1281	stmdacc
ARM_EABI_PE	1282	stmdami
ARM_EABI_PE	1283	stmdapl
ARM_EABI_PE	1284	stmdavs
ARM_EABI_PE	1285	stmdavc
ARM_EABI_PE	1286	stmdahi
ARM_EABI_PE	1287	stmdals
ARM_EABI_PE	1288	stmdage
ARM_EABI_PE	1289	stmdalt
ARM_EABI_PE	1290	stmdagt
ARM_EABI_PE	1291	stmdale
ARM_EABI_PE	1292	stmda
ARM_EABI_PE	1293	stmdarsvd
ARM_EABI_PE	1294	ldmdaeq
ARM_EABI_PE	1295	ldmdane
ARM_EABI_PE	1296	ldmdacs
ARM_EABI_PE	1297	ldmdacc
ARM_EABI_PE	1298	ldmdami
ARM_EABI_PE	1299	ldmdapl
ARM_EABI_PE	1300	ldmdavs
ARM_EABI_PE	1301	ldmdavc
ARM_EABI_PE	1302	ldmdahi
ARM_EABI_PE	1303	ldmdals
ARM_EABI_PE	1304	ldmdage
ARM_EABI_PE	1305	ldmdalt
ARM_EABI_PE	1306	ldmdagt
ARM_EABI_PE	1307	ldmdale
ARM_EABI_PE	1308	ldmda
ARM_EABI_PE	1309	ldmdarsvd
ARM_EABI_PE	1310	stmeq
ARM_EABI_PE	1311	stmne
ARM_EABI_PE	1312	stmcs
ARM_EABI_PE	1313	stmcc
ARM_EABI_PE	1314	stmmi
ARM_EABI_PE	1315	stmpl
ARM_EABI_PE	1316	stmvs
ARM_EABI_PE	1317	stmvc
ARM_EABI_PE	1318	stmhi
ARM_EABI_PE	1319	stmls
ARM_EABI_PE	1320	stmge
ARM_EABI_PE	1321	stmlt
ARM_EABI_PE	1322	stmgt
ARM_EABI_PE	1323	stmle
ARM_EABI_PE	1324	stm
ARM_EABI_PE	1325	stmrsvd
ARM_EABI_PE	1326	ldmeq
ARM_EABI_PE	1327	ldmne
ARM_EABI_PE	1328	ldmcs
ARM_EABI_PE	1329	ldmcc
ARM_EABI_PE	1330	ldmmi
ARM_EABI_PE	1331	ldmpl
ARM_EABI_PE	1332	ldmvs
ARM_EABI_PE	1333	ldmvc
ARM_EABI_PE	1334	ldmhi
ARM_EABI_PE	1335	ldmls
ARM_EABI_PE	1336	ldmge
ARM_EABI_PE	1337	ldmlt
ARM_EABI_PE	1338	ldmgt
ARM_EABI_PE	1339	ldmle
ARM_EABI_PE	1340	ldm
ARM_EABI_PE	1341	ldmrsvd
ARM_EABI_PE	1342	stmiaeq
ARM_EABI_PE	1343	stmiane
ARM_EABI_PE	1344	stmiacs
ARM_EABI_PE	1345	stmiacc
ARM_EABI_PE	1346	stmiami
ARM_EABI_PE	1347	stmiapl
ARM_EABI_PE	1348	stmiavs
ARM_EABI_PE	1349	stmiavc
ARM_EABI_PE	1350	stmiahi
ARM_EABI_PE	1351	stmials
ARM_EABI_PE	1352	stmiage
ARM_EABI_PE	1353	stmialt
ARM_EABI_PE	1354	stmiagt
ARM_EABI_PE	1355	stmiale
ARM_EABI_PE	1356	stmia
ARM_EABI_PE	1357	stmiarsvd
ARM_EABI_PE	1358	ldmiaeq
ARM_EABI_PE	1359	ldmiane
ARM_EABI_PE	1360	ldmiacs
ARM_EABI_PE	1361	ldmiacc
ARM_EABI_PE	1362	ldmiami
ARM_EABI_PE	1363	ldmiapl
ARM_EABI_PE	1364	ldmiavs
ARM_EABI_PE	1365	ldmiavc
ARM_EABI_PE	1366	ldmiahi
ARM_EABI_PE	1367	ldmials
ARM_EABI_PE	1368	ldmiage
ARM_EABI_PE	1369	ldmialt
ARM_EABI_PE	1370	ldmiagt
ARM_EABI_PE	1371	ldmiale
ARM_EABI_PE	1372	ldmia
ARM_EABI_PE	1373	ldmiarsvd
ARM_EABI_PE	1374	stmdbeq
ARM_EABI_PE	1375	stmdbne
ARM_EABI_PE	1376	stmdbcs
ARM_EABI_PE	1377	stmdbcc
ARM_EABI_PE	1378	stmdbmi
ARM_EABI_PE	1379	stmdbpl
ARM_EABI_PE	1380	stmdbvs
ARM_EABI_PE	1381	stmdbvc
ARM_EABI_PE	1382	stmdbhi
ARM_EABI_PE	1383	stmdbls
ARM_EABI_PE	1384	stmdbge
ARM_EABI_PE	1385	stmdblt
ARM_EABI_PE	1386	stmdbgt
ARM_EABI_PE	1387	stmdble
ARM_EABI_PE	1388	stmdb
ARM_EABI_PE	1389	stmdbrsvd
ARM_EABI_PE	1390	ldmdbeq
ARM_EABI_PE	1391	ldmdbne
ARM_EABI_PE	1392	ldmdbcs
ARM_EABI_PE	1393	ldmdbcc
ARM_EABI_PE	1394	ldmdbmi
ARM_EABI_PE	1395	ldmdbpl
ARM_EABI_PE	1396	ldmdbvs
ARM_EABI_PE	1397	ldmdbvc
ARM_EABI_PE	1398	ldmdbhi
ARM_EABI_PE	1399	ldmdbls
ARM_EABI_PE	1400	ldmdbge
ARM_EABI_PE	1401	ldmdblt
ARM_EABI_PE	1402	ldmdbgt
ARM_EABI_PE	1403	ldmdble
ARM_EABI_PE	1404	ldmdb
ARM_EABI_PE	1405	ldmdbrsvd
ARM_EABI_PE	1406	stmibeq
ARM_EABI_PE	1407	stmibne
ARM_EABI_PE	1408	stmibcs
ARM_EABI_PE	1409	stmibcc
ARM_EABI_PE	1410	stmibmi
ARM_EABI_PE	1411	stmibpl
ARM_EABI_PE	1412	stmibvs
ARM_EABI_PE	1413	stmibvc
ARM_EABI_PE	1414	stmibhi
ARM_EABI_PE	1415	stmibls
ARM_EABI_PE	1416	stmibge
ARM_EABI_PE	1417	stmiblt
ARM_EABI_PE	1418	stmibgt
ARM_EABI_PE	1419	stmible
ARM_EABI_PE	1420	stmib
ARM_EABI_PE	1421	stmibrsvd
ARM_EABI_PE	1422	ldmibeq
ARM_EABI_PE	1423	ldmibne
ARM_EABI_PE	1424	ldmibcs
ARM_EABI_PE	1425	ldmibcc
ARM_EABI_PE	1426	ldmibmi
ARM_EABI_PE	1427	ldmibpl
ARM_EABI_PE	1428	ldmibvs
ARM_EABI_PE	1429	ldmibvc
ARM_EABI_PE	1430	ldmibhi
ARM_EABI_PE	1431	ldmibls
ARM_EABI_PE	1432	ldmibge
ARM_EABI_PE	1433	ldmiblt
ARM_EABI_PE	1434	ldmibgt
ARM_EABI_PE	1435	ldmible
ARM_EABI_PE	1436	ldmib
ARM_EABI_PE	1437	ldmibrsvd
ARM_EABI_PE	1438	ldceq
ARM_EABI_PE	1439	ldcne
ARM_EABI_PE	1440	ldccs
ARM_EABI_PE	1441	ldccc
ARM_EABI_PE	1442	ldcmi
ARM_EABI_PE	1443	ldcpl
ARM_EABI_PE	1444	ldcvs
ARM_EABI_PE	1445	ldcvc
ARM_EABI_PE	1446	ldchi
ARM_EABI_PE	1447	ldcls
ARM_EABI_PE	1448	ldcge
ARM_EABI_PE	1449	ldclt
ARM_EABI_PE	1450	ldcgt
ARM_EABI_PE	1451	ldcle
ARM_EABI_PE	1452	ldc
ARM_EABI_PE	1453	ldcrsvd
ARM_EABI_PE	1454	ldcleq
ARM_EABI_PE	1455	ldclne
ARM_EABI_PE	1456	ldclcs
ARM_EABI_PE	1457	ldclcc
ARM_EABI_PE	1458	ldclmi
ARM_EABI_PE	1459	ldclpl
ARM_EABI_PE	1460	ldclvs
ARM_EABI_PE	1461	ldclvc
ARM_EABI_PE	1462	ldclhi
ARM_EABI_PE	1463	ldclls
ARM_EABI_PE	1464	ldclge
ARM_EABI_PE	1465	ldcllt
ARM_EABI_PE	1466	ldclgt
ARM_EABI_PE	1467	ldclle
ARM_EABI_PE	1468	ldcl
ARM_EABI_PE	1469	ldclrsvd
ARM_EABI_PE	1470	stceq
ARM_EABI_PE	1471	stcne
ARM_EABI_PE	1472	stccs
ARM_EABI_PE	1473	stccc
ARM_EABI_PE	1474	stcmi
ARM_EABI_PE	1475	stcpl
ARM_EABI_PE	1476	stcvs
ARM_EABI_PE	1477	stcvc
ARM_EABI_PE	1478	stchi
ARM_EABI_PE	1479	stcls
ARM_EABI_PE	1480	stcge
ARM_EABI_PE	1481	stclt
ARM_EABI_PE	1482	stcgt
ARM_EABI_PE	1483	stcle
ARM_EABI_PE	1484	stc
ARM_EABI_PE	1485	stcrsvd
ARM_EABI_PE	1486	stcleq
ARM_EABI_PE	1487	stclne
ARM_EABI_PE	1488	stclcs
ARM_EABI_PE	1489	stclcc
ARM_EABI_PE	1490	stclmi
ARM_EABI_PE	1491	stclpl
ARM_EABI_PE	1492	stclvs
ARM_EABI_PE	1493	stclvc
ARM_EABI_PE	1494	stclhi
ARM_EABI_PE	1495	stclls
ARM_EABI_PE	1496	stclge
ARM_EABI_PE	1497	stcllt
ARM_EABI_PE	1498	stclgt
ARM_EABI_PE	1499	stclle
ARM_EABI_PE	1500	stcl
ARM_EABI_PE	1501	stclrsvd
ARM_EABI_PE	1502	pusheq
ARM_EABI_PE	1503	pushne
ARM_EABI_PE	1504	pushcs
ARM_EABI_PE	1505	pushcc
ARM_EABI_PE	1506	pushmi
ARM_EABI_PE	1507	pushpl
ARM_EABI_PE	1508	pushvs
ARM_EABI_PE	1509	pushvc
ARM_EABI_PE	1510	pushhi
ARM_EABI_PE	1511	pushls
ARM_EABI_PE	1512	pushge
ARM_EABI_PE	1513	pushlt
ARM_EABI_PE	1514	pushgt
ARM_EABI_PE	1515	pushle
ARM_EABI_PE	1516	push
ARM_EABI_PE	1517	pushrsvd
ARM_EABI_PE	1518	popeq
ARM_EABI_PE	1519	popne
ARM_EABI_PE	1520	popcs
ARM_EABI_PE	1521	popcc
ARM_EABI_PE	1522	popmi
ARM_EABI_PE	1523	poppl
ARM_EABI_PE	1524	popvs
ARM_EABI_PE	1525	popvc
ARM_EABI_PE	1526	pophi
ARM_EABI_PE	1527	popls
ARM_EABI_PE	1528	popge
ARM_EABI_PE	1529	poplt
ARM_EABI_PE	1530	popgt
ARM_EABI_PE	1531	pople
ARM_EABI_PE	1532	pop
ARM_EABI_PE	1533	poprsvd
ARM_EABI_PE	1534	beq
ARM_EABI_PE	1535	bne
ARM_EABI_PE	1536	bcs
ARM_EABI_PE	1537	bcc
ARM_EABI_PE	1538	bmi
ARM_EABI_PE	1539	bpl
ARM_EABI_PE	1540	bvs
ARM_EABI_PE	1541	bvc
ARM_EABI_PE	1542	bhi
ARM_EABI_PE	1543	bls
ARM_EABI_PE	1544	bge
ARM_EABI_PE	1545	blt
ARM_EABI_PE	1546	bgt
ARM_EABI_PE	1547	ble
ARM_EABI_PE	1548	b
ARM_EABI_PE	1549	brsvd
ARM_EABI_PE	1550	bleq
ARM_EABI_PE	1551	blne
ARM_EABI_PE	1552	blcs
ARM_EABI_PE	1553	blcc
ARM_EABI_PE	1554	blmi
ARM_EABI_PE	1555	blpl
ARM_EABI_PE	1556	blvs
ARM_EABI_PE	1557	blvc
ARM_EABI_PE	1558	blhi
ARM_EABI_PE	1559	blls
ARM_EABI_PE	1560	blge
ARM_EABI_PE	1561	bllt
ARM_EABI_PE	1562	blgt
ARM_EABI_PE	1563	blle
ARM_EABI_PE	1564	bl
ARM_EABI_PE	1565	blrsvd
ARM_EABI_PE	1566	bxeq
ARM_EABI_PE	1567	bxne
ARM_EABI_PE	1568	bxcs
ARM_EABI_PE	1569	bxcc
ARM_EABI_PE	1570	bxmi
ARM_EABI_PE	1571	bxpl
ARM_EABI_PE	1572	bxvs
ARM_EABI_PE	1573	bxvc
ARM_EABI_PE	1574	bxhi
ARM_EABI_PE	1575	bxls
ARM_EABI_PE	1576	bxge
ARM_EABI_PE	1577	bxlt
ARM_EABI_PE	1578	bxgt
ARM_EABI_PE	1579	bxle
ARM_EABI_PE	1580	bx
ARM_EABI_PE	1581	bxrsvd
ARM_EABI_PE	1582	blxeq
ARM_EABI_PE	1583	blxne
ARM_EABI_PE	1584	blxcs
ARM_EABI_PE	1585	blxcc
ARM_EABI_PE	1586	blxmi
ARM_EABI_PE	1587	blxpl
ARM_EABI_PE	1588	blxvs
ARM_EABI_PE	1589	blxvc
ARM_EABI_PE	1590	blxhi
ARM_EABI_PE	1591	blxls
ARM_EABI_PE	1592	blxge
ARM_EABI_PE	1593	blxlt
ARM_EABI_PE	1594	blxgt
ARM_EABI_PE	1595	blxle
ARM_EABI_PE	1596	blx
ARM_EABI_PE	1597	blxrsvd
ARM_EABI_PE	1598	andeq
ARM_EABI_PE	1599	andne
ARM_EABI_PE	1600	andcs
ARM_EABI_PE	1601	andcc
ARM_EABI_PE	1602	andmi
ARM_EABI_PE	1603	andpl
ARM_EABI_PE	1604	andvs
ARM_EABI_PE	1605	andvc
ARM_EABI_PE	1606	andhi
ARM_EABI_PE	1607	andls
ARM_EABI_PE	1608	andge
ARM_EABI_PE	1609	andlt
ARM_EABI_PE	1610	andgt
ARM_EABI_PE	1611	andle
ARM_EABI_PE	1612	and
ARM_EABI_PE	1613	andrsvd
ARM_EABI_PE	1614	andseq
ARM_EABI_PE	1615	andsne
ARM_EABI_PE	1616	andscs
ARM_EABI_PE	1617	andscc
ARM_EABI_PE	1618	andsmi
ARM_EABI_PE	1619	andspl
ARM_EABI_PE	1620	andsvs
ARM_EABI_PE	1621	andsvc
ARM_EABI_PE	1622	andshi
ARM_EABI_PE	1623	andsls
ARM_EABI_PE	1624	andsge
ARM_EABI_PE	1625	andslt
ARM_EABI_PE	1626	andsgt
ARM_EABI_PE	1627	andsle
ARM_EABI_PE	1628	ands
ARM_EABI_PE	1629	andsrsvd
ARM_EABI_PE	1630	eoreq
ARM_EABI_PE	1631	eorne
ARM_EABI_PE	1632	eorcs
ARM_EABI_PE	1633	eorcc
ARM_EABI_PE	1634	eormi
ARM_EABI_PE	1635	eorpl
ARM_EABI_PE	1636	eorvs
ARM_EABI_PE	1637	eorvc
ARM_EABI_PE	1638	eorhi
ARM_EABI_PE	1639	eorls
ARM_EABI_PE	1640	eorge
ARM_EABI_PE	1641	eorlt
ARM_EABI_PE	1642	eorgt
ARM_EABI_PE	1643	eorle
ARM_EABI_PE	1644	eor
ARM_EABI_PE	1645	eorrsvd
ARM_EABI_PE	1646	eorseq
ARM_EABI_PE	1647	eorsne
ARM_EABI_PE	1648	eorscs
ARM_EABI_PE	1649	eorscc
ARM_EABI_PE	1650	eorsmi
ARM_EABI_PE	1651	eorspl
ARM_EABI_PE	1652	eorsvs
ARM_EABI_PE	1653	eorsvc
ARM_EABI_PE	1654	eorshi
ARM_EABI_PE	1655	eorsls
ARM_EABI_PE	1656	eorsge
ARM_EABI_PE	1657	eorslt
ARM_EABI_PE	1658	eorsgt
ARM_EABI_PE	1659	eorsle
ARM_EABI_PE	1660	eors
ARM_EABI_PE	1661	eorsrsvd
ARM_EABI_PE	1662	subeq
ARM_EABI_PE	1663	subne
ARM_EABI_PE	1664	subcs
ARM_EABI_PE	1665	subcc
ARM_EABI_PE	1666	submi
ARM_EABI_PE	1667	subpl
ARM_EABI_PE	1668	subvs
ARM_EABI_PE	1669	subvc
ARM_EABI_PE	1670	subhi
ARM_EABI_PE	1671	subls
ARM_EABI_PE	1672	subge
ARM_EABI_PE	1673	sublt
ARM_EABI_PE	1674	subgt
ARM_EABI_PE	1675	suble
ARM_EABI_PE	1676	sub
ARM_EABI_PE	1677	subrsvd
ARM_EABI_PE	1678	subseq
ARM_EABI_PE	1679	subsne
ARM_EABI_PE	1680	subscs
ARM_EABI_PE	1681	subscc
ARM_EABI_PE	1682	subsmi
ARM_EABI_PE	1683	subspl
ARM_EABI_PE	1684	subsvs
ARM_EABI_PE	1685	subsvc
ARM_EABI_PE	1686	subshi
ARM_EABI_PE	1687	subsls
ARM_EABI_PE	1688	subsge
ARM_EABI_PE	1689	subslt
ARM_EABI_PE	1690	subsgt
ARM_EABI_PE	1691	subsle
ARM_EABI_PE	1692	subs
ARM_EABI_PE	1693	subsrsvd
ARM_EABI_PE	1694	rsbeq
ARM_EABI_PE	1695	rsbne
ARM_EABI_PE	1696	rsbcs
ARM_EABI_PE	1697	rsbcc
ARM_EABI_PE	1698	rsbmi
ARM_EABI_PE	1699	rsbpl
ARM_EABI_PE	1700	rsbvs
ARM_EABI_PE	1701	rsbvc
ARM_EABI_PE	1702	rsbhi
ARM_EABI_PE	1703	rsbls
ARM_EABI_PE	1704	rsbge
ARM_EABI_PE	1705	rsblt
ARM_EABI_PE	1706	rsbgt
ARM_EABI_PE	1707	rsble
ARM_EABI_PE	1708	rsb
ARM_EABI_PE	1709	rsbrsvd
ARM_EABI_PE	1710	rsbseq
ARM_EABI_PE	1711	rsbsne
ARM_EABI_PE	1712	rsbscs
ARM_EABI_PE	1713	rsbscc
ARM_EABI_PE	1714	rsbsmi
ARM_EABI_PE	1715	rsbspl
ARM_EABI_PE	1716	rsbsvs
ARM_EABI_PE	1717	rsbsvc
ARM_EABI_PE	1718	rsbshi
ARM_EABI_PE	1719	rsbsls
ARM_EABI_PE	1720	rsbsge
ARM_EABI_PE	1721	rsbslt
ARM_EABI_PE	1722	rsbsgt
ARM_EABI_PE	1723	rsbsle
ARM_EABI_PE	1724	rsbs
ARM_EABI_PE	1725	rsbsrsvd
ARM_EABI_PE	1726	addeq
ARM_EABI_PE	1727	addne
ARM_EABI_PE	1728	addcs
ARM_EABI_PE	1729	addcc
ARM_EABI_PE	1730	addmi
ARM_EABI_PE	1731	addpl
ARM_EABI_PE	1732	addvs
ARM_EABI_PE	1733	addvc
ARM_EABI_PE	1734	addhi
ARM_EABI_PE	1735	addls
ARM_EABI_PE	1736	addge
ARM_EABI_PE	1737	addlt
ARM_EABI_PE	1738	addgt
ARM_EABI_PE	1739	addle
ARM_EABI_PE	1740	add
ARM_EABI_PE	1741	addrsvd
ARM_EABI_PE	1742	addseq
ARM_EABI_PE	1743	addsne
ARM_EABI_PE	1744	addscs
ARM_EABI_PE	1745	addscc
ARM_EABI_PE	1746	addsmi
ARM_EABI_PE	1747	addspl
ARM_EABI_PE	1748	addsvs
ARM_EABI_PE	1749	addsvc
ARM_EABI_PE	1750	addshi
ARM_EABI_PE	1751	addsls
ARM_EABI_PE	1752	addsge
ARM_EABI_PE	1753	addslt
ARM_EABI_PE	1754	addsgt
ARM_EABI_PE	1755	addsle
ARM_EABI_PE	1756	adds
ARM_EABI_PE	1757	addsrsvd
ARM_EABI_PE	1758	adceq
ARM_EABI_PE	1759	adcne
ARM_EABI_PE	1760	adccs
ARM_EABI_PE	1761	adccc
ARM_EABI_PE	1762	adcmi
ARM_EABI_PE	1763	adcpl
ARM_EABI_PE	1764	adcvs
ARM_EABI_PE	1765	adcvc
ARM_EABI_PE	1766	adchi
ARM_EABI_PE	1767	adcls
ARM_EABI_PE	1768	adcge
ARM_EABI_PE	1769	adclt
ARM_EABI_PE	1770	adcgt
ARM_EABI_PE	1771	adcle
ARM_EABI_PE	1772	adc
ARM_EABI_PE	1773	adcrsvd
ARM_EABI_PE	1774	adcseq
ARM_EABI_PE	1775	adcsne
ARM_EABI_PE	1776	adcscs
ARM_EABI_PE	1777	adcscc
ARM_EABI_PE	1778	adcsmi
ARM_EABI_PE	1779	adcspl
ARM_EABI_PE	1780	adcsvs
ARM_EABI_PE	1781	adcsvc
ARM_EABI_PE	1782	adcshi
ARM_EABI_PE	1783	adcsls
ARM_EABI_PE	1784	adcsge
ARM_EABI_PE	1785	adcslt
ARM_EABI_PE	1786	adcsgt
ARM_EABI_PE	1787	adcsle
ARM_EABI_PE	1788	adcs
ARM_EABI_PE	1789	adcsrsvd
ARM_EABI_PE	1790	sbceq
ARM_EABI_PE	1791	sbcne
ARM_EABI_PE	1792	sbccs
ARM_EABI_PE	1793	sbccc
ARM_EABI_PE	1794	sbcmi
ARM_EABI_PE	1795	sbcpl
ARM_EABI_PE	1796	sbcvs
ARM_EABI_PE	1797	sbcvc
ARM_EABI_PE	1798	sbchi
ARM_EABI_PE	1799	sbcls
ARM_EABI_PE	1800	sbcge
ARM_EABI_PE	1801	sbclt
ARM_EABI_PE	1802	sbcgt
ARM_EABI_PE	1803	sbcle
ARM_EABI_PE	1804	sbc
ARM_EABI_PE	1805	sbcrsvd
ARM_EABI_PE	1806	sbcseq
ARM_EABI_PE	1807	sbcsne
ARM_EABI_PE	1808	sbcscs
ARM_EABI_PE	1809	sbcscc
ARM_EABI_PE	1810	sbcsmi
ARM_EABI_PE	1811	sbcspl
ARM_EABI_PE	1812	sbcsvs
ARM_EABI_PE	1813	sbcsvc
ARM_EABI_PE	1814	sbcshi
ARM_EABI_PE	1815	sbcsls
ARM_EABI_PE	1816	sbcsge
ARM_EABI_PE	1817	sbcslt
ARM_EABI_PE	1818	sbcsgt
ARM_EABI_PE	1819	sbcsle
ARM_EABI_PE	1820	sbcs
ARM_EABI_PE	1821	sbcsrsvd
ARM_EABI_PE	1822	rsceq
ARM_EABI_PE	1823	rscne
ARM_EABI_PE	1824	rsccs
ARM_EABI_PE	1825	rsccc
ARM_EABI_PE	1826	rscmi
ARM_EABI_PE	1827	rscpl
ARM_EABI_PE	1828	rscvs
ARM_EABI_PE	1829	rscvc
ARM_EABI_PE	1830	rschi
ARM_EABI_PE	1831	rscls
ARM_EABI_PE	1832	rscge
ARM_EABI_PE	1833	rsclt
ARM_EABI_PE	1834	rscgt
ARM_EABI_PE	1835	rscle
ARM_EABI_PE	1836	rsc
ARM_EABI_PE	1837	rscrsvd
ARM_EABI_PE	1838	rscseq
ARM_EABI_PE	1839	rscsne
ARM_EABI_PE	1840	rscscs
ARM_EABI_PE	1841	rscscc
ARM_EABI_PE	1842	rscsmi
ARM_EABI_PE	1843	rscspl
ARM_EABI_PE	1844	rscsvs
ARM_EABI_PE	1845	rscsvc
ARM_EABI_PE	1846	rscshi
ARM_EABI_PE	1847	rscsls
ARM_EABI_PE	1848	rscsge
ARM_EABI_PE	1849	rscslt
ARM_EABI_PE	1850	rscsgt
ARM_EABI_PE	1851	rscsle
ARM_EABI_PE	1852	rscs
ARM_EABI_PE	1853	rscsrsvd
ARM_EABI_PE	1854	tsteq
ARM_EABI_PE	1855	tstne
ARM_EABI_PE	1856	tstcs
ARM_EABI_PE	1857	tstcc
ARM_EABI_PE	1858	tstmi
ARM_EABI_PE	1859	tstpl
ARM_EABI_PE	1860	tstvs
ARM_EABI_PE	1861	tstvc
ARM_EABI_PE	1862	tsthi
ARM_EABI_PE	1863	tstls
ARM_EABI_PE	1864	tstge
ARM_EABI_PE	1865	tstlt
ARM_EABI_PE	1866	tstgt
ARM_EABI_PE	1867	tstle
ARM_EABI_PE	1868	tst
ARM_EABI_PE	1869	tstrsvd
ARM_EABI_PE	1870	tstseq
ARM_EABI_PE	1871	tstsne
ARM_EABI_PE	1872	tstscs
ARM_EABI_PE	1873	tstscc
ARM_EABI_PE	1874	tstsmi
ARM_EABI_PE	1875	tstspl
ARM_EABI_PE	1876	tstsvs
ARM_EABI_PE	1877	tstsvc
ARM_EABI_PE	1878	tstshi
ARM_EABI_PE	1879	tstsls
ARM_EABI_PE	1880	tstsge
ARM_EABI_PE	1881	tstslt
ARM_EABI_PE	1882	tstsgt
ARM_EABI_PE	1883	tstsle
ARM_EABI_PE	1884	tsts
ARM_EABI_PE	1885	tstsrsvd
ARM_EABI_PE	1886	teqeq
ARM_EABI_PE	1887	teqne
ARM_EABI_PE	1888	teqcs
ARM_EABI_PE	1889	teqcc
ARM_EABI_PE	1890	teqmi
ARM_EABI_PE	1891	teqpl
ARM_EABI_PE	1892	teqvs
ARM_EABI_PE	1893	teqvc
ARM_EABI_PE	1894	teqhi
ARM_EABI_PE	1895	teqls
ARM_EABI_PE	1896	teqge
ARM_EABI_PE	1897	teqlt
ARM_EABI_PE	1898	teqgt
ARM_EABI_PE	1899	teqle
ARM_EABI_PE	1900	teq
ARM_EABI_PE	1901	teqrsvd
ARM_EABI_PE	1902	teqseq
ARM_EABI_PE	1903	teqsne
ARM_EABI_PE	1904	teqscs
ARM_EABI_PE	1905	teqscc
ARM_EABI_PE	1906	teqsmi
ARM_EABI_PE	1907	teqspl
ARM_EABI_PE	1908	teqsvs
ARM_EABI_PE	1909	teqsvc
ARM_EABI_PE	1910	teqshi
ARM_EABI_PE	1911	teqsls
ARM_EABI_PE	1912	teqsge
ARM_EABI_PE	1913	teqslt
ARM_EABI_PE	1914	teqsgt
ARM_EABI_PE	1915	teqsle
ARM_EABI_PE	1916	teqs
ARM_EABI_PE	1917	teqsrsvd
ARM_EABI_PE	1918	cmpeq
ARM_EABI_PE	1919	cmpne
ARM_EABI_PE	1920	cmpcs
ARM_EABI_PE	1921	cmpcc
ARM_EABI_PE	1922	cmpmi
ARM_EABI_PE	1923	cmppl
ARM_EABI_PE	1924	cmpvs
ARM_EABI_PE	1925	cmpvc
ARM_EABI_PE	1926	cmphi
ARM_EABI_PE	1927	cmpls
ARM_EABI_PE	1928	cmpge
ARM_EABI_PE	1929	cmplt
ARM_EABI_PE	1930	cmpgt
ARM_EABI_PE	1931	cmple
ARM_EABI_PE	1932	cmp
ARM_EABI_PE	1933	cmprsvd
ARM_EABI_PE	1934	cmpseq
ARM_EABI_PE	1935	cmpsne
ARM_EABI_PE	1936	cmpscs
ARM_EABI_PE	1937	cmpscc
ARM_EABI_PE	1938	cmpsmi
ARM_EABI_PE	1939	cmpspl
ARM_EABI_PE	1940	cmpsvs
ARM_EABI_PE	1941	cmpsvc
ARM_EABI_PE	1942	cmpshi
ARM_EABI_PE	1943	cmpsls
ARM_EABI_PE	1944	cmpsge
ARM_EABI_PE	1945	cmpslt
ARM_EABI_PE	1946	cmpsgt
ARM_EABI_PE	1947	cmpsle
ARM_EABI_PE	1948	cmps
ARM_EABI_PE	1949	cmpsrsvd
ARM_EABI_PE	1950	cmneq
ARM_EABI_PE	1951	cmnne
ARM_EABI_PE	1952	cmncs
ARM_EABI_PE	1953	cmncc
ARM_EABI_PE	1954	cmnmi
ARM_EABI_PE	1955	cmnpl
ARM_EABI_PE	1956	cmnvs
ARM_EABI_PE	1957	cmnvc
ARM_EABI_PE	1958	cmnhi
ARM_EABI_PE	1959	cmnls
ARM_EABI_PE	1960	cmnge
ARM_EABI_PE	1961	cmnlt
ARM_EABI_PE	1962	cmngt
ARM_EABI_PE	1963	cmnle
ARM_EABI_PE	1964	cmn
ARM_EABI_PE	1965	cmnrsvd
ARM_EABI_PE	1966	cmnseq
ARM_EABI_PE	1967	cmnsne
ARM_EABI_PE	1968	cmnscs
ARM_EABI_PE	1969	cmnscc
ARM_EABI_PE	1970	cmnsmi
ARM_EABI_PE	1971	cmnspl
ARM_EABI_PE	1972	cmnsvs
ARM_EABI_PE	1973	cmnsvc
ARM_EABI_PE	1974	cmnshi
ARM_EABI_PE	1975	cmnsls
ARM_EABI_PE	1976	cmnsge
ARM_EABI_PE	1977	cmnslt
ARM_EABI_PE	1978	cmnsgt
ARM_EABI_PE	1979	cmnsle
ARM_EABI_PE	1980	cmns
ARM_EABI_PE	1981	cmnsrsvd
ARM_EABI_PE	1982	orreq
ARM_EABI_PE	1983	orrne
ARM_EABI_PE	1984	orrcs
ARM_EABI_PE	1985	orrcc
ARM_EABI_PE	1986	orrmi
ARM_EABI_PE	1987	orrpl
ARM_EABI_PE	1988	orrvs
ARM_EABI_PE	1989	orrvc
ARM_EABI_PE	1990	orrhi
ARM_EABI_PE	1991	orrls
ARM_EABI_PE	1992	orrge
ARM_EABI_PE	1993	orrlt
ARM_EABI_PE	1994	orrgt
ARM_EABI_PE	1995	orrle
ARM_EABI_PE	1996	orr
ARM_EABI_PE	1997	orrrsvd
ARM_EABI_PE	1998	orrseq
ARM_EABI_PE	1999	orrsne
ARM_EABI_PE	2000	orrscs
ARM_EABI_PE	2001	orrscc
ARM_EABI_PE	2002	orrsmi
ARM_EABI_PE	2003	orrspl
ARM_EABI_PE	2004	orrsvs
ARM_EABI_PE	2005	orrsvc
ARM_EABI_PE	2006	orrshi
ARM_EABI_PE	2007	orrsls
ARM_EABI_PE	2008	orrsge
ARM_EABI_PE	2009	orrslt
ARM_EABI_PE	2010	orrsgt
ARM_EABI_PE	2011	orrsle
ARM_EABI_PE	2012	orrs
ARM_EABI_PE	2013	orrsrsvd
ARM_EABI_PE	2014	moveq
ARM_EABI_PE	2015	movne
ARM_EABI_PE	2016	movcs
ARM_EABI_PE	2017	movcc
ARM_EABI_PE	2018	movmi
ARM_EABI_PE	2019	movpl
ARM_EABI_PE	2020	movvs
ARM_EABI_PE	2021	movvc
ARM_EABI_PE	2022	movhi
ARM_EABI_PE	2023	movls
ARM_EABI_PE	2024	movge
ARM_EABI_PE	2025	movlt
ARM_EABI_PE	2026	movgt
ARM_EABI_PE	2027	movle
ARM_EABI_PE	2028	mov
ARM_EABI_PE	2029	movrsvd
ARM_EABI_PE	2030	movseq
ARM_EABI_PE	2031	movsne
ARM_EABI_PE	2032	movscs
ARM_EABI_PE	2033	movscc
ARM_EABI_PE	2034	movsmi
ARM_EABI_PE	2035	movspl
ARM_EABI_PE	2036	movsvs
ARM_EABI_PE	2037	movsvc
ARM_EABI_PE	2038	movshi
ARM_EABI_PE	2039	movsls
ARM_EABI_PE	2040	movsge
ARM_EABI_PE	2041	movslt
ARM_EABI_PE	2042	movsgt
ARM_EABI_PE	2043	movsle
ARM_EABI_PE	2044	movs
ARM_EABI_PE	2045	movsrsvd
ARM_EABI_PE	2046	biceq
ARM_EABI_PE	2047	bicne
ARM_EABI_PE	2048	biccs
ARM_EABI_PE	2049	biccc
ARM_EABI_PE	2050	bicmi
ARM_EABI_PE	2051	bicpl
ARM_EABI_PE	2052	bicvs
ARM_EABI_PE	2053	bicvc
ARM_EABI_PE	2054	bichi
ARM_EABI_PE	2055	bicls
ARM_EABI_PE	2056	bicge
ARM_EABI_PE	2057	biclt
ARM_EABI_PE	2058	bicgt
ARM_EABI_PE	2059	bicle
ARM_EABI_PE	2060	bic
ARM_EABI_PE	2061	bicrsvd
ARM_EABI_PE	2062	bicseq
ARM_EABI_PE	2063	bicsne
ARM_EABI_PE	2064	bicscs
ARM_EABI_PE	2065	bicscc
ARM_EABI_PE	2066	bicsmi
ARM_EABI_PE	2067	bicspl
ARM_EABI_PE	2068	bicsvs
ARM_EABI_PE	2069	bicsvc
ARM_EABI_PE	2070	bicshi
ARM_EABI_PE	2071	bicsls
ARM_EABI_PE	2072	bicsge
ARM_EABI_PE	2073	bicslt
ARM_EABI_PE	2074	bicsgt
ARM_EABI_PE	2075	bicsle
ARM_EABI_PE	2076	bics
ARM_EABI_PE	2077	bicsrsvd
ARM_EABI_PE	2078	mvneq
ARM_EABI_PE	2079	mvnne
ARM_EABI_PE	2080	mvncs
ARM_EABI_PE	2081	mvncc
ARM_EABI_PE	2082	mvnmi
ARM_EABI_PE	2083	mvnpl
ARM_EABI_PE	2084	mvnvs
ARM_EABI_PE	2085	mvnvc
ARM_EABI_PE	2086	mvnhi
ARM_EABI_PE	2087	mvnls
ARM_EABI_PE	2088	mvnge
ARM_EABI_PE	2089	mvnlt
ARM_EABI_PE	2090	mvngt
ARM_EABI_PE	2091	mvnle
ARM_EABI_PE	2092	mvn
ARM_EABI_PE	2093	mvnrsvd
ARM_EABI_PE	2094	mvnseq
ARM_EABI_PE	2095	mvnsne
ARM_EABI_PE	2096	mvnscs
ARM_EABI_PE	2097	mvnscc
ARM_EABI_PE	2098	mvnsmi
ARM_EABI_PE	2099	mvnspl
ARM_EABI_PE	2100	mvnsvs
ARM_EABI_PE	2101	mvnsvc
ARM_EABI_PE	2102	mvnshi
ARM_EABI_PE	2103	mvnsls
ARM_EABI_PE	2104	mvnsge
ARM_EABI_PE	2105	mvnslt
ARM_EABI_PE	2106	mvnsgt
ARM_EABI_PE	2107	mvnsle
ARM_EABI_PE	2108	mvns
ARM_EABI_PE	2109	mvnsrsvd
ARM_EABI_PE	2110	lsleq
ARM_EABI_PE	2111	lslne
ARM_EABI_PE	2112	lslcs
ARM_EABI_PE	2113	lslcc
ARM_EABI_PE	2114	lslmi
ARM_EABI_PE	2115	lslpl
ARM_EABI_PE	2116	lslvs
ARM_EABI_PE	2117	lslvc
ARM_EABI_PE	2118	lslhi
ARM_EABI_PE	2119	lslls
ARM_EABI_PE	2120	lslge
ARM_EABI_PE	2121	lsllt
ARM_EABI_PE	2122	lslgt
ARM_EABI_PE	2123	lslle
ARM_EABI_PE	2124	lsl
ARM_EABI_PE	2125	lslrsvd
ARM_EABI_PE	2126	lslseq
ARM_EABI_PE	2127	lslsne
ARM_EABI_PE	2128	lslscs
ARM_EABI_PE	2129	lslscc
ARM_EABI_PE	2130	lslsmi
ARM_EABI_PE	2131	lslspl
ARM_EABI_PE	2132	lslsvs
ARM_EABI_PE	2133	lslsvc
ARM_EABI_PE	2134	lslshi
ARM_EABI_PE	2135	lslsls
ARM_EABI_PE	2136	lslsge
ARM_EABI_PE	2137	lslslt
ARM_EABI_PE	2138	lslsgt
ARM_EABI_PE	2139	lslsle
ARM_EABI_PE	2140	lsls
ARM_EABI_PE	2141	lslsrsvd
ARM_EABI_PE	2142	lsreq
ARM_EABI_PE	2143	lsrne
ARM_EABI_PE	2144	lsrcs
ARM_EABI_PE	2145	lsrcc
ARM_EABI_PE	2146	lsrmi
ARM_EABI_PE	2147	lsrpl
ARM_EABI_PE	2148	lsrvs
ARM_EABI_PE	2149	lsrvc
ARM_EABI_PE	2150	lsrhi
ARM_EABI_PE	2151	lsrls
ARM_EABI_PE	2152	lsrge
ARM_EABI_PE	2153	lsrlt
ARM_EABI_PE	2154	lsrgt
ARM_EABI_PE	2155	lsrle
ARM_EABI_PE	2156	lsr
ARM_EABI_PE	2157	lsrrsvd
ARM_EABI_PE	2158	lsrseq
ARM_EABI_PE	2159	lsrsne
ARM_EABI_PE	2160	lsrscs
ARM_EABI_PE	2161	lsrscc
ARM_EABI_PE	2162	lsrsmi
ARM_EABI_PE	2163	lsrspl
ARM_EABI_PE	2164	lsrsvs
ARM_EABI_PE	2165	lsrsvc
ARM_EABI_PE	2166	lsrshi
ARM_EABI_PE	2167	lsrsls
ARM_EABI_PE	2168	lsrsge
ARM_EABI_PE	2169	lsrslt
ARM_EABI_PE	2170	lsrsgt
ARM_EABI_PE	2171	lsrsle
ARM_EABI_PE	2172	lsrs
ARM_EABI_PE	2173	lsrsrsvd
ARM_EABI_PE	2174	asreq
ARM_EABI_PE	2175	asrne
ARM_EABI_PE	2176	asrcs
ARM_EABI_PE	2177	asrcc
ARM_EABI_PE	2178	asrmi
ARM_EABI_PE	2179	asrpl
ARM_EABI_PE	2180	asrvs
ARM_EABI_PE	2181	asrvc
ARM_EABI_PE	2182	asrhi
ARM_EABI_PE	2183	asrls
ARM_EABI_PE	2184	asrge
ARM_EABI_PE	2185	asrlt
ARM_EABI_PE	2186	asrgt
ARM_EABI_PE	2187	asrle
ARM_EABI_PE	2188	asr
ARM_EABI_PE	2189	asrrsvd
ARM_EABI_PE	2190	asrseq
ARM_EABI_PE	2191	asrsne
ARM_EABI_PE	2192	asrscs
ARM_EABI_PE	2193	asrscc
ARM_EABI_PE	2194	asrsmi
ARM_EABI_PE	2195	asrspl
ARM_EABI_PE	2196	asrsvs
ARM_EABI_PE	2197	asrsvc
ARM_EABI_PE	2198	asrshi
ARM_EABI_PE	2199	asrsls
ARM_EABI_PE	2200	asrsge
ARM_EABI_PE	2201	asrslt
ARM_EABI_PE	2202	asrsgt
ARM_EABI_PE	2203	asrsle
ARM_EABI_PE	2204	asrs
ARM_EABI_PE	2205	asrsrsvd
ARM_EABI_PE	2206	roreq
ARM_EABI_PE	2207	rorne
ARM_EABI_PE	2208	rorcs
ARM_EABI_PE	2209	rorcc
ARM_EABI_PE	2210	rormi
ARM_EABI_PE	2211	rorpl
ARM_EABI_PE	2212	rorvs
ARM_EABI_PE	2213	rorvc
ARM_EABI_PE	2214	rorhi
ARM_EABI_PE	2215	rorls
ARM_EABI_PE	2216	rorge
ARM_EABI_PE	2217	rorlt
ARM_EABI_PE	2218	rorgt
ARM_EABI_PE	2219	rorle
ARM_EABI_PE	2220	ror
ARM_EABI_PE	2221	rorrsvd
ARM_EABI_PE	2222	rorseq
ARM_EABI_PE	2223	rorsne
ARM_EABI_PE	2224	rorscs
ARM_EABI_PE	2225	rorscc
ARM_EABI_PE	2226	rorsmi
ARM_EABI_PE	2227	rorspl
ARM_EABI_PE	2228	rorsvs
ARM_EABI_PE	2229	rorsvc
ARM_EABI_PE	2230	rorshi
ARM_EABI_PE	2231	rorsls
ARM_EABI_PE	2232	rorsge
ARM_EABI_PE	2233	rorslt
ARM_EABI_PE	2234	rorsgt
ARM_EABI_PE	2235	rorsle
ARM_EABI_PE	2236	rors
ARM_EABI_PE	2237	rorsrsvd
ARM_EABI_PE	2238	rrxeq
ARM_EABI_PE	2239	rrxne
ARM_EABI_PE	2240	rrxcs
ARM_EABI_PE	2241	rrxcc
ARM_EABI_PE	2242	rrxmi
ARM_EABI_PE	2243	rrxpl
ARM_EABI_PE	2244	rrxvs
ARM_EABI_PE	2245	rrxvc
ARM_EABI_PE	2246	rrxhi
ARM_EABI_PE	2247	rrxls
ARM_EABI_PE	2248	rrxge
ARM_EABI_PE	2249	rrxlt
ARM_EABI_PE	2250	rrxgt
ARM_EABI_PE	2251	rrxle
ARM_EABI_PE	2252	rrx
ARM_EABI_PE	2253	rrxrsvd
ARM_EABI_PE	2254	rrxseq
ARM_EABI_PE	2255	rrxsne
ARM_EABI_PE	2256	rrxscs
ARM_EABI_PE	2257	rrxscc
ARM_EABI_PE	2258	rrxsmi
ARM_EABI_PE	2259	rrxspl
ARM_EABI_PE	2260	rrxsvs
ARM_EABI_PE	2261	rrxsvc
ARM_EABI_PE	2262	rrxshi
ARM_EABI_PE	2263	rrxsls
ARM_EABI_PE	2264	rrxsge
ARM_EABI_PE	2265	rrxslt
ARM_EABI_PE	2266	rrxsgt
ARM_EABI_PE	2267	rrxsle
ARM_EABI_PE	2268	rrxs
ARM_EABI_PE	2269	rrxsrsvd
ARM_EABI_PE	2270	cdpeq
ARM_EABI_PE	2271	cdpne
ARM_EABI_PE	2272	cdpcs
ARM_EABI_PE	2273	cdpcc
ARM_EABI_PE	2274	cdpmi
ARM_EABI_PE	2275	cdppl
ARM_EABI_PE	2276	cdpvs
ARM_EABI_PE	2277	cdpvc
ARM_EABI_PE	2278	cdphi
ARM_EABI_PE	2279	cdpls
ARM_EABI_PE	2280	cdpge
ARM_EABI_PE	2281	cdplt
ARM_EABI_PE	2282	cdpgt
ARM_EABI_PE	2283	cdple
ARM_EABI_PE	2284	cdp
ARM_EABI_PE	2285	cdprsvd
ARM_EABI_PE	2286	mcreq
ARM_EABI_PE	2287	mcrne
ARM_EABI_PE	2288	mcrcs
ARM_EABI_PE	2289	mcrcc
ARM_EABI_PE	2290	mcrmi
ARM_EABI_PE	2291	mcrpl
ARM_EABI_PE	2292	mcrvs
ARM_EABI_PE	2293	mcrvc
ARM_EABI_PE	2294	mcrhi
ARM_EABI_PE	2295	mcrls
ARM_EABI_PE	2296	mcrge
ARM_EABI_PE	2297	mcrlt
ARM_EABI_PE	2298	mcrgt
ARM_EABI_PE	2299	mcrle
ARM_EABI_PE	2300	mcr
ARM_EABI_PE	2301	mcrrsvd
ARM_EABI_PE	2302	mrceq
ARM_EABI_PE	2303	mrcne
ARM_EABI_PE	2304	mrccs
ARM_EABI_PE	2305	mrccc
ARM_EABI_PE	2306	mrcmi
ARM_EABI_PE	2307	mrcpl
ARM_EABI_PE	2308	mrcvs
ARM_EABI_PE	2309	mrcvc
ARM_EABI_PE	2310	mrchi
ARM_EABI_PE	2311	mrcls
ARM_EABI_PE	2312	mrcge
ARM_EABI_PE	2313	mrclt
ARM_EABI_PE	2314	mrcgt
ARM_EABI_PE	2315	mrcle
ARM_EABI_PE	2316	mrc
ARM_EABI_PE	2317	mrcrsvd
ARM_EABI_PE	2318	vldreq
ARM_EABI_PE	2319	vldrne
ARM_EABI_PE	2320	vldrcs
ARM_EABI_PE	2321	vldrcc
ARM_EABI_PE	2322	vldrmi
ARM_EABI_PE	2323	vldrpl
ARM_EABI_PE	2324	vldrvs
ARM_EABI_PE	2325	vldrvc
ARM_EABI_PE	2326	vldrhi
ARM_EABI_PE	2327	vldrls
ARM_EABI_PE	2328	vldrge
ARM_EABI_PE	2329	vldrlt
ARM_EABI_PE	2330	vldrgt
ARM_EABI_PE	2331	vldrle
ARM_EABI_PE	2332	vldr
ARM_EABI_PE	2333	vldrrsvd
ARM_EABI_PE	2334	vstreq
ARM_EABI_PE	2335	vstrne
ARM_EABI_PE	2336	vstrcs
ARM_EABI_PE	2337	vstrcc
ARM_EABI_PE	2338	vstrmi
ARM_EABI_PE	2339	vstrpl
ARM_EABI_PE	2340	vstrvs
ARM_EABI_PE	2341	vstrvc
ARM_EABI_PE	2342	vstrhi
ARM_EABI_PE	2343	vstrls
ARM_EABI_PE	2344	vstrge
ARM_EABI_PE	2345	vstrlt
ARM_EABI_PE	2346	vstrgt
ARM_EABI_PE	2347	vstrle
ARM_EABI_PE	2348	vstr
ARM_EABI_PE	2349	vstrrsvd
ARM_EABI_PE	2350	vmlaeq.f32
ARM_EABI_PE	2351	vmlane.f32
ARM_EABI_PE	2352	vmlacs.f32
ARM_EABI_PE	2353	vmlacc.f32
ARM_EABI_PE	2354	vmlami.f32
ARM_EABI_PE	2355	vmlapl.f32
ARM_EABI_PE	2356	vmlavs.f32
ARM_EABI_PE	2357	vmlavc.f32
ARM_EABI_PE	2358	vmlahi.f32
ARM_EABI_PE	2359	vmlals.f32
ARM_EABI_PE	2360	vmlage.f32
ARM_EABI_PE	2361	vmlalt.f32
ARM_EABI_PE	2362	vmlagt.f32
ARM_EABI_PE	2363	vmlale.f32
ARM_EABI_PE	2364	vmla.f32
ARM_EABI_PE	2365	vmlarsvd.f32
ARM_EABI_PE	2366	vmlaeq.f64
ARM_EABI_PE	2367	vmlane.f64
ARM_EABI_PE	2368	vmlacs.f64
ARM_EABI_PE	2369	vmlacc.f64
ARM_EABI_PE	2370	vmlami.f64
ARM_EABI_PE	2371	vmlapl.f64
ARM_EABI_PE	2372	vmlavs.f64
ARM_EABI_PE	2373	vmlavc.f64
ARM_EABI_PE	2374	vmlahi.f64
ARM_EABI_PE	2375	vmlals.f64
ARM_EABI_PE	2376	vmlage.f64
ARM_EABI_PE	2377	vmlalt.f64
ARM_EABI_PE	2378	vmlagt.f64
ARM_EABI_PE	2379	vmlale.f64
ARM_EABI_PE	2380	vmla.f64
ARM_EABI_PE	2381	vmlarsvd.f64
ARM_EABI_PE	2382	vmlseq.f32
ARM_EABI_PE	2383	vmlsne.f32
ARM_EABI_PE	2384	vmlscs.f32
ARM_EABI_PE	2385	vmlscc.f32
ARM_EABI_PE	2386	vmlsmi.f32
ARM_EABI_PE	2387	vmlspl.f32
ARM_EABI_PE	2388	vmlsvs.f32
ARM_EABI_PE	2389	vmlsvc.f32
ARM_EABI_PE	2390	vmlshi.f32
ARM_EABI_PE	2391	vmlsls.f32
ARM_EABI_PE	2392	vmlsge.f32
ARM_EABI_PE	2393	vmlslt.f32
ARM_EABI_PE	2394	vmlsgt.f32
ARM_EABI_PE	2395	vmlsle.f32
ARM_EABI_PE	2396	vmls.f32
ARM_EABI_PE	2397	vmlsrsvd.f32
ARM_EABI_PE	2398	vmlseq.f64
ARM_EABI_PE	2399	vmlsne.f64
ARM_EABI_PE	2400	vmlscs.f64
ARM_EABI_PE	2401	vmlscc.f64
ARM_EABI_PE	2402	vmlsmi.f64
ARM_EABI_PE	2403	vmlspl.f64
ARM_EABI_PE	2404	vmlsvs.f64
ARM_EABI_PE	2405	vmlsvc.f64
ARM_EABI_PE	2406	vmlshi.f64
ARM_EABI_PE	2407	vmlsls.f64
ARM_EABI_PE	2408	vmlsge.f64
ARM_EABI_PE	2409	vmlslt.f64
ARM_EABI_PE	2410	vmlsgt.f64
ARM_EABI_PE	2411	vmlsle.f64
ARM_EABI_PE	2412	vmls.f64
ARM_EABI_PE	2413	vmlsrsvd.f64
ARM_EABI_PE	2414	vnmlseq.f32
ARM_EABI_PE	2415	vnmlsne.f32
ARM_EABI_PE	2416	vnmlscs.f32
ARM_EABI_PE	2417	vnmlscc.f32
ARM_EABI_PE	2418	vnmlsmi.f32
ARM_EABI_PE	2419	vnmlspl.f32
ARM_EABI_PE	2420	vnmlsvs.f32
ARM_EABI_PE	2421	vnmlsvc.f32
ARM_EABI_PE	2422	vnmlshi.f32
ARM_EABI_PE	2423	vnmlsls.f32
ARM_EABI_PE	2424	vnmlsge.f32
ARM_EABI_PE	2425	vnmlslt.f32
ARM_EABI_PE	2426	vnmlsgt.f32
ARM_EABI_PE	2427	vnmlsle.f32
ARM_EABI_PE	2428	vnmls.f32
ARM_EABI_PE	2429	vnmlsrsvd.f32
ARM_EABI_PE	2430	vnmlseq.f64
ARM_EABI_PE	2431	vnmlsne.f64
ARM_EABI_PE	2432	vnmlscs.f64
ARM_EABI_PE	2433	vnmlscc.f64
ARM_EABI_PE	2434	vnmlsmi.f64
ARM_EABI_PE	2435	vnmlspl.f64
ARM_EABI_PE	2436	vnmlsvs.f64
ARM_EABI_PE	2437	vnmlsvc.f64
ARM_EABI_PE	2438	vnmlshi.f64
ARM_EABI_PE	2439	vnmlsls.f64
ARM_EABI_PE	2440	vnmlsge.f64
ARM_EABI_PE	2441	vnmlslt.f64
ARM_EABI_PE	2442	vnmlsgt.f64
ARM_EABI_PE	2443	vnmlsle.f64
ARM_EABI_PE	2444	vnmls.f64
ARM_EABI_PE	2445	vnmlsrsvd.f64
ARM_EABI_PE	2446	vnmlaeq.f32
ARM_EABI_PE	2447	vnmlane.f32
ARM_EABI_PE	2448	vnmlacs.f32
ARM_EABI_PE	2449	vnmlacc.f32
ARM_EABI_PE	2450	vnmlami.f32
ARM_EABI_PE	2451	vnmlapl.f32
ARM_EABI_PE	2452	vnmlavs.f32
ARM_EABI_PE	2453	vnmlavc.f32
ARM_EABI_PE	2454	vnmlahi.f32
ARM_EABI_PE	2455	vnmlals.f32
ARM_EABI_PE	2456	vnmlage.f32
ARM_EABI_PE	2457	vnmlalt.f32
ARM_EABI_PE	2458	vnmlagt.f32
ARM_EABI_PE	2459	vnmlale.f32
ARM_EABI_PE	2460	vnmla.f32
ARM_EABI_PE	2461	vnmlarsvd.f32
ARM_EABI_PE	2462	vnmlaeq.f64
ARM_EABI_PE	2463	vnmlane.f64
ARM_EABI_PE	2464	vnmlacs.f64
ARM_EABI_PE	2465	vnmlacc.f64
ARM_EABI_PE	2466	vnmlami.f64
ARM_EABI_PE	2467	vnmlapl.f64
ARM_EABI_PE	2468	vnmlavs.f64
ARM_EABI_PE	2469	vnmlavc.f64
ARM_EABI_PE	2470	vnmlahi.f64
ARM_EABI_PE	2471	vnmlals.f64
ARM_EABI_PE	2472	vnmlage.f64
ARM_EABI_PE	2473	vnmlalt.f64
ARM_EABI_PE	2474	vnmlagt.f64
ARM_EABI_PE	2475	vnmlale.f64
ARM_EABI_PE	2476	vnmla.f64
ARM_EABI_PE	2477	vnmlarsvd.f64
ARM_EABI_PE	2478	vmuleq.f32
ARM_EABI_PE	2479	vmulne.f32
ARM_EABI_PE	2480	vmulcs.f32
ARM_EABI_PE	2481	vmulcc.f32
ARM_EABI_PE	2482	vmulmi.f32
ARM_EABI_PE	2483	vmulpl.f32
ARM_EABI_PE	2484	vmulvs.f32
ARM_EABI_PE	2485	vmulvc.f32
ARM_EABI_PE	2486	vmulhi.f32
ARM_EABI_PE	2487	vmulls.f32
ARM_EABI_PE	2488	vmulge.f32
ARM_EABI_PE	2489	vmullt.f32
ARM_EABI_PE	2490	vmulgt.f32
ARM_EABI_PE	2491	vmulle.f32
ARM_EABI_PE	2492	vmul.f32
ARM_EABI_PE	2493	vmulrsvd.f32
ARM_EABI_PE	2494	vmuleq.f64
ARM_EABI_PE	2495	vmulne.f64
ARM_EABI_PE	2496	vmulcs.f64
ARM_EABI_PE	2497	vmulcc.f64
ARM_EABI_PE	2498	vmulmi.f64
ARM_EABI_PE	2499	vmulpl.f64
ARM_EABI_PE	2500	vmulvs.f64
ARM_EABI_PE	2501	vmulvc.f64
ARM_EABI_PE	2502	vmulhi.f64
ARM_EABI_PE	2503	vmulls.f64
ARM_EABI_PE	2504	vmulge.f64
ARM_EABI_PE	2505	vmullt.f64
ARM_EABI_PE	2506	vmulgt.f64
ARM_EABI_PE	2507	vmulle.f64
ARM_EABI_PE	2508	vmul.f64
ARM_EABI_PE	2509	vmulrsvd.f64
ARM_EABI_PE	2510	vnmuleq.f32
ARM_EABI_PE	2511	vnmulne.f32
ARM_EABI_PE	2512	vnmulcs.f32
ARM_EABI_PE	2513	vnmulcc.f32
ARM_EABI_PE	2514	vnmulmi.f32
ARM_EABI_PE	2515	vnmulpl.f32
ARM_EABI_PE	2516	vnmulvs.f32
ARM_EABI_PE	2517	vnmulvc.f32
ARM_EABI_PE	2518	vnmulhi.f32
ARM_EABI_PE	2519	vnmulls.f32
ARM_EABI_PE	2520	vnmulge.f32
ARM_EABI_PE	2521	vnmullt.f32
ARM_EABI_PE	2522	vnmulgt.f32
ARM_EABI_PE	2523	vnmulle.f32
ARM_EABI_PE	2524	vnmul.f32
ARM_EABI_PE	2525	vnmulrsvd.f32
ARM_EABI_PE	2526	vnmuleq.f64
ARM_EABI_PE	2527	vnmulne.f64
ARM_EABI_PE	2528	vnmulcs.f64
ARM_EABI_PE	2529	vnmulcc.f64
ARM_EABI_PE	2530	vnmulmi.f64
ARM_EABI_PE	2531	vnmulpl.f64
ARM_EABI_PE	2532	vnmulvs.f64
ARM_EABI_PE	2533	vnmulvc.f64
ARM_EABI_PE	2534	vnmulhi.f64
ARM_EABI_PE	2535	vnmulls.f64
ARM_EABI_PE	2536	vnmulge.f64
ARM_EABI_PE	2537	vnmullt.f64
ARM_EABI_PE	2538	vnmulgt.f64
ARM_EABI_PE	2539	vnmulle.f64
ARM_EABI_PE	2540	vnmul.f64
ARM_EABI_PE	2541	vnmulrsvd.f64
ARM_EABI_PE	2542	vaddeq.f32
ARM_EABI_PE	2543	vaddne.f32
ARM_EABI_PE	2544	vaddcs.f32
ARM_EABI_PE	2545	vaddcc.f32
ARM_EABI_PE	2546	vaddmi.f32
ARM_EABI_PE	2547	vaddpl.f32
ARM_EABI_PE	2548	vaddvs.f32
ARM_EABI_PE	2549	vaddvc.f32
ARM_EABI_PE	2550	vaddhi.f32
ARM_EABI_PE	2551	vaddls.f32
ARM_EABI_PE	2552	vaddge.f32
ARM_EABI_PE	2553	vaddlt.f32
ARM_EABI_PE	2554	vaddgt.f32
ARM_EABI_PE	2555	vaddle.f32
ARM_EABI_PE	2556	vadd.f32
ARM_EABI_PE	2557	vaddrsvd.f32
ARM_EABI_PE	2558	vaddeq.f64
ARM_EABI_PE	2559	vaddne.f64
ARM_EABI_PE	2560	vaddcs.f64
ARM_EABI_PE	2561	vaddcc.f64
ARM_EABI_PE	2562	vaddmi.f64
ARM_EABI_PE	2563	vaddpl.f64
ARM_EABI_PE	2564	vaddvs.f64
ARM_EABI_PE	2565	vaddvc.f64
ARM_EABI_PE	2566	vaddhi.f64
ARM_EABI_PE	2567	vaddls.f64
ARM_EABI_PE	2568	vaddge.f64
ARM_EABI_PE	2569	vaddlt.f64
ARM_EABI_PE	2570	vaddgt.f64
ARM_EABI_PE	2571	vaddle.f64
ARM_EABI_PE	2572	vadd.f64
ARM_EABI_PE	2573	vaddrsvd.f64
ARM_EABI_PE	2574	vsubeq.f32
ARM_EABI_PE	2575	vsubne.f32
ARM_EABI_PE	2576	vsubcs.f32
ARM_EABI_PE	2577	vsubcc.f32
ARM_EABI_PE	2578	vsubmi.f32
ARM_EABI_PE	2579	vsubpl.f32
ARM_EABI_PE	2580	vsubvs.f32
ARM_EABI_PE	2581	vsubvc.f32
ARM_EABI_PE	2582	vsubhi.f32
ARM_EABI_PE	2583	vsubls.f32
ARM_EABI_PE	2584	vsubge.f32
ARM_EABI_PE	2585	vsublt.f32
ARM_EABI_PE	2586	vsubgt.f32
ARM_EABI_PE	2587	vsuble.f32
ARM_EABI_PE	2588	vsub.f32
ARM_EABI_PE	2589	vsubrsvd.f32
ARM_EABI_PE	2590	vsubeq.f64
ARM_EABI_PE	2591	vsubne.f64
ARM_EABI_PE	2592	vsubcs.f64
ARM_EABI_PE	2593	vsubcc.f64
ARM_EABI_PE	2594	vsubmi.f64
ARM_EABI_PE	2595	vsubpl.f64
ARM_EABI_PE	2596	vsubvs.f64
ARM_EABI_PE	2597	vsubvc.f64
ARM_EABI_PE	2598	vsubhi.f64
ARM_EABI_PE	2599	vsubls.f64
ARM_EABI_PE	2600	vsubge.f64
ARM_EABI_PE	2601	vsublt.f64
ARM_EABI_PE	2602	vsubgt.f64
ARM_EABI_PE	2603	vsuble.f64
ARM_EABI_PE	2604	vsub.f64
ARM_EABI_PE	2605	vsubrsvd.f64
ARM_EABI_PE	2606	vdiveq.f32
ARM_EABI_PE	2607	vdivne.f32
ARM_EABI_PE	2608	vdivcs.f32
ARM_EABI_PE	2609	vdivcc.f32
ARM_EABI_PE	2610	vdivmi.f32
ARM_EABI_PE	2611	vdivpl.f32
ARM_EABI_PE	2612	vdivvs.f32
ARM_EABI_PE	2613	vdivvc.f32
ARM_EABI_PE	2614	vdivhi.f32
ARM_EABI_PE	2615	vdivls.f32
ARM_EABI_PE	2616	vdivge.f32
ARM_EABI_PE	2617	vdivlt.f32
ARM_EABI_PE	2618	vdivgt.f32
ARM_EABI_PE	2619	vdivle.f32
ARM_EABI_PE	2620	vdiv.f32
ARM_EABI_PE	2621	vdivrsvd.f32
ARM_EABI_PE	2622	vdiveq.f64
ARM_EABI_PE	2623	vdivne.f64
ARM_EABI_PE	2624	vdivcs.f64
ARM_EABI_PE	2625	vdivcc.f64
ARM_EABI_PE	2626	vdivmi.f64
ARM_EABI_PE	2627	vdivpl.f64
ARM_EABI_PE	2628	vdivvs.f64
ARM_EABI_PE	2629	vdivvc.f64
ARM_EABI_PE	2630	vdivhi.f64
ARM_EABI_PE	2631	vdivls.f64
ARM_EABI_PE	2632	vdivge.f64
ARM_EABI_PE	2633	vdivlt.f64
ARM_EABI_PE	2634	vdivgt.f64
ARM_EABI_PE	2635	vdivle.f64
ARM_EABI_PE	2636	vdiv.f64
ARM_EABI_PE	2637	vdivrsvd.f64
ARM_EABI_PE	2638	vnegeq.f32
ARM_EABI_PE	2639	vnegne.f32
ARM_EABI_PE	2640	vnegcs.f32
ARM_EABI_PE	2641	vnegcc.f32
ARM_EABI_PE	2642	vnegmi.f32
ARM_EABI_PE	2643	vnegpl.f32
ARM_EABI_PE	2644	vnegvs.f32
ARM_EABI_PE	2645	vnegvc.f32
ARM_EABI_PE	2646	vneghi.f32
ARM_EABI_PE	2647	vnegls.f32
ARM_EABI_PE	2648	vnegge.f32
ARM_EABI_PE	2649	vneglt.f32
ARM_EABI_PE	2650	vneggt.f32
ARM_EABI_PE	2651	vnegle.f32
ARM_EABI_PE	2652	vneg.f32
ARM_EABI_PE	2653	vnegrsvd.f32
ARM_EABI_PE	2654	vnegeq.f64
ARM_EABI_PE	2655	vnegne.f64
ARM_EABI_PE	2656	vnegcs.f64
ARM_EABI_PE	2657	vnegcc.f64
ARM_EABI_PE	2658	vnegmi.f64
ARM_EABI_PE	2659	vnegpl.f64
ARM_EABI_PE	2660	vnegvs.f64
ARM_EABI_PE	2661	vnegvc.f64
ARM_EABI_PE	2662	vneghi.f64
ARM_EABI_PE	2663	vnegls.f64
ARM_EABI_PE	2664	vnegge.f64
ARM_EABI_PE	2665	vneglt.f64
ARM_EABI_PE	2666	vneggt.f64
ARM_EABI_PE	2667	vnegle.f64
ARM_EABI_PE	2668	vneg.f64
ARM_EABI_PE	2669	vnegrsvd.f64
ARM_EABI_PE	2670	vabseq.f32
ARM_EABI_PE	2671	vabsne.f32
ARM_EABI_PE	2672	vabscs.f32
ARM_EABI_PE	2673	vabscc.f32
ARM_EABI_PE	2674	vabsmi.f32
ARM_EABI_PE	2675	vabspl.f32
ARM_EABI_PE	2676	vabsvs.f32
ARM_EABI_PE	2677	vabsvc.f32
ARM_EABI_PE	2678	vabshi.f32
ARM_EABI_PE	2679	vabsls.f32
ARM_EABI_PE	2680	vabsge.f32
ARM_EABI_PE	2681	vabslt.f32
ARM_EABI_PE	2682	vabsgt.f32
ARM_EABI_PE	2683	vabsle.f32
ARM_EABI_PE	2684	vabs.f32
ARM_EABI_PE	2685	vabsrsvd.f32
ARM_EABI_PE	2686	vabseq.f64
ARM_EABI_PE	2687	vabsne.f64
ARM_EABI_PE	2688	vabscs.f64
ARM_EABI_PE	2689	vabscc.f64
ARM_EABI_PE	2690	vabsmi.f64
ARM_EABI_PE	2691	vabspl.f64
ARM_EABI_PE	2692	vabsvs.f64
ARM_EABI_PE	2693	vabsvc.f64
ARM_EABI_PE	2694	vabshi.f64
ARM_EABI_PE	2695	vabsls.f64
ARM_EABI_PE	2696	vabsge.f64
ARM_EABI_PE	2697	vabslt.f64
ARM_EABI_PE	2698	vabsgt.f64
ARM_EABI_PE	2699	vabsle.f64
ARM_EABI_PE	2700	vabs.f64
ARM_EABI_PE	2701	vabsrsvd.f64
ARM_EABI_PE	2702	vsqrteq.f32
ARM_EABI_PE	2703	vsqrtne.f32
ARM_EABI_PE	2704	vsqrtcs.f32
ARM_EABI_PE	2705	vsqrtcc.f32
ARM_EABI_PE	2706	vsqrtmi.f32
ARM_EABI_PE	2707	vsqrtpl.f32
ARM_EABI_PE	2708	vsqrtvs.f32
ARM_EABI_PE	2709	vsqrtvc.f32
ARM_EABI_PE	2710	vsqrthi.f32
ARM_EABI_PE	2711	vsqrtls.f32
ARM_EABI_PE	2712	vsqrtge.f32
ARM_EABI_PE	2713	vsqrtlt.f32
ARM_EABI_PE	2714	vsqrtgt.f32
ARM_EABI_PE	2715	vsqrtle.f32
ARM_EABI_PE	2716	vsqrt.f32
ARM_EABI_PE	2717	vsqrtrsvd.f32
ARM_EABI_PE	2718	vsqrteq.f64
ARM_EABI_PE	2719	vsqrtne.f64
ARM_EABI_PE	2720	vsqrtcs.f64
ARM_EABI_PE	2721	vsqrtcc.f64
ARM_EABI_PE	2722	vsqrtmi.f64
ARM_EABI_PE	2723	vsqrtpl.f64
ARM_EABI_PE	2724	vsqrtvs.f64
ARM_EABI_PE	2725	vsqrtvc.f64
ARM_EABI_PE	2726	vsqrthi.f64
ARM_EABI_PE	2727	vsqrtls.f64
ARM_EABI_PE	2728	vsqrtge.f64
ARM_EABI_PE	2729	vsqrtlt.f64
ARM_EABI_PE	2730	vsqrtgt.f64
ARM_EABI_PE	2731	vsqrtle.f64
ARM_EABI_PE	2732	vsqrt.f64
ARM_EABI_PE	2733	vsqrtrsvd.f64
ARM_EABI_PE	2734	vcmpeq.f32
ARM_EABI_PE	2735	vcmpne.f32
ARM_EABI_PE	2736	vcmpcs.f32
ARM_EABI_PE	2737	vcmpcc.f32
ARM_EABI_PE	2738	vcmpmi.f32
ARM_EABI_PE	2739	vcmppl.f32
ARM_EABI_PE	2740	vcmpvs.f32
ARM_EABI_PE	2741	vcmpvc.f32
ARM_EABI_PE	2742	vcmphi.f32
ARM_EABI_PE	2743	vcmpls.f32
ARM_EABI_PE	2744	vcmpge.f32
ARM_EABI_PE	2745	vcmplt.f32
ARM_EABI_PE	2746	vcmpgt.f32
ARM_EABI_PE	2747	vcmple.f32
ARM_EABI_PE	2748	vcmp.f32
ARM_EABI_PE	2749	vcmprsvd.f32
ARM_EABI_PE	2750	vcmpeq.f64
ARM_EABI_PE	2751	vcmpne.f64
ARM_EABI_PE	2752	vcmpcs.f64
ARM_EABI_PE	2753	vcmpcc.f64
ARM_EABI_PE	2754	vcmpmi.f64
ARM_EABI_PE	2755	vcmppl.f64
ARM_EABI_PE	2756	vcmpvs.f64
ARM_EABI_PE	2757	vcmpvc.f64
ARM_EABI_PE	2758	vcmphi.f64
ARM_EABI_PE	2759	vcmpls.f64
ARM_EABI_PE	2760	vcmpge.f64
ARM_EABI_PE	2761	vcmplt.f64
ARM_EABI_PE	2762	vcmpgt.f64
ARM_EABI_PE	2763	vcmple.f64
ARM_EABI_PE	2764	vcmp.f64
ARM_EABI_PE	2765	vcmprsvd.f64
ARM_EABI_PE	2766	vcmpeeq.f32
ARM_EABI_PE	2767	vcmpene.f32
ARM_EABI_PE	2768	vcmpecs.f32
ARM_EABI_PE	2769	vcmpecc.f32
ARM_EABI_PE	2770	vcmpemi.f32
ARM_EABI_PE	2771	vcmpepl.f32
ARM_EABI_PE	2772	vcmpevs.f32
ARM_EABI_PE	2773	vcmpevc.f32
ARM_EABI_PE	2774	vcmpehi.f32
ARM_EABI_PE	2775	vcmpels.f32
ARM_EABI_PE	2776	vcmpege.f32
ARM_EABI_PE	2777	vcmpelt.f32
ARM_EABI_PE	2778	vcmpegt.f32
ARM_EABI_PE	2779	vcmpele.f32
ARM_EABI_PE	2780	vcmpe.f32
ARM_EABI_PE	2781	vcmpersvd.f32
ARM_EABI_PE	2782	vcmpeeq.f64
ARM_EABI_PE	2783	vcmpene.f64
ARM_EABI_PE	2784	vcmpecs.f64
ARM_EABI_PE	2785	vcmpecc.f64
ARM_EABI_PE	2786	vcmpemi.f64
ARM_EABI_PE	2787	vcmpepl.f64
ARM_EABI_PE	2788	vcmpevs.f64
ARM_EABI_PE	2789	vcmpevc.f64
ARM_EABI_PE	2790	vcmpehi.f64
ARM_EABI_PE	2791	vcmpels.f64
ARM_EABI_PE	2792	vcmpege.f64
ARM_EABI_PE	2793	vcmpelt.f64
ARM_EABI_PE	2794	vcmpegt.f64
ARM_EABI_PE	2795	vcmpele.f64
ARM_EABI_PE	2796	vcmpe.f64
ARM_EABI_PE	2797	vcmpersvd.f64
ARM_EABI_PE	2798	vmoveq.f32
ARM_EABI_PE	2799	vmovne.f32
ARM_EABI_PE	2800	vmovcs.f32
ARM_EABI_PE	2801	vmovcc.f32
ARM_EABI_PE	2802	vmovmi.f32
ARM_EABI_PE	2803	vmovpl.f32
ARM_EABI_PE	2804	vmovvs.f32
ARM_EABI_PE	2805	vmovvc.f32
ARM_EABI_PE	2806	vmovhi.f32
ARM_EABI_PE	2807	vmovls.f32
ARM_EABI_PE	2808	vmovge.f32
ARM_EABI_PE	2809	vmovlt.f32
ARM_EABI_PE	2810	vmovgt.f32
ARM_EABI_PE	2811	vmovle.f32
ARM_EABI_PE	2812	vmov.f32
ARM_EABI_PE	2813	vmovrsvd.f32
ARM_EABI_PE	2814	vmoveq.f64
ARM_EABI_PE	2815	vmovne.f64
ARM_EABI_PE	2816	vmovcs.f64
ARM_EABI_PE	2817	vmovcc.f64
ARM_EABI_PE	2818	vmovmi.f64
ARM_EABI_PE	2819	vmovpl.f64
ARM_EABI_PE	2820	vmovvs.f64
ARM_EABI_PE	2821	vmovvc.f64
ARM_EABI_PE	2822	vmovhi.f64
ARM_EABI_PE	2823	vmovls.f64
ARM_EABI_PE	2824	vmovge.f64
ARM_EABI_PE	2825	vmovlt.f64
ARM_EABI_PE	2826	vmovgt.f64
ARM_EABI_PE	2827	vmovle.f64
ARM_EABI_PE	2828	vmov.f64
ARM_EABI_PE	2829	vmovrsvd.f64
ARM_EABI_PE	2830	vcvtreq.s32.f64
ARM_EABI_PE	2831	vcvtrne.s32.f64
ARM_EABI_PE	2832	vcvtrcs.s32.f64
ARM_EABI_PE	2833	vcvtrcc.s32.f64
ARM_EABI_PE	2834	vcvtrmi.s32.f64
ARM_EABI_PE	2835	vcvtrpl.s32.f64
ARM_EABI_PE	2836	vcvtrvs.s32.f64
ARM_EABI_PE	2837	vcvtrvc.s32.f64
ARM_EABI_PE	2838	vcvtrhi.s32.f64
ARM_EABI_PE	2839	vcvtrls.s32.f64
ARM_EABI_PE	2840	vcvtrge.s32.f64
ARM_EABI_PE	2841	vcvtrlt.s32.f64
ARM_EABI_PE	2842	vcvtrgt.s32.f64
ARM_EABI_PE	2843	vcvtrle.s32.f64
ARM_EABI_PE	2844	vcvtr.s32.f64
ARM_EABI_PE	2845	vcvtrrsvd.s32.f64
ARM_EABI_PE	2846	vcvtreq.s32.f32
ARM_EABI_PE	2847	vcvtrne.s32.f32
ARM_EABI_PE	2848	vcvtrcs.s32.f32
ARM_EABI_PE	2849	vcvtrcc.s32.f32
ARM_EABI_PE	2850	vcvtrmi.s32.f32
ARM_EABI_PE	2851	vcvtrpl.s32.f32
ARM_EABI_PE	2852	vcvtrvs.s32.f32
ARM_EABI_PE	2853	vcvtrvc.s32.f32
ARM_EABI_PE	2854	vcvtrhi.s32.f32
ARM_EABI_PE	2855	vcvtrls.s32.f32
ARM_EABI_PE	2856	vcvtrge.s32.f32
ARM_EABI_PE	2857	vcvtrlt.s32.f32
ARM_EABI_PE	2858	vcvtrgt.s32.f32
ARM_EABI_PE	2859	vcvtrle.s32.f32
ARM_EABI_PE	2860	vcvtr.s32.f32
ARM_EABI_PE	2861	vcvtrrsvd.s32.f32
ARM_EABI_PE	2862	vcvtreq.u32.f64
ARM_EABI_PE	2863	vcvtrne.u32.f64
ARM_EABI_PE	2864	vcvtrcs.u32.f64
ARM_EABI_PE	2865	vcvtrcc.u32.f64
ARM_EABI_PE	2866	vcvtrmi.u32.f64
ARM_EABI_PE	2867	vcvtrpl.u32.f64
ARM_EABI_PE	2868	vcvtrvs.u32.f64
ARM_EABI_PE	2869	vcvtrvc.u32.f64
ARM_EABI_PE	2870	vcvtrhi.u32.f64
ARM_EABI_PE	2871	vcvtrls.u32.f64
ARM_EABI_PE	2872	vcvtrge.u32.f64
ARM_EABI_PE	2873	vcvtrlt.u32.f64
ARM_EABI_PE	2874	vcvtrgt.u32.f64
ARM_EABI_PE	2875	vcvtrle.u32.f64
ARM_EABI_PE	2876	vcvtr.u32.f64
ARM_EABI_PE	2877	vcvtrrsvd.u32.f64
ARM_EABI_PE	2878	vcvtreq.u32.f32
ARM_EABI_PE	2879	vcvtrne.u32.f32
ARM_EABI_PE	2880	vcvtrcs.u32.f32
ARM_EABI_PE	2881	vcvtrcc.u32.f32
ARM_EABI_PE	2882	vcvtrmi.u32.f32
ARM_EABI_PE	2883	vcvtrpl.u32.f32
ARM_EABI_PE	2884	vcvtrvs.u32.f32
ARM_EABI_PE	2885	vcvtrvc.u32.f32
ARM_EABI_PE	2886	vcvtrhi.u32.f32
ARM_EABI_PE	2887	vcvtrls.u32.f32
ARM_EABI_PE	2888	vcvtrge.u32.f32
ARM_EABI_PE	2889	vcvtrlt.u32.f32
ARM_EABI_PE	2890	vcvtrgt.u32.f32
ARM_EABI_PE	2891	vcvtrle.u32.f32
ARM_EABI_PE	2892	vcvtr.u32.f32
ARM_EABI_PE	2893	vcvtrrsvd.u32.f32
ARM_EABI_PE	2894	vcvteq.s32.f64
ARM_EABI_PE	2895	vcvtne.s32.f64
ARM_EABI_PE	2896	vcvtcs.s32.f64
ARM_EABI_PE	2897	vcvtcc.s32.f64
ARM_EABI_PE	2898	vcvtmi.s32.f64
ARM_EABI_PE	2899	vcvtpl.s32.f64
ARM_EABI_PE	2900	vcvtvs.s32.f64
ARM_EABI_PE	2901	vcvtvc.s32.f64
ARM_EABI_PE	2902	vcvthi.s32.f64
ARM_EABI_PE	2903	vcvtls.s32.f64
ARM_EABI_PE	2904	vcvtge.s32.f64
ARM_EABI_PE	2905	vcvtlt.s32.f64
ARM_EABI_PE	2906	vcvtgt.s32.f64
ARM_EABI_PE	2907	vcvtle.s32.f64
ARM_EABI_PE	2908	vcvt.s32.f64
ARM_EABI_PE	2909	vcvtrsvd.s32.f64
ARM_EABI_PE	2910	vcvteq.s32.f32
ARM_EABI_PE	2911	vcvtne.s32.f32
ARM_EABI_PE	2912	vcvtcs.s32.f32
ARM_EABI_PE	2913	vcvtcc.s32.f32
ARM_EABI_PE	2914	vcvtmi.s32.f32
ARM_EABI_PE	2915	vcvtpl.s32.f32
ARM_EABI_PE	2916	vcvtvs.s32.f32
ARM_EABI_PE	2917	vcvtvc.s32.f32
ARM_EABI_PE	2918	vcvthi.s32.f32
ARM_EABI_PE	2919	vcvtls.s32.f32
ARM_EABI_PE	2920	vcvtge.s32.f32
ARM_EABI_PE	2921	vcvtlt.s32.f32
ARM_EABI_PE	2922	vcvtgt.s32.f32
ARM_EABI_PE	2923	vcvtle.s32.f32
ARM_EABI_PE	2924	vcvt.s32.f32
ARM_EABI_PE	2925	vcvtrsvd.s32.f32
ARM_EABI_PE	2926	vcvteq.u32.f64
ARM_EABI_PE	2927	vcvtne.u32.f64
ARM_EABI_PE	2928	vcvtcs.u32.f64
ARM_EABI_PE	2929	vcvtcc.u32.f64
ARM_EABI_PE	2930	vcvtmi.u32.f64
ARM_EABI_PE	2931	vcvtpl.u32.f64
ARM_EABI_PE	2932	vcvtvs.u32.f64
ARM_EABI_PE	2933	vcvtvc.u32.f64
ARM_EABI_PE	2934	vcvthi.u32.f64
ARM_EABI_PE	2935	vcvtls.u32.f64
ARM_EABI_PE	2936	vcvtge.u32.f64
ARM_EABI_PE	2937	vcvtlt.u32.f64
ARM_EABI_PE	2938	vcvtgt.u32.f64
ARM_EABI_PE	2939	vcvtle.u32.f64
ARM_EABI_PE	2940	vcvt.u32.f64
ARM_EABI_PE	2941	vcvtrsvd.u32.f64
ARM_EABI_PE	2942	vcvteq.u32.f32
ARM_EABI_PE	2943	vcvtne.u32.f32
ARM_EABI_PE	2944	vcvtcs.u32.f32
ARM_EABI_PE	2945	vcvtcc.u32.f32
ARM_EABI_PE	2946	vcvtmi.u32.f32
ARM_EABI_PE	2947	vcvtpl.u32.f32
ARM_EABI_PE	2948	vcvtvs.u32.f32
ARM_EABI_PE	2949	vcvtvc.u32.f32
ARM_EABI_PE	2950	vcvthi.u32.f32
ARM_EABI_PE	2951	vcvtls.u32.f32
ARM_EABI_PE	2952	vcvtge.u32.f32
ARM_EABI_PE	2953	vcvtlt.u32.f32
ARM_EABI_PE	2954	vcvtgt.u32.f32
ARM_EABI_PE	2955	vcvtle.u32.f32
ARM_EABI_PE	2956	vcvt.u32.f32
ARM_EABI_PE	2957	vcvtrsvd.u32.f32
ARM_EABI_PE	2958	vcvteq.f64.s32
ARM_EABI_PE	2959	vcvtne.f64.s32
ARM_EABI_PE	2960	vcvtcs.f64.s32
ARM_EABI_PE	2961	vcvtcc.f64.s32
ARM_EABI_PE	2962	vcvtmi.f64.s32
ARM_EABI_PE	2963	vcvtpl.f64.s32
ARM_EABI_PE	2964	vcvtvs.f64.s32
ARM_EABI_PE	2965	vcvtvc.f64.s32
ARM_EABI_PE	2966	vcvthi.f64.s32
ARM_EABI_PE	2967	vcvtls.f64.s32
ARM_EABI_PE	2968	vcvtge.f64.s32
ARM_EABI_PE	2969	vcvtlt.f64.s32
ARM_EABI_PE	2970	vcvtgt.f64.s32
ARM_EABI_PE	2971	vcvtle.f64.s32
ARM_EABI_PE	2972	vcvt.f64.s32
ARM_EABI_PE	2973	vcvtrsvd.f64.s32
ARM_EABI_PE	2974	vcvteq.f32.s32
ARM_EABI_PE	2975	vcvtne.f32.s32
ARM_EABI_PE	2976	vcvtcs.f32.s32
ARM_EABI_PE	2977	vcvtcc.f32.s32
ARM_EABI_PE	2978	vcvtmi.f32.s32
ARM_EABI_PE	2979	vcvtpl.f32.s32
ARM_EABI_PE	2980	vcvtvs.f32.s32
ARM_EABI_PE	2981	vcvtvc.f32.s32
ARM_EABI_PE	2982	vcvthi.f32.s32
ARM_EABI_PE	2983	vcvtls.f32.s32
ARM_EABI_PE	2984	vcvtge.f32.s32
ARM_EABI_PE	2985	vcvtlt.f32.s32
ARM_EABI_PE	2986	vcvtgt.f32.s32
ARM_EABI_PE	2987	vcvtle.f32.s32
ARM_EABI_PE	2988	vcvt.f32.s32
ARM_EABI_PE	2989	vcvtrsvd.f32.s32
ARM_EABI_PE	2990	vcvteq.f64.u32
ARM_EABI_PE	2991	vcvtne.f64.u32
ARM_EABI_PE	2992	vcvtcs.f64.u32
ARM_EABI_PE	2993	vcvtcc.f64.u32
ARM_EABI_PE	2994	vcvtmi.f64.u32
ARM_EABI_PE	2995	vcvtpl.f64.u32
ARM_EABI_PE	2996	vcvtvs.f64.u32
ARM_EABI_PE	2997	vcvtvc.f64.u32
ARM_EABI_PE	2998	vcvthi.f64.u32
ARM_EABI_PE	2999	vcvtls.f64.u32
ARM_EABI_PE	3000	vcvtge.f64.u32
ARM_EABI_PE	3001	vcvtlt.f64.u32
ARM_EABI_PE	3002	vcvtgt.f64.u32
ARM_EABI_PE	3003	vcvtle.f64.u32
ARM_EABI_PE	3004	vcvt.f64.u32
ARM_EABI_PE	3005	vcvtrsvd.f64.u32
ARM_EABI_PE	3006	vcvteq.f32.u32
ARM_EABI_PE	3007	vcvtne.f32.u32
ARM_EABI_PE	3008	vcvtcs.f32.u32
ARM_EABI_PE	3009	vcvtcc.f32.u32
ARM_EABI_PE	3010	vcvtmi.f32.u32
ARM_EABI_PE	3011	vcvtpl.f32.u32
ARM_EABI_PE	3012	vcvtvs.f32.u32
ARM_EABI_PE	3013	vcvtvc.f32.u32
ARM_EABI_PE	3014	vcvthi.f32.u32
ARM_EABI_PE	3015	vcvtls.f32.u32
ARM_EABI_PE	3016	vcvtge.f32.u32
ARM_EABI_PE	3017	vcvtlt.f32.u32
ARM_EABI_PE	3018	vcvtgt.f32.u32
ARM_EABI_PE	3019	vcvtle.f32.u32
ARM_EABI_PE	3020	vcvt.f32.u32
ARM_EABI_PE	3021	vcvtrsvd.f32.u32
ARM_EABI_PE	3022	vcvteq.f64.f32
ARM_EABI_PE	3023	vcvtne.f64.f32
ARM_EABI_PE	3024	vcvtcs.f64.f32
ARM_EABI_PE	3025	vcvtcc.f64.f32
ARM_EABI_PE	3026	vcvtmi.f64.f32
ARM_EABI_PE	3027	vcvtpl.f64.f32
ARM_EABI_PE	3028	vcvtvs.f64.f32
ARM_EABI_PE	3029	vcvtvc.f64.f32
ARM_EABI_PE	3030	vcvthi.f64.f32
ARM_EABI_PE	3031	vcvtls.f64.f32
ARM_EABI_PE	3032	vcvtge.f64.f32
ARM_EABI_PE	3033	vcvtlt.f64.f32
ARM_EABI_PE	3034	vcvtgt.f64.f32
ARM_EABI_PE	3035	vcvtle.f64.f32
ARM_EABI_PE	3036	vcvt.f64.f32
ARM_EABI_PE	3037	vcvtrsvd.f64.f32
ARM_EABI_PE	3038	vcvteq.f32.f64
ARM_EABI_PE	3039	vcvtne.f32.f64
ARM_EABI_PE	3040	vcvtcs.f32.f64
ARM_EABI_PE	3041	vcvtcc.f32.f64
ARM_EABI_PE	3042	vcvtmi.f32.f64
ARM_EABI_PE	3043	vcvtpl.f32.f64
ARM_EABI_PE	3044	vcvtvs.f32.f64
ARM_EABI_PE	3045	vcvtvc.f32.f64
ARM_EABI_PE	3046	vcvthi.f32.f64
ARM_EABI_PE	3047	vcvtls.f32.f64
ARM_EABI_PE	3048	vcvtge.f32.f64
ARM_EABI_PE	3049	vcvtlt.f32.f64
ARM_EABI_PE	3050	vcvtgt.f32.f64
ARM_EABI_PE	3051	vcvtle.f32.f64
ARM_EABI_PE	3052	vcvt.f32.f64
ARM_EABI_PE	3053	vcvtrsvd.f32.f64
ARM_EABI_PE	3054	vpusheq
ARM_EABI_PE	3055	vpushne
ARM_EABI_PE	3056	vpushcs
ARM_EABI_PE	3057	vpushcc
ARM_EABI_PE	3058	vpushmi
ARM_EABI_PE	3059	vpushpl
ARM_EABI_PE	3060	vpushvs
ARM_EABI_PE	3061	vpushvc
ARM_EABI_PE	3062	vpushhi
ARM_EABI_PE	3063	vpushls
ARM_EABI_PE	3064	vpushge
ARM_EABI_PE	3065	vpushlt
ARM_EABI_PE	3066	vpushgt
ARM_EABI_PE	3067	vpushle
ARM_EABI_PE	3068	vpush
ARM_EABI_PE	3069	vpushrsvd
ARM_EABI_PE	3070	vpopeq
ARM_EABI_PE	3071	vpopne
ARM_EABI_PE	3072	vpopcs
ARM_EABI_PE	3073	vpopcc
ARM_EABI_PE	3074	vpopmi
ARM_EABI_PE	3075	vpoppl
ARM_EABI_PE	3076	vpopvs
ARM_EABI_PE	3077	vpopvc
ARM_EABI_PE	3078	vpophi
ARM_EABI_PE	3079	vpopls
ARM_EABI_PE	3080	vpopge
ARM_EABI_PE	3081	vpoplt
ARM_EABI_PE	3082	vpopgt
ARM_EABI_PE	3083	vpople
ARM_EABI_PE	3084	vpop
ARM_EABI_PE	3085	vpoprsvd
ARM_EABI_PE	3086	vldmeq
ARM_EABI_PE	3087	vldmne
ARM_EABI_PE	3088	vldmcs
ARM_EABI_PE	3089	vldmcc
ARM_EABI_PE	3090	vldmmi
ARM_EABI_PE	3091	vldmpl
ARM_EABI_PE	3092	vldmvs
ARM_EABI_PE	3093	vldmvc
ARM_EABI_PE	3094	vldmhi
ARM_EABI_PE	3095	vldmls
ARM_EABI_PE	3096	vldmge
ARM_EABI_PE	3097	vldmlt
ARM_EABI_PE	3098	vldmgt
ARM_EABI_PE	3099	vldmle
ARM_EABI_PE	3100	vldm
ARM_EABI_PE	3101	vldmrsvd
ARM_EABI_PE	3102	vldmiaeq
ARM_EABI_PE	3103	vldmiane
ARM_EABI_PE	3104	vldmiacs
ARM_EABI_PE	3105	vldmiacc
ARM_EABI_PE	3106	vldmiami
ARM_EABI_PE	3107	vldmiapl
ARM_EABI_PE	3108	vldmiavs
ARM_EABI_PE	3109	vldmiavc
ARM_EABI_PE	3110	vldmiahi
ARM_EABI_PE	3111	vldmials
ARM_EABI_PE	3112	vldmiage
ARM_EABI_PE	3113	vldmialt
ARM_EABI_PE	3114	vldmiagt
ARM_EABI_PE	3115	vldmiale
ARM_EABI_PE	3116	vldmia
ARM_EABI_PE	3117	vldmiarsvd
ARM_EABI_PE	3118	vldmdbeq
ARM_EABI_PE	3119	vldmdbne
ARM_EABI_PE	3120	vldmdbcs
ARM_EABI_PE	3121	vldmdbcc
ARM_EABI_PE	3122	vldmdbmi
ARM_EABI_PE	3123	vldmdbpl
ARM_EABI_PE	3124	vldmdbvs
ARM_EABI_PE	3125	vldmdbvc
ARM_EABI_PE	3126	vldmdbhi
ARM_EABI_PE	3127	vldmdbls
ARM_EABI_PE	3128	vldmdbge
ARM_EABI_PE	3129	vldmdblt
ARM_EABI_PE	3130	vldmdbgt
ARM_EABI_PE	3131	vldmdble
ARM_EABI_PE	3132	vldmdb
ARM_EABI_PE	3133	vldmdbrsvd
ARM_EABI_PE	3134	vstmeq
ARM_EABI_PE	3135	vstmne
ARM_EABI_PE	3136	vstmcs
ARM_EABI_PE	3137	vstmcc
ARM_EABI_PE	3138	vstmmi
ARM_EABI_PE	3139	vstmpl
ARM_EABI_PE	3140	vstmvs
ARM_EABI_PE	3141	vstmvc
ARM_EABI_PE	3142	vstmhi
ARM_EABI_PE	3143	vstmls
ARM_EABI_PE	3144	vstmge
ARM_EABI_PE	3145	vstmlt
ARM_EABI_PE	3146	vstmgt
ARM_EABI_PE	3147	vstmle
ARM_EABI_PE	3148	vstm
ARM_EABI_PE	3149	vstmrsvd
ARM_EABI_PE	3150	vstmiaeq
ARM_EABI_PE	3151	vstmiane
ARM_EABI_PE	3152	vstmiacs
ARM_EABI_PE	3153	vstmiacc
ARM_EABI_PE	3154	vstmiami
ARM_EABI_PE	3155	vstmiapl
ARM_EABI_PE	3156	vstmiavs
ARM_EABI_PE	3157	vstmiavc
ARM_EABI_PE	3158	vstmiahi
ARM_EABI_PE	3159	vstmials
ARM_EABI_PE	3160	vstmiage
ARM_EABI_PE	3161	vstmialt
ARM_EABI_PE	3162	vstmiagt
ARM_EABI_PE	3163	vstmiale
ARM_EABI_PE	3164	vstmia
ARM_EABI_PE	3165	vstmiarsvd
ARM_EABI_PE	3166	vstmdbeq
ARM_EABI_PE	3167	vstmdbne
ARM_EABI_PE	3168	vstmdbcs
ARM_EABI_PE	3169	vstmdbcc
ARM_EABI_PE	3170	vstmdbmi
ARM_EABI_PE	3171	vstmdbpl
ARM_EABI_PE	3172	vstmdbvs
ARM_EABI_PE	3173	vstmdbvc
ARM_EABI_PE	3174	vstmdbhi
ARM_EABI_PE	3175	vstmdbls
ARM_EABI_PE	3176	vstmdbge
ARM_EABI_PE	3177	vstmdblt
ARM_EABI_PE	3178	vstmdbgt
ARM_EABI_PE	3179	vstmdble
ARM_EABI_PE	3180	vstmdb
ARM_EABI_PE	3181	vstmdbrsvd
ARM_EABI_PE	3182	vmsreq
ARM_EABI_PE	3183	vmsrne
ARM_EABI_PE	3184	vmsrcs
ARM_EABI_PE	3185	vmsrcc
ARM_EABI_PE	3186	vmsrmi
ARM_EABI_PE	3187	vmsrpl
ARM_EABI_PE	3188	vmsrvs
ARM_EABI_PE	3189	vmsrvc
ARM_EABI_PE	3190	vmsrhi
ARM_EABI_PE	3191	vmsrls
ARM_EABI_PE	3192	vmsrge
ARM_EABI_PE	3193	vmsrlt
ARM_EABI_PE	3194	vmsrgt
ARM_EABI_PE	3195	vmsrle
ARM_EABI_PE	3196	vmsr
ARM_EABI_PE	3197	vmsrrsvd
ARM_EABI_PE	3198	vmrseq
ARM_EABI_PE	3199	vmrsne
ARM_EABI_PE	3200	vmrscs
ARM_EABI_PE	3201	vmrscc
ARM_EABI_PE	3202	vmrsmi
ARM_EABI_PE	3203	vmrspl
ARM_EABI_PE	3204	vmrsvs
ARM_EABI_PE	3205	vmrsvc
ARM_EABI_PE	3206	vmrshi
ARM_EABI_PE	3207	vmrsls
ARM_EABI_PE	3208	vmrsge
ARM_EABI_PE	3209	vmrslt
ARM_EABI_PE	3210	vmrsgt
ARM_EABI_PE	3211	vmrsle
ARM_EABI_PE	3212	vmrs
ARM_EABI_PE	3213	vmrsrsvd
ARM_EABI_PE	FIRST_IDENTIFIER	3214
ARM64	256	if
ARM64	257	else
ARM64	258	while
ARM64	259	for
ARM64	260	do
ARM64	261	continue
ARM64	262	break
ARM64	263	return
ARM64	264	goto
ARM64	265	switch
ARM64	266	case
ARM64	267	default
ARM64	268	asm
ARM64	269	__asm
ARM64	270	__asm__
ARM64	271	extern
ARM64	272	static
ARM64	273	unsigned
ARM64	274	_Atomic
ARM64	275	const
ARM64	276	__const
ARM64	277	__const__
ARM64	278	volatile
ARM64	279	__volatile
ARM64	280	__volatile__
ARM64	281	register
ARM64	282	signed
ARM64	283	__signed
ARM64	284	__signed__
ARM64	285	auto
ARM64	286	inline
ARM64	287	__inline
ARM64	288	__inline__
ARM64	289	restrict
ARM64	290	__restrict
ARM64	291	__restrict__
ARM64	292	__extension__
ARM64	293	_Thread_local
ARM64	294	__thread
ARM64	295	_Generic
ARM64	296	_Static_assert
ARM64	297	void
ARM64	298	char
ARM64	299	int
ARM64	300	float
ARM64	301	double
ARM64	302	_Bool
ARM64	303	_Complex
ARM64	304	short
ARM64	305	long
ARM64	306	struct
ARM64	307	union
ARM64	308	typedef
ARM64	309	enum
ARM64	310	sizeof
ARM64	311	__attribute
ARM64	312	__attribute__
ARM64	313	__alignof
ARM64	314	__alignof__
ARM64	315	_Alignof
ARM64	316	_Alignas
ARM64	317	typeof
ARM64	318	__typeof
ARM64	319	__typeof__
ARM64	320	__label__
ARM64	321	define
ARM64	322	include
ARM64	323	include_next
ARM64	324	ifdef
ARM64	325	ifndef
ARM64	326	elif
ARM64	327	endif
ARM64	328	defined
ARM64	329	undef
ARM64	330	error
ARM64	331	warning
ARM64	332	line
ARM64	333	pragma
ARM64	334	__LINE__
ARM64	335	__FILE__
ARM64	336	__DATE__
ARM64	337	__TIME__
ARM64	338	__FUNCTION__
ARM64	339	__VA_ARGS__
ARM64	340	__COUNTER__
ARM64	341	__has_include
ARM64	342	__has_include_next
ARM64	343	__func__
ARM64	344	__nan__
ARM64	345	__snan__
ARM64	346	__inf__
ARM64	347	section
ARM64	348	__section__
ARM64	349	aligned
ARM64	350	__aligned__
ARM64	351	packed
ARM64	352	__packed__
ARM64	353	weak
ARM64	354	__weak__
ARM64	355	alias
ARM64	356	__alias__
ARM64	357	used
ARM64	358	__used__
ARM64	359	unused
ARM64	360	__unused__
ARM64	361	format
ARM64	362	__format__
ARM64	363	nodebug
ARM64	364	__nodebug__
ARM64	365	cdecl
ARM64	366	__cdecl
ARM64	367	__cdecl__
ARM64	368	stdcall
ARM64	369	__stdcall
ARM64	370	__stdcall__
ARM64	371	fastcall
ARM64	372	__fastcall
ARM64	373	__fastcall__
ARM64	374	thiscall
ARM64	375	__thiscall
ARM64	376	__thiscall__
ARM64	377	regparm
ARM64	378	__regparm__
ARM64	379	cleanup
ARM64	380	__cleanup__
ARM64	381	constructor
ARM64	382	__constructor__
ARM64	383	destructor
ARM64	384	__destructor__
ARM64	385	always_inline
ARM64	386	__always_inline__
ARM64	387	__noinline__
ARM64	388	pure
ARM64	389	__pure__
ARM64	390	__mode__
ARM64	391	__QI__
ARM64	392	__DI__
ARM64	393	__HI__
ARM64	394	__SI__
ARM64	395	__word__
ARM64	396	dllexport
ARM64	397	dllimport
ARM64	398	nodecorate
ARM64	399	noreturn
ARM64	400	__noreturn__
ARM64	401	_Noreturn
ARM64	402	visibility
ARM64	403	__visibility__
ARM64	404	__builtin_types_compatible_p
ARM64	405	__builtin_choose_expr
ARM64	406	__builtin_constant_p
ARM64	407	__builtin_frame_address
ARM64	408	__builtin_return_address
ARM64	409	__builtin_expect
ARM64	410	__builtin_unreachable
ARM64	411	__builtin_va_start
ARM64	412	__builtin_va_arg
ARM64	413	__atomic_store
ARM64	414	__atomic_load
ARM64	415	__atomic_exchange
ARM64	416	__atomic_compare_exchange
ARM64	417	__atomic_fetch_add
ARM64	418	__atomic_fetch_sub
ARM64	419	__atomic_fetch_or
ARM64	420	__atomic_fetch_xor
ARM64	421	__atomic_fetch_and
ARM64	422	__atomic_fetch_nand
ARM64	423	__atomic_add_fetch
ARM64	424	__atomic_sub_fetch
ARM64	425	__atomic_or_fetch
ARM64	426	__atomic_xor_fetch
ARM64	427	__atomic_and_fetch
ARM64	428	__atomic_nand_fetch
ARM64	429	pack
ARM64	430	comment
ARM64	431	lib
ARM64	432	push_macro
ARM64	433	pop_macro
ARM64	434	once
ARM64	435	option
ARM64	436	memcpy
ARM64	437	memmove
ARM64	438	memset
ARM64	439	__divdi3
ARM64	440	__moddi3
ARM64	441	__udivdi3
ARM64	442	__umoddi3
ARM64	443	__ashrdi3
ARM64	444	__lshrdi3
ARM64	445	__ashldi3
ARM64	446	__floatundisf
ARM64	447	__floatundidf
ARM64	448	__floatundixf
ARM64	449	__fixunsxfdi
ARM64	450	__fixunssfdi
ARM64	451	__fixunsdfdi
ARM64	452	alloca
ARM64	453	__arm64_clear_cache
ARM64	454	__addtf3
ARM64	455	__subtf3
ARM64	456	__multf3
ARM64	457	__divtf3
ARM64	458	__extendsftf2
ARM64	459	__extenddftf2
ARM64	460	__trunctfsf2
ARM64	461	__trunctfdf2
ARM64	462	__negtf2
ARM64	463	__fixtfsi
ARM64	464	__fixtfdi
ARM64	465	__fixunstfsi
ARM64	466	__fixunstfdi
ARM64	467	__floatsitf
ARM64	468	__floatditf
ARM64	469	__floatunsitf
ARM64	470	__floatunditf
ARM64	471	__eqtf2
ARM64	472	__netf2
ARM64	473	__lttf2
ARM64	474	__letf2
ARM64	475	__gttf2
ARM64	476	__getf2
ARM64	477	.byte
ARM64	478	.word
ARM64	479	.align
ARM64	480	.balign
ARM64	481	.p2align
ARM64	482	.set
ARM64	483	.skip
ARM64	484	.space
ARM64	485	.string
ARM64	486	.asciz
ARM64	487	.ascii
ARM64	488	.file
ARM64	489	.globl
ARM64	490	.global
ARM64	491	.weak
ARM64	492	.hidden
ARM64	493	.ident
ARM64	494	.size
ARM64	495	.type
ARM64	496	.text
ARM64	497	.data
ARM64	498	.bss
ARM64	499	.previous
ARM64	500	.pushsection
ARM64	501	.popsection
ARM64	502	.fill
ARM64	503	.rept
ARM64	504	.endr
ARM64	505	.org
ARM64	506	.quad
ARM64	507	.code64
ARM64	508	.short
ARM64	509	.long
ARM64	510	.int
ARM64	511	.symver
ARM64	512	.reloc
ARM64	513	.section
ARM64	514	x0
ARM64	515	x1
ARM64	516	x2
ARM64	517	x3
ARM64	518	x4
ARM64	519	x5
ARM64	520	x6
ARM64	521	x7
ARM64	522	x8
ARM64	523	x9
ARM64	524	x10
ARM64	525	x11
ARM64	526	x12
ARM64	527	x13
ARM64	528	x14
ARM64	529	x15
ARM64	530	x16
ARM64	531	x17
ARM64	532	x18
ARM64	533	x19
ARM64	534	x20
ARM64	535	x21
ARM64	536	x22
ARM64	537	x23
ARM64	538	x24
ARM64	539	x25
ARM64	540	x26
ARM64	541	x27
ARM64	542	x28
ARM64	543	x29
ARM64	544	x30
ARM64	545	w0
ARM64	546	w1
ARM64	547	w2
ARM64	548	w3
ARM64	549	w4
ARM64	550	w5
ARM64	551	w6
ARM64	552	w7
ARM64	553	w8
ARM64	554	w9
ARM64	555	w10
ARM64	556	w11
ARM64	557	w12
ARM64	558	w13
ARM64	559	w14
ARM64	560	w15
ARM64	561	w16
ARM64	562	w17
ARM64	563	w18
ARM64	564	w19
ARM64	565	w20
ARM64	566	w21
ARM64	567	w22
ARM64	568	w23
ARM64	569	w24
ARM64	570	w25
ARM64	571	w26
ARM64	572	w27
ARM64	573	w28
ARM64	574	w29
ARM64	575	w30
ARM64	576	sp
ARM64	577	xzr
ARM64	578	wzr
ARM64	579	v0
ARM64	580	v1
ARM64	581	v2
ARM64	582	v3
ARM64	583	v4
ARM64	584	v5
ARM64	585	v6
ARM64	586	v7
ARM64	587	v8
ARM64	588	v9
ARM64	589	v10
ARM64	590	v11
ARM64	591	v12
ARM64	592	v13
ARM64	593	v14
ARM64	594	v15
ARM64	595	v16
ARM64	596	v17
ARM64	597	v18
ARM64	598	v19
ARM64	599	v20
ARM64	600	v21
ARM64	601	v22
ARM64	602	v23
ARM64	603	v24
ARM64	604	v25
ARM64	605	v26
ARM64	606	v27
ARM64	607	v28
ARM64	608	v29
ARM64	609	v30
ARM64	610	v31
ARM64	611	d0
ARM64	612	d1
ARM64	613	d2
ARM64	614	d3
ARM64	615	d4
ARM64	616	d5
ARM64	617	d6
ARM64	618	d7
ARM64	619	d8
ARM64	620	d9
ARM64	621	d10
ARM64	622	d11
ARM64	623	d12
ARM64	624	d13
ARM64	625	d14
ARM64	626	d15
ARM64	627	d16
ARM64	628	d17
ARM64	629	d18
ARM64	630	d19
ARM64	631	d20
ARM64	632	d21
ARM64	633	d22
ARM64	634	d23
ARM64	635	d24
ARM64	636	d25
ARM64	637	d26
ARM64	638	d27
ARM64	639	d28
ARM64	640	d29
ARM64	641	d30
ARM64	642	d31
ARM64	643	s0
ARM64	644	s1
ARM64	645	s2
ARM64	646	s3
ARM64	647	s4
ARM64	648	s5
ARM64	649	s6
ARM64	650	s7
ARM64	651	s8
ARM64	652	s9
ARM64	653	s10
ARM64	654	s11
ARM64	655	s12
ARM64	656	s13
ARM64	657	s14
ARM64	658	s15
ARM64	659	s16
ARM64	660	s17
ARM64	661	s18
ARM64	662	s19
ARM64	663	s20
ARM64	664	s21
ARM64	665	s22
ARM64	666	s23
ARM64	667	s24
ARM64	668	s25
ARM64	669	s26
ARM64	670	s27
ARM64	671	s28
ARM64	672	s29
ARM64	673	s30
ARM64	674	s31
ARM64	675	h0
ARM64	676	h1
ARM64	677	h2
ARM64	678	h3
ARM64	679	h4
ARM64	680	h5
ARM64	681	h6
ARM64	682	h7
ARM64	683	h8
ARM64	684	h9
ARM64	685	h10
ARM64	686	h11
ARM64	687	h12
ARM64	688	h13
ARM64	689	h14
ARM64	690	h15
ARM64	691	h16
ARM64	692	h17
ARM64	693	h18
ARM64	694	h19
ARM64	695	h20
ARM64	696	h21
ARM64	697	h22
ARM64	698	h23
ARM64	699	h24
ARM64	700	h25
ARM64	701	h26
ARM64	702	h27
ARM64	703	h28
ARM64	704	h29
ARM64	705	h30
ARM64	706	h31
ARM64	707	b0
ARM64	708	b1
ARM64	709	b2
ARM64	710	b3
ARM64	711	b4
ARM64	712	b5
ARM64	713	b6
ARM64	714	b7
ARM64	715	b8
ARM64	716	b9
ARM64	717	b10
ARM64	718	b11
ARM64	719	b12
ARM64	720	b13
ARM64	721	b14
ARM64	722	b15
ARM64	723	b16
ARM64	724	b17
ARM64	725	b18
ARM64	726	b19
ARM64	727	b20
ARM64	728	b21
ARM64	729	b22
ARM64	730	b23
ARM64	731	b24
ARM64	732	b25
ARM64	733	b26
ARM64	734	b27
ARM64	735	b28
ARM64	736	b29
ARM64	737	b30
ARM64	738	b31
ARM64	739	eq
ARM64	740	ne
ARM64	741	cs
ARM64	742	hs
ARM64	743	cc
ARM64	744	lo
ARM64	745	mi
ARM64	746	pl
ARM64	747	vs
ARM64	748	vc
ARM64	749	hi
ARM64	750	ls
ARM64	751	ge
ARM64	752	lt
ARM64	753	gt
ARM64	754	le
ARM64	755	al
ARM64	756	add
ARM64	757	adds
ARM64	758	sub
ARM64	759	subs
ARM64	760	cmn
ARM64	761	cmp
ARM64	762	neg
ARM64	763	negs
ARM64	764	adc
ARM64	765	adcs
ARM64	766	sbc
ARM64	767	sbcs
ARM64	768	ngc
ARM64	769	ngcs
ARM64	770	and
ARM64	771	ands
ARM64	772	bic
ARM64	773	bics
ARM64	774	orr
ARM64	775	orn
ARM64	776	eor
ARM64	777	eon
ARM64	778	mvn
ARM64	779	mov
ARM64	780	lsl
ARM64	781	lsr
ARM64	782	asr
ARM64	783	ror
ARM64	784	mul
ARM64	785	madd
ARM64	786	msub
ARM64	787	smaddl
ARM64	788	smsubl
ARM64	789	umaddl
ARM64	790	umsubl
ARM64	791	smulh
ARM64	792	umulh
ARM64	793	udiv
ARM64	794	sdiv
ARM64	795	movz
ARM64	796	movn
ARM64	797	movk
ARM64	798	tst
ARM64	799	teq
ARM64	800	b
ARM64	801	bl
ARM64	802	br
ARM64	803	blr
ARM64	804	ret
ARM64	805	cbz
ARM64	806	cbnz
ARM64	807	tbz
ARM64	808	tbnz
ARM64	809	beq
ARM64	810	bne
ARM64	811	bcs
ARM64	812	bhs
ARM64	813	bcc
ARM64	814	blo
ARM64	815	bmi
ARM64	816	bpl
ARM64	817	bvs
ARM64	818	bvc
ARM64	819	bhi
ARM64	820	bls
ARM64	821	bge
ARM64	822	blt
ARM64	823	bgt
ARM64	824	ble
ARM64	825	csel
ARM64	826	csinc
ARM64	827	csinv
ARM64	828	csneg
ARM64	829	ldr
ARM64	830	ldrb
ARM64	831	ldrh
ARM64	832	ldrsb
ARM64	833	ldrsh
ARM64	834	ldrsw
ARM64	835	str
ARM64	836	strb
ARM64	837	strh
ARM64	838	ldp
ARM64	839	stp
ARM64	840	ldpsw
ARM64	841	adr
ARM64	842	adrp
ARM64	843	mrs
ARM64	844	msr
ARM64	845	nop
ARM64	846	wfi
ARM64	847	wfe
ARM64	848	sev
ARM64	849	sevl
ARM64	850	isb
ARM64	851	dsb
ARM64	852	dmb
ARM64	853	yield
ARM64	854	clrex
ARM64	855	push
ARM64	856	pop
ARM64	857	fmov
ARM64	858	fadd
ARM64	859	fsub
ARM64	860	fmul
ARM64	861	fnmul
ARM64	862	fdiv
ARM64	863	fmax
ARM64	864	fmin
ARM64	865	fmaxnm
ARM64	866	fminnm
ARM64	867	fsqrt
ARM64	868	fabs
ARM64	869	fneg
ARM64	870	frintn
ARM64	871	frintp
ARM64	872	frintm
ARM64	873	frintz
ARM64	874	frinta
ARM64	875	frintx
ARM64	876	frinti
ARM64	877	fcmp
ARM64	878	fcmpe
ARM64	879	fccmp
ARM64	880	fccmpe
ARM64	881	fcvts
ARM64	882	fcvtd
ARM64	883	fcvth
ARM64	884	fcvtx
ARM64	885	scvtf
ARM64	886	ucvtf
ARM64	887	fcvtns
ARM64	888	fcvtnu
ARM64	889	fcvtps
ARM64	890	fcvtpu
ARM64	891	addv
ARM64	892	faddp
ARM64	893	fmaxp
ARM64	894	fminp
ARM64	895	fmaxnmp
ARM64	896	fminnmp
ARM64	897	addp
ARM64	898	bif
ARM64	899	bit
ARM64	900	bsl
ARM64	901	dup
ARM64	902	ext
ARM64	903	ins
ARM64	904	movi
ARM64	905	mvni
ARM64	906	not
ARM64	907	shl
ARM64	908	shll
ARM64	909	shll2
ARM64	910	sli
ARM64	911	sri
ARM64	912	sqshl
ARM64	913	sqshlu
ARM64	914	srshl
ARM64	915	sshll
ARM64	916	sshll2
ARM64	917	sshr
ARM64	918	ushll
ARM64	919	ushll2
ARM64	920	ushr
ARM64	921	bfm
ARM64	922	sbfm
ARM64	923	ubfm
ARM64	924	extr
ARM64	925	crc32b
ARM64	926	crc32h
ARM64	927	crc32w
ARM64	928	crc32x
ARM64	929	crc32cb
ARM64	930	crc32ch
ARM64	931	crc32cw
ARM64	932	crc32cx
ARM64	933	rev
ARM64	934	rev16
ARM64	935	rev32
ARM64	936	rev64
ARM64	937	clz
ARM64	938	cls
ARM64	939	rbit
ARM64	940	svc
ARM64	941	hvc
ARM64	942	smc
ARM64	943	brk
ARM64	944	hlt
ARM64	945	dcps1
ARM64	946	dcps2
ARM64	947	dcps3
ARM64	948	b_eq
ARM64	949	b_ne
ARM64	950	b_cs
ARM64	951	b_cc
ARM64	952	b_mi
ARM64	953	b_pl
ARM64	954	b_vs
ARM64	955	b_vc
ARM64	956	b_hi
ARM64	957	b_ls
ARM64	958	b_ge
ARM64	959	b_lt
ARM64	960	b_gt
ARM64	961	b_le
ARM64	962	ldxr
ARM64	963	ldxrb
ARM64	964	ldxrh
ARM64	965	stxr
ARM64	966	stxrb
ARM64	967	stxrh
ARM64	968	ldaxr
ARM64	969	ldaxrb
ARM64	970	ldaxrh
ARM64	971	stlxr
ARM64	972	stlxrb
ARM64	973	stlxrh
ARM64	974	ldar
ARM64	975	ldarb
ARM64	976	ldarh
ARM64	977	stlr
ARM64	978	stlrb
ARM64	979	stlrh
ARM64	980	ldalr
ARM64	981	ldalrb
ARM64	982	ldalrh
ARM64	983	stllr
ARM64	984	stllrb
ARM64	985	stllrh
ARM64	986	ldur
ARM64	987	ldurb
ARM64	988	ldurh
ARM64	989	ldursb
ARM64	990	ldursh
ARM64	991	ldursw
ARM64	992	stur
ARM64	993	sturb
ARM64	994	sturh
ARM64	995	ld1
ARM64	996	st1
ARM64	997	ld2
ARM64	998	st2
ARM64	999	ld3
ARM64	1000	st3
ARM64	1001	ld4
ARM64	1002	st4
ARM64	FIRST_IDENTIFIER	1003
ARM64_PE	256	if
ARM64_PE	257	else
ARM64_PE	258	while
ARM64_PE	259	for
ARM64_PE	260	do
ARM64_PE	261	continue
ARM64_PE	262	break
ARM64_PE	263	return
ARM64_PE	264	goto
ARM64_PE	265	switch
ARM64_PE	266	case
ARM64_PE	267	default
ARM64_PE	268	asm
ARM64_PE	269	__asm
ARM64_PE	270	__asm__
ARM64_PE	271	extern
ARM64_PE	272	static
ARM64_PE	273	unsigned
ARM64_PE	274	_Atomic
ARM64_PE	275	const
ARM64_PE	276	__const
ARM64_PE	277	__const__
ARM64_PE	278	volatile
ARM64_PE	279	__volatile
ARM64_PE	280	__volatile__
ARM64_PE	281	register
ARM64_PE	282	signed
ARM64_PE	283	__signed
ARM64_PE	284	__signed__
ARM64_PE	285	auto
ARM64_PE	286	inline
ARM64_PE	287	__inline
ARM64_PE	288	__inline__
ARM64_PE	289	restrict
ARM64_PE	290	__restrict
ARM64_PE	291	__restrict__
ARM64_PE	292	__extension__
ARM64_PE	293	_Thread_local
ARM64_PE	294	__thread
ARM64_PE	295	_Generic
ARM64_PE	296	_Static_assert
ARM64_PE	297	void
ARM64_PE	298	char
ARM64_PE	299	int
ARM64_PE	300	float
ARM64_PE	301	double
ARM64_PE	302	_Bool
ARM64_PE	303	_Complex
ARM64_PE	304	short
ARM64_PE	305	long
ARM64_PE	306	struct
ARM64_PE	307	union
ARM64_PE	308	typedef
ARM64_PE	309	enum
ARM64_PE	310	sizeof
ARM64_PE	311	__attribute
ARM64_PE	312	__attribute__
ARM64_PE	313	__alignof
ARM64_PE	314	__alignof__
ARM64_PE	315	_Alignof
ARM64_PE	316	_Alignas
ARM64_PE	317	typeof
ARM64_PE	318	__typeof
ARM64_PE	319	__typeof__
ARM64_PE	320	__label__
ARM64_PE	321	define
ARM64_PE	322	include
ARM64_PE	323	include_next
ARM64_PE	324	ifdef
ARM64_PE	325	ifndef
ARM64_PE	326	elif
ARM64_PE	327	endif
ARM64_PE	328	defined
ARM64_PE	329	undef
ARM64_PE	330	error
ARM64_PE	331	warning
ARM64_PE	332	line
ARM64_PE	333	pragma
ARM64_PE	334	__LINE__
ARM64_PE	335	__FILE__
ARM64_PE	336	__DATE__
ARM64_PE	337	__TIME__
ARM64_PE	338	__FUNCTION__
ARM64_PE	339	__VA_ARGS__
ARM64_PE	340	__COUNTER__
ARM64_PE	341	__has_include
ARM64_PE	342	__has_include_next
ARM64_PE	343	__func__
ARM64_PE	344	__nan__
ARM64_PE	345	__snan__
ARM64_PE	346	__inf__
ARM64_PE	347	section
ARM64_PE	348	__section__
ARM64_PE	349	aligned
ARM64_PE	350	__aligned__
ARM64_PE	351	packed
ARM64_PE	352	__packed__
ARM64_PE	353	weak
ARM64_PE	354	__weak__
ARM64_PE	355	alias
ARM64_PE	356	__alias__
ARM64_PE	357	used
ARM64_PE	358	__used__
ARM64_PE	359	unused
ARM64_PE	360	__unused__
ARM64_PE	361	format
ARM64_PE	362	__format__
ARM64_PE	363	nodebug
ARM64_PE	364	__nodebug__
ARM64_PE	365	cdecl
ARM64_PE	366	__cdecl
ARM64_PE	367	__cdecl__
ARM64_PE	368	stdcall
ARM64_PE	369	__stdcall
ARM64_PE	370	__stdcall__
ARM64_PE	371	fastcall
ARM64_PE	372	__fastcall
ARM64_PE	373	__fastcall__
ARM64_PE	374	thiscall
ARM64_PE	375	__thiscall
ARM64_PE	376	__thiscall__
ARM64_PE	377	regparm
ARM64_PE	378	__regparm__
ARM64_PE	379	cleanup
ARM64_PE	380	__cleanup__
ARM64_PE	381	constructor
ARM64_PE	382	__constructor__
ARM64_PE	383	destructor
ARM64_PE	384	__destructor__
ARM64_PE	385	always_inline
ARM64_PE	386	__always_inline__
ARM64_PE	387	__noinline__
ARM64_PE	388	pure
ARM64_PE	389	__pure__
ARM64_PE	390	__mode__
ARM64_PE	391	__QI__
ARM64_PE	392	__DI__
ARM64_PE	393	__HI__
ARM64_PE	394	__SI__
ARM64_PE	395	__word__
ARM64_PE	396	dllexport
ARM64_PE	397	dllimport
ARM64_PE	398	nodecorate
ARM64_PE	399	noreturn
ARM64_PE	400	__noreturn__
ARM64_PE	401	_Noreturn
ARM64_PE	402	visibility
ARM64_PE	403	__visibility__
ARM64_PE	404	__builtin_types_compatible_p
ARM64_PE	405	__builtin_choose_expr
ARM64_PE	406	__builtin_constant_p
ARM64_PE	407	__builtin_frame_address
ARM64_PE	408	__builtin_return_address
ARM64_PE	409	__builtin_expect
ARM64_PE	410	__builtin_unreachable
ARM64_PE	411	__builtin_va_start
ARM64_PE	412	__builtin_va_arg
ARM64_PE	413	__atomic_store
ARM64_PE	414	__atomic_load
ARM64_PE	415	__atomic_exchange
ARM64_PE	416	__atomic_compare_exchange
ARM64_PE	417	__atomic_fetch_add
ARM64_PE	418	__atomic_fetch_sub
ARM64_PE	419	__atomic_fetch_or
ARM64_PE	420	__atomic_fetch_xor
ARM64_PE	421	__atomic_fetch_and
ARM64_PE	422	__atomic_fetch_nand
ARM64_PE	423	__atomic_add_fetch
ARM64_PE	424	__atomic_sub_fetch
ARM64_PE	425	__atomic_or_fetch
ARM64_PE	426	__atomic_xor_fetch
ARM64_PE	427	__atomic_and_fetch
ARM64_PE	428	__atomic_nand_fetch
ARM64_PE	429	pack
ARM64_PE	430	comment
ARM64_PE	431	lib
ARM64_PE	432	push_macro
ARM64_PE	433	pop_macro
ARM64_PE	434	once
ARM64_PE	435	option
ARM64_PE	436	memcpy
ARM64_PE	437	memmove
ARM64_PE	438	memset
ARM64_PE	439	__divdi3
ARM64_PE	440	__moddi3
ARM64_PE	441	__udivdi3
ARM64_PE	442	__umoddi3
ARM64_PE	443	__ashrdi3
ARM64_PE	444	__lshrdi3
ARM64_PE	445	__ashldi3
ARM64_PE	446	__floatundisf
ARM64_PE	447	__floatundidf
ARM64_PE	448	__floatundixf
ARM64_PE	449	__fixunsxfdi
ARM64_PE	450	__fixunssfdi
ARM64_PE	451	__fixunsdfdi
ARM64_PE	452	alloca
ARM64_PE	453	__chkstk
ARM64_PE	454	__tls_index
ARM64_PE	455	__arm64_clear_cache
ARM64_PE	456	__addtf3
ARM64_PE	457	__subtf3
ARM64_PE	458	__multf3
ARM64_PE	459	__divtf3
ARM64_PE	460	__extendsftf2
ARM64_PE	461	__extenddftf2
ARM64_PE	462	__trunctfsf2
ARM64_PE	463	__trunctfdf2
ARM64_PE	464	__negtf2
ARM64_PE	465	__fixtfsi
ARM64_PE	466	__fixtfdi
ARM64_PE	467	__fixunstfsi
ARM64_PE	468	__fixunstfdi
ARM64_PE	469	__floatsitf
ARM64_PE	470	__floatditf
ARM64_PE	471	__floatunsitf
ARM64_PE	472	__floatunditf
ARM64_PE	473	__eqtf2
ARM64_PE	474	__netf2
ARM64_PE	475	__lttf2
ARM64_PE	476	__letf2
ARM64_PE	477	__gttf2
ARM64_PE	478	__getf2
ARM64_PE	479	.byte
ARM64_PE	480	.word
ARM64_PE	481	.align
ARM64_PE	482	.balign
ARM64_PE	483	.p2align
ARM64_PE	484	.set
ARM64_PE	485	.skip
ARM64_PE	486	.space
ARM64_PE	487	.string
ARM64_PE	488	.asciz
ARM64_PE	489	.ascii
ARM64_PE	490	.file
ARM64_PE	491	.globl
ARM64_PE	492	.global
ARM64_PE	493	.weak
ARM64_PE	494	.hidden
ARM64_PE	495	.ident
ARM64_PE	496	.size
ARM64_PE	497	.type
ARM64_PE	498	.text
ARM64_PE	499	.data
ARM64_PE	500	.bss
ARM64_PE	501	.previous
ARM64_PE	502	.pushsection
ARM64_PE	503	.popsection
ARM64_PE	504	.fill
ARM64_PE	505	.rept
ARM64_PE	506	.endr
ARM64_PE	507	.org
ARM64_PE	508	.quad
ARM64_PE	509	.code64
ARM64_PE	510	.short
ARM64_PE	511	.long
ARM64_PE	512	.int
ARM64_PE	513	.symver
ARM64_PE	514	.reloc
ARM64_PE	515	.section
ARM64_PE	516	x0
ARM64_PE	517	x1
ARM64_PE	518	x2
ARM64_PE	519	x3
ARM64_PE	520	x4
ARM64_PE	521	x5
ARM64_PE	522	x6
ARM64_PE	523	x7
ARM64_PE	524	x8
ARM64_PE	525	x9
ARM64_PE	526	x10
ARM64_PE	527	x11
ARM64_PE	528	x12
ARM64_PE	529	x13
ARM64_PE	530	x14
ARM64_PE	531	x15
ARM64_PE	532	x16
ARM64_PE	533	x17
ARM64_PE	534	x18
ARM64_PE	535	x19
ARM64_PE	536	x20
ARM64_PE	537	x21
ARM64_PE	538	x22
ARM64_PE	539	x23
ARM64_PE	540	x24
ARM64_PE	541	x25
ARM64_PE	542	x26
ARM64_PE	543	x27
ARM64_PE	544	x28
ARM64_PE	545	x29
ARM64_PE	546	x30
ARM64_PE	547	w0
ARM64_PE	548	w1
ARM64_PE	549	w2
ARM64_PE	550	w3
ARM64_PE	551	w4
ARM64_PE	552	w5
ARM64_PE	553	w6
ARM64_PE	554	w7
ARM64_PE	555	w8
ARM64_PE	556	w9
ARM64_PE	557	w10
ARM64_PE	558	w11
ARM64_PE	559	w12
ARM64_PE	560	w13
ARM64_PE	561	w14
ARM64_PE	562	w15
ARM64_PE	563	w16
ARM64_PE	564	w17
ARM64_PE	565	w18
ARM64_PE	566	w19
ARM64_PE	567	w20
ARM64_PE	568	w21
ARM64_PE	569	w22
ARM64_PE	570	w23
ARM64_PE	571	w24
ARM64_PE	572	w25
ARM64_PE	573	w26
ARM64_PE	574	w27
ARM64_PE	575	w28
ARM64_PE	576	w29
ARM64_PE	577	w30
ARM64_PE	578	sp
ARM64_PE	579	xzr
ARM64_PE	580	wzr
ARM64_PE	581	v0
ARM64_PE	582	v1
ARM64_PE	583	v2
ARM64_PE	584	v3
ARM64_PE	585	v4
ARM64_PE	586	v5
ARM64_PE	587	v6
ARM64_PE	588	v7
ARM64_PE	589	v8
ARM64_PE	590	v9
ARM64_PE	591	v10
ARM64_PE	592	v11
ARM64_PE	593	v12
ARM64_PE	594	v13
ARM64_PE	595	v14
ARM64_PE	596	v15
ARM64_PE	597	v16
ARM64_PE	598	v17
ARM64_PE	599	v18
ARM64_PE	600	v19
ARM64_PE	601	v20
ARM64_PE	602	v21
ARM64_PE	603	v22
ARM64_PE	604	v23
ARM64_PE	605	v24
ARM64_PE	606	v25
ARM64_PE	607	v26
ARM64_PE	608	v27
ARM64_PE	609	v28
ARM64_PE	610	v29
ARM64_PE	611	v30
ARM64_PE	612	v31
ARM64_PE	613	d0
ARM64_PE	614	d1
ARM64_PE	615	d2
ARM64_PE	616	d3
ARM64_PE	617	d4
ARM64_PE	618	d5
ARM64_PE	619	d6
ARM64_PE	620	d7
ARM64_PE	621	d8
ARM64_PE	622	d9
ARM64_PE	623	d10
ARM64_PE	624	d11
ARM64_PE	625	d12
ARM64_PE	626	d13
ARM64_PE	627	d14
ARM64_PE	628	d15
ARM64_PE	629	d16
ARM64_PE	630	d17
ARM64_PE	631	d18
ARM64_PE	632	d19
ARM64_PE	633	d20
ARM64_PE	634	d21
ARM64_PE	635	d22
ARM64_PE	636	d23
ARM64_PE	637	d24
ARM64_PE	638	d25
ARM64_PE	639	d26
ARM64_PE	640	d27
ARM64_PE	641	d28
ARM64_PE	642	d29
ARM64_PE	643	d30
ARM64_PE	644	d31
ARM64_PE	645	s0
ARM64_PE	646	s1
ARM64_PE	647	s2
ARM64_PE	648	s3
ARM64_PE	649	s4
ARM64_PE	650	s5
ARM64_PE	651	s6
ARM64_PE	652	s7
ARM64_PE	653	s8
ARM64_PE	654	s9
ARM64_PE	655	s10
ARM64_PE	656	s11
ARM64_PE	657	s12
ARM64_PE	658	s13
ARM64_PE	659	s14
ARM64_PE	660	s15
ARM64_PE	661	s16
ARM64_PE	662	s17
ARM64_PE	663	s18
ARM64_PE	664	s19
ARM64_PE	665	s20
ARM64_PE	666	s21
ARM64_PE	667	s22
ARM64_PE	668	s23
ARM64_PE	669	s24
ARM64_PE	670	s25
ARM64_PE	671	s26
ARM64_PE	672	s27
ARM64_PE	673	s28
ARM64_PE	674	s29
ARM64_PE	675	s30
ARM64_PE	676	s31
ARM64_PE	677	h0
ARM64_PE	678	h1
ARM64_PE	679	h2
ARM64_PE	680	h3
ARM64_PE	681	h4
ARM64_PE	682	h5
ARM64_PE	683	h6
ARM64_PE	684	h7
ARM64_PE	685	h8
ARM64_PE	686	h9
ARM64_PE	687	h10
ARM64_PE	688	h11
ARM64_PE	689	h12
ARM64_PE	690	h13
ARM64_PE	691	h14
ARM64_PE	692	h15
ARM64_PE	693	h16
ARM64_PE	694	h17
ARM64_PE	695	h18
ARM64_PE	696	h19
ARM64_PE	697	h20
ARM64_PE	698	h21
ARM64_PE	699	h22
ARM64_PE	700	h23
ARM64_PE	701	h24
ARM64_PE	702	h25
ARM64_PE	703	h26
ARM64_PE	704	h27
ARM64_PE	705	h28
ARM64_PE	706	h29
ARM64_PE	707	h30
ARM64_PE	708	h31
ARM64_PE	709	b0
ARM64_PE	710	b1
ARM64_PE	711	b2
ARM64_PE	712	b3
ARM64_PE	713	b4
ARM64_PE	714	b5
ARM64_PE	715	b6
ARM64_PE	716	b7
ARM64_PE	717	b8
ARM64_PE	718	b9
ARM64_PE	719	b10
ARM64_PE	720	b11
ARM64_PE	721	b12
ARM64_PE	722	b13
ARM64_PE	723	b14
ARM64_PE	724	b15
ARM64_PE	725	b16
ARM64_PE	726	b17
ARM64_PE	727	b18
ARM64_PE	728	b19
ARM64_PE	729	b20
ARM64_PE	730	b21
ARM64_PE	731	b22
ARM64_PE	732	b23
ARM64_PE	733	b24
ARM64_PE	734	b25
ARM64_PE	735	b26
ARM64_PE	736	b27
ARM64_PE	737	b28
ARM64_PE	738	b29
ARM64_PE	739	b30
ARM64_PE	740	b31
ARM64_PE	741	eq
ARM64_PE	742	ne
ARM64_PE	743	cs
ARM64_PE	744	hs
ARM64_PE	745	cc
ARM64_PE	746	lo
ARM64_PE	747	mi
ARM64_PE	748	pl
ARM64_PE	749	vs
ARM64_PE	750	vc
ARM64_PE	751	hi
ARM64_PE	752	ls
ARM64_PE	753	ge
ARM64_PE	754	lt
ARM64_PE	755	gt
ARM64_PE	756	le
ARM64_PE	757	al
ARM64_PE	758	add
ARM64_PE	759	adds
ARM64_PE	760	sub
ARM64_PE	761	subs
ARM64_PE	762	cmn
ARM64_PE	763	cmp
ARM64_PE	764	neg
ARM64_PE	765	negs
ARM64_PE	766	adc
ARM64_PE	767	adcs
ARM64_PE	768	sbc
ARM64_PE	769	sbcs
ARM64_PE	770	ngc
ARM64_PE	771	ngcs
ARM64_PE	772	and
ARM64_PE	773	ands
ARM64_PE	774	bic
ARM64_PE	775	bics
ARM64_PE	776	orr
ARM64_PE	777	orn
ARM64_PE	778	eor
ARM64_PE	779	eon
ARM64_PE	780	mvn
ARM64_PE	781	mov
ARM64_PE	782	lsl
ARM64_PE	783	lsr
ARM64_PE	784	asr
ARM64_PE	785	ror
ARM64_PE	786	mul
ARM64_PE	787	madd
ARM64_PE	788	msub
ARM64_PE	789	smaddl
ARM64_PE	790	smsubl
ARM64_PE	791	umaddl
ARM64_PE	792	umsubl
ARM64_PE	793	smulh
ARM64_PE	794	umulh
ARM64_PE	795	udiv
ARM64_PE	796	sdiv
ARM64_PE	797	movz
ARM64_PE	798	movn
ARM64_PE	799	movk
ARM64_PE	800	tst
ARM64_PE	801	teq
ARM64_PE	802	b
ARM64_PE	803	bl
ARM64_PE	804	br
ARM64_PE	805	blr
ARM64_PE	806	ret
ARM64_PE	807	cbz
ARM64_PE	808	cbnz
ARM64_PE	809	tbz
ARM64_PE	810	tbnz
ARM64_PE	811	beq
ARM64_PE	812	bne
ARM64_PE	813	bcs
ARM64_PE	814	bhs
ARM64_PE	815	bcc
ARM64_PE	816	blo
ARM64_PE	817	bmi
ARM64_PE	818	bpl
ARM64_PE	819	bvs
ARM64_PE	820	bvc
ARM64_PE	821	bhi
ARM64_PE	822	bls
ARM64_PE	823	bge
ARM64_PE	824	blt
ARM64_PE	825	bgt
ARM64_PE	826	ble
ARM64_PE	827	csel
ARM64_PE	828	csinc
ARM64_PE	829	csinv
ARM64_PE	830	csneg
ARM64_PE	831	ldr
ARM64_PE	832	ldrb
ARM64_PE	833	ldrh
ARM64_PE	834	ldrsb
ARM64_PE	835	ldrsh
ARM64_PE	836	ldrsw
ARM64_PE	837	str
ARM64_PE	838	strb
ARM64_PE	839	strh
ARM64_PE	840	ldp
ARM64_PE	841	stp
ARM64_PE	842	ldpsw
ARM64_PE	843	adr
ARM64_PE	844	adrp
ARM64_PE	845	mrs
ARM64_PE	846	msr
ARM64_PE	847	nop
ARM64_PE	848	wfi
ARM64_PE	849	wfe
ARM64_PE	850	sev
ARM64_PE	851	sevl
ARM64_PE	852	isb
ARM64_PE	853	dsb
ARM64_PE	854	dmb
ARM64_PE	855	yield
ARM64_PE	856	clrex
ARM64_PE	857	push
ARM64_PE	858	pop
ARM64_PE	859	fmov
ARM64_PE	860	fadd
ARM64_PE	861	fsub
ARM64_PE	862	fmul
ARM64_PE	863	fnmul
ARM64_PE	864	fdiv
ARM64_PE	865	fmax
ARM64_PE	866	fmin
ARM64_PE	867	fmaxnm
ARM64_PE	868	fminnm
ARM64_PE	869	fsqrt
ARM64_PE	870	fabs
ARM64_PE	871	fneg
ARM64_PE	872	frintn
ARM64_PE	873	frintp
ARM64_PE	874	frintm
ARM64_PE	875	frintz
ARM64_PE	876	frinta
ARM64_PE	877	frintx
ARM64_PE	878	frinti
ARM64_PE	879	fcmp
ARM64_PE	880	fcmpe
ARM64_PE	881	fccmp
ARM64_PE	882	fccmpe
ARM64_PE	883	fcvts
ARM64_PE	884	fcvtd
ARM64_PE	885	fcvth
ARM64_PE	886	fcvtx
ARM64_PE	887	scvtf
ARM64_PE	888	ucvtf
ARM64_PE	889	fcvtns
ARM64_PE	890	fcvtnu
ARM64_PE	891	fcvtps
ARM64_PE	892	fcvtpu
ARM64_PE	893	addv
ARM64_PE	894	faddp
ARM64_PE	895	fmaxp
ARM64_PE	896	fminp
ARM64_PE	897	fmaxnmp
ARM64_PE	898	fminnmp
ARM64_PE	899	addp
ARM64_PE	900	bif
ARM64_PE	901	bit
ARM64_PE	902	bsl
ARM64_PE	903	dup
ARM64_PE	904	ext
ARM64_PE	905	ins
ARM64_PE	906	movi
ARM64_PE	907	mvni
ARM64_PE	908	not
ARM64_PE	909	shl
ARM64_PE	910	shll
ARM64_PE	911	shll2
ARM64_PE	912	sli
ARM64_PE	913	sri
ARM64_PE	914	sqshl
ARM64_PE	915	sqshlu
ARM64_PE	916	srshl
ARM64_PE	917	sshll
ARM64_PE	918	sshll2
ARM64_PE	919	sshr
ARM64_PE	920	ushll
ARM64_PE	921	ushll2
ARM64_PE	922	ushr
ARM64_PE	923	bfm
ARM64_PE	924	sbfm
ARM64_PE	925	ubfm
ARM64_PE	926	extr
ARM64_PE	927	crc32b
ARM64_PE	928	crc32h
ARM64_PE	929	crc32w
ARM64_PE	930	crc32x
ARM64_PE	931	crc32cb
ARM64_PE	932	crc32ch
ARM64_PE	933	crc32cw
ARM64_PE	934	crc32cx
ARM64_PE	935	rev
ARM64_PE	936	rev16
ARM64_PE	937	rev32
ARM64_PE	938	rev64
ARM64_PE	939	clz
ARM64_PE	940	cls
ARM64_PE	941	rbit
ARM64_PE	942	svc
ARM64_PE	943	hvc
ARM64_PE	944	smc
ARM64_PE	945	brk
ARM64_PE	946	hlt
ARM64_PE	947	dcps1
ARM64_PE	948	dcps2
ARM64_PE	949	dcps3
ARM64_PE	950	b_eq
ARM64_PE	951	b_ne
ARM64_PE	952	b_cs
ARM64_PE	953	b_cc
ARM64_PE	954	b_mi
ARM64_PE	955	b_pl
ARM64_PE	956	b_vs
ARM64_PE	957	b_vc
ARM64_PE	958	b_hi
ARM64_PE	959	b_ls
ARM64_PE	960	b_ge
ARM64_PE	961	b_lt
ARM64_PE	962	b_gt
ARM64_PE	963	b_le
ARM64_PE	964	ldxr
ARM64_PE	965	ldxrb
ARM64_PE	966	ldxrh
ARM64_PE	967	stxr
ARM64_PE	968	stxrb
ARM64_PE	969	stxrh
ARM64_PE	970	ldaxr
ARM64_PE	971	ldaxrb
ARM64_PE	972	ldaxrh
ARM64_PE	973	stlxr
ARM64_PE	974	stlxrb
ARM64_PE	975	stlxrh
ARM64_PE	976	ldar
ARM64_PE	977	ldarb
ARM64_PE	978	ldarh
ARM64_PE	979	stlr
ARM64_PE	980	stlrb
ARM64_PE	981	stlrh
ARM64_PE	982	ldalr
ARM64_PE	983	ldalrb
ARM64_PE	984	ldalrh
ARM64_PE	985	stllr
ARM64_PE	986	stllrb
ARM64_PE	987	stllrh
ARM64_PE	988	ldur
ARM64_PE	989	ldurb
ARM64_PE	990	ldurh
ARM64_PE	991	ldursb
ARM64_PE	992	ldursh
ARM64_PE	993	ldursw
ARM64_PE	994	stur
ARM64_PE	995	sturb
ARM64_PE	996	sturh
ARM64_PE	997	ld1
ARM64_PE	998	st1
ARM64_PE	999	ld2
ARM64_PE	1000	st2
ARM64_PE	1001	ld3
ARM64_PE	1002	st3
ARM64_PE	1003	ld4
ARM64_PE	1004	st4
ARM64_PE	FIRST_IDENTIFIER	1005
RISCV64	256	if
RISCV64	257	else
RISCV64	258	while
RISCV64	259	for
RISCV64	260	do
RISCV64	261	continue
RISCV64	262	break
RISCV64	263	return
RISCV64	264	goto
RISCV64	265	switch
RISCV64	266	case
RISCV64	267	default
RISCV64	268	asm
RISCV64	269	__asm
RISCV64	270	__asm__
RISCV64	271	extern
RISCV64	272	static
RISCV64	273	unsigned
RISCV64	274	_Atomic
RISCV64	275	const
RISCV64	276	__const
RISCV64	277	__const__
RISCV64	278	volatile
RISCV64	279	__volatile
RISCV64	280	__volatile__
RISCV64	281	register
RISCV64	282	signed
RISCV64	283	__signed
RISCV64	284	__signed__
RISCV64	285	auto
RISCV64	286	inline
RISCV64	287	__inline
RISCV64	288	__inline__
RISCV64	289	restrict
RISCV64	290	__restrict
RISCV64	291	__restrict__
RISCV64	292	__extension__
RISCV64	293	_Thread_local
RISCV64	294	__thread
RISCV64	295	_Generic
RISCV64	296	_Static_assert
RISCV64	297	void
RISCV64	298	char
RISCV64	299	int
RISCV64	300	float
RISCV64	301	double
RISCV64	302	_Bool
RISCV64	303	_Complex
RISCV64	304	short
RISCV64	305	long
RISCV64	306	struct
RISCV64	307	union
RISCV64	308	typedef
RISCV64	309	enum
RISCV64	310	sizeof
RISCV64	311	__attribute
RISCV64	312	__attribute__
RISCV64	313	__alignof
RISCV64	314	__alignof__
RISCV64	315	_Alignof
RISCV64	316	_Alignas
RISCV64	317	typeof
RISCV64	318	__typeof
RISCV64	319	__typeof__
RISCV64	320	__label__
RISCV64	321	define
RISCV64	322	include
RISCV64	323	include_next
RISCV64	324	ifdef
RISCV64	325	ifndef
RISCV64	326	elif
RISCV64	327	endif
RISCV64	328	defined
RISCV64	329	undef
RISCV64	330	error
RISCV64	331	warning
RISCV64	332	line
RISCV64	333	pragma
RISCV64	334	__LINE__
RISCV64	335	__FILE__
RISCV64	336	__DATE__
RISCV64	337	__TIME__
RISCV64	338	__FUNCTION__
RISCV64	339	__VA_ARGS__
RISCV64	340	__COUNTER__
RISCV64	341	__has_include
RISCV64	342	__has_include_next
RISCV64	343	__func__
RISCV64	344	__nan__
RISCV64	345	__snan__
RISCV64	346	__inf__
RISCV64	347	section
RISCV64	348	__section__
RISCV64	349	aligned
RISCV64	350	__aligned__
RISCV64	351	packed
RISCV64	352	__packed__
RISCV64	353	weak
RISCV64	354	__weak__
RISCV64	355	alias
RISCV64	356	__alias__
RISCV64	357	used
RISCV64	358	__used__
RISCV64	359	unused
RISCV64	360	__unused__
RISCV64	361	format
RISCV64	362	__format__
RISCV64	363	nodebug
RISCV64	364	__nodebug__
RISCV64	365	cdecl
RISCV64	366	__cdecl
RISCV64	367	__cdecl__
RISCV64	368	stdcall
RISCV64	369	__stdcall
RISCV64	370	__stdcall__
RISCV64	371	fastcall
RISCV64	372	__fastcall
RISCV64	373	__fastcall__
RISCV64	374	thiscall
RISCV64	375	__thiscall
RISCV64	376	__thiscall__
RISCV64	377	regparm
RISCV64	378	__regparm__
RISCV64	379	cleanup
RISCV64	380	__cleanup__
RISCV64	381	constructor
RISCV64	382	__constructor__
RISCV64	383	destructor
RISCV64	384	__destructor__
RISCV64	385	always_inline
RISCV64	386	__always_inline__
RISCV64	387	__noinline__
RISCV64	388	pure
RISCV64	389	__pure__
RISCV64	390	__mode__
RISCV64	391	__QI__
RISCV64	392	__DI__
RISCV64	393	__HI__
RISCV64	394	__SI__
RISCV64	395	__word__
RISCV64	396	dllexport
RISCV64	397	dllimport
RISCV64	398	nodecorate
RISCV64	399	noreturn
RISCV64	400	__noreturn__
RISCV64	401	_Noreturn
RISCV64	402	visibility
RISCV64	403	__visibility__
RISCV64	404	__builtin_types_compatible_p
RISCV64	405	__builtin_choose_expr
RISCV64	406	__builtin_constant_p
RISCV64	407	__builtin_frame_address
RISCV64	408	__builtin_return_address
RISCV64	409	__builtin_expect
RISCV64	410	__builtin_unreachable
RISCV64	411	__builtin_va_start
RISCV64	412	__atomic_store
RISCV64	413	__atomic_load
RISCV64	414	__atomic_exchange
RISCV64	415	__atomic_compare_exchange
RISCV64	416	__atomic_fetch_add
RISCV64	417	__atomic_fetch_sub
RISCV64	418	__atomic_fetch_or
RISCV64	419	__atomic_fetch_xor
RISCV64	420	__atomic_fetch_and
RISCV64	421	__atomic_fetch_nand
RISCV64	422	__atomic_add_fetch
RISCV64	423	__atomic_sub_fetch
RISCV64	424	__atomic_or_fetch
RISCV64	425	__atomic_xor_fetch
RISCV64	426	__atomic_and_fetch
RISCV64	427	__atomic_nand_fetch
RISCV64	428	pack
RISCV64	429	comment
RISCV64	430	lib
RISCV64	431	push_macro
RISCV64	432	pop_macro
RISCV64	433	once
RISCV64	434	option
RISCV64	435	memcpy
RISCV64	436	memmove
RISCV64	437	memset
RISCV64	438	__divdi3
RISCV64	439	__moddi3
RISCV64	440	__udivdi3
RISCV64	441	__umoddi3
RISCV64	442	__ashrdi3
RISCV64	443	__lshrdi3
RISCV64	444	__ashldi3
RISCV64	445	__floatundisf
RISCV64	446	__floatundidf
RISCV64	447	__floatundixf
RISCV64	448	__fixunsxfdi
RISCV64	449	__fixunssfdi
RISCV64	450	__fixunsdfdi
RISCV64	451	alloca
RISCV64	452	__riscv64_clear_cache
RISCV64	453	__addtf3
RISCV64	454	__subtf3
RISCV64	455	__multf3
RISCV64	456	__divtf3
RISCV64	457	__extendsftf2
RISCV64	458	__extenddftf2
RISCV64	459	__trunctfsf2
RISCV64	460	__trunctfdf2
RISCV64	461	__negtf2
RISCV64	462	__fixtfsi
RISCV64	463	__fixtfdi
RISCV64	464	__fixunstfsi
RISCV64	465	__fixunstfdi
RISCV64	466	__floatsitf
RISCV64	467	__floatditf
RISCV64	468	__floatunsitf
RISCV64	469	__floatunditf
RISCV64	470	__eqtf2
RISCV64	471	__netf2
RISCV64	472	__lttf2
RISCV64	473	__letf2
RISCV64	474	__gttf2
RISCV64	475	__getf2
RISCV64	476	.byte
RISCV64	477	.word
RISCV64	478	.align
RISCV64	479	.balign
RISCV64	480	.p2align
RISCV64	481	.set
RISCV64	482	.skip
RISCV64	483	.space
RISCV64	484	.string
RISCV64	485	.asciz
RISCV64	486	.ascii
RISCV64	487	.file
RISCV64	488	.globl
RISCV64	489	.global
RISCV64	490	.weak
RISCV64	491	.hidden
RISCV64	492	.ident
RISCV64	493	.size
RISCV64	494	.type
RISCV64	495	.text
RISCV64	496	.data
RISCV64	497	.bss
RISCV64	498	.previous
RISCV64	499	.pushsection
RISCV64	500	.popsection
RISCV64	501	.fill
RISCV64	502	.rept
RISCV64	503	.endr
RISCV64	504	.org
RISCV64	505	.quad
RISCV64	506	.code64
RISCV64	507	.option
RISCV64	508	.short
RISCV64	509	.long
RISCV64	510	.int
RISCV64	511	.symver
RISCV64	512	.reloc
RISCV64	513	.section
RISCV64	514	x0
RISCV64	515	x1
RISCV64	516	x2
RISCV64	517	x3
RISCV64	518	x4
RISCV64	519	x5
RISCV64	520	x6
RISCV64	521	x7
RISCV64	522	x8
RISCV64	523	x9
RISCV64	524	x10
RISCV64	525	x11
RISCV64	526	x12
RISCV64	527	x13
RISCV64	528	x14
RISCV64	529	x15
RISCV64	530	x16
RISCV64	531	x17
RISCV64	532	x18
RISCV64	533	x19
RISCV64	534	x20
RISCV64	535	x21
RISCV64	536	x22
RISCV64	537	x23
RISCV64	538	x24
RISCV64	539	x25
RISCV64	540	x26
RISCV64	541	x27
RISCV64	542	x28
RISCV64	543	x29
RISCV64	544	x30
RISCV64	545	x31
RISCV64	546	f0
RISCV64	547	f1
RISCV64	548	f2
RISCV64	549	f3
RISCV64	550	f4
RISCV64	551	f5
RISCV64	552	f6
RISCV64	553	f7
RISCV64	554	f8
RISCV64	555	f9
RISCV64	556	f10
RISCV64	557	f11
RISCV64	558	f12
RISCV64	559	f13
RISCV64	560	f14
RISCV64	561	f15
RISCV64	562	f16
RISCV64	563	f17
RISCV64	564	f18
RISCV64	565	f19
RISCV64	566	f20
RISCV64	567	f21
RISCV64	568	f22
RISCV64	569	f23
RISCV64	570	f24
RISCV64	571	f25
RISCV64	572	f26
RISCV64	573	f27
RISCV64	574	f28
RISCV64	575	f29
RISCV64	576	f30
RISCV64	577	f31
RISCV64	578	zero
RISCV64	579	ra
RISCV64	580	sp
RISCV64	581	gp
RISCV64	582	tp
RISCV64	583	t0
RISCV64	584	t1
RISCV64	585	t2
RISCV64	586	s0
RISCV64	587	s1
RISCV64	588	a0
RISCV64	589	a1
RISCV64	590	a2
RISCV64	591	a3
RISCV64	592	a4
RISCV64	593	a5
RISCV64	594	a6
RISCV64	595	a7
RISCV64	596	s2
RISCV64	597	s3
RISCV64	598	s4
RISCV64	599	s5
RISCV64	600	s6
RISCV64	601	s7
RISCV64	602	s8
RISCV64	603	s9
RISCV64	604	s10
RISCV64	605	s11
RISCV64	606	t3
RISCV64	607	t4
RISCV64	608	t5
RISCV64	609	t6
RISCV64	610	ft0
RISCV64	611	ft1
RISCV64	612	ft2
RISCV64	613	ft3
RISCV64	614	ft4
RISCV64	615	ft5
RISCV64	616	ft6
RISCV64	617	ft7
RISCV64	618	fs0
RISCV64	619	fs1
RISCV64	620	fa0
RISCV64	621	fa1
RISCV64	622	fa2
RISCV64	623	fa3
RISCV64	624	fa4
RISCV64	625	fa5
RISCV64	626	fa6
RISCV64	627	fa7
RISCV64	628	fs2
RISCV64	629	fs3
RISCV64	630	fs4
RISCV64	631	fs5
RISCV64	632	fs6
RISCV64	633	fs7
RISCV64	634	fs8
RISCV64	635	fs9
RISCV64	636	fs10
RISCV64	637	fs11
RISCV64	638	ft8
RISCV64	639	ft9
RISCV64	640	ft10
RISCV64	641	ft11
RISCV64	642	pc
RISCV64	643	lb
RISCV64	644	lh
RISCV64	645	lw
RISCV64	646	lbu
RISCV64	647	lhu
RISCV64	648	ld
RISCV64	649	lwu
RISCV64	650	sb
RISCV64	651	sh
RISCV64	652	sw
RISCV64	653	sd
RISCV64	654	sll
RISCV64	655	srl
RISCV64	656	sra
RISCV64	657	slli
RISCV64	658	srli
RISCV64	659	sllw
RISCV64	660	slliw
RISCV64	661	srlw
RISCV64	662	srliw
RISCV64	663	srai
RISCV64	664	sraw
RISCV64	665	sraiw
RISCV64	666	add
RISCV64	667	addi
RISCV64	668	sub
RISCV64	669	lui
RISCV64	670	auipc
RISCV64	671	addw
RISCV64	672	addiw
RISCV64	673	subw
RISCV64	674	xor
RISCV64	675	xori
RISCV64	676	or
RISCV64	677	ori
RISCV64	678	and
RISCV64	679	andi
RISCV64	680	slt
RISCV64	681	slti
RISCV64	682	sltu
RISCV64	683	sltiu
RISCV64	684	beq
RISCV64	685	bne
RISCV64	686	blt
RISCV64	687	bge
RISCV64	688	bltu
RISCV64	689	bgeu
RISCV64	690	jal
RISCV64	691	jalr
RISCV64	692	fence
RISCV64	693	fence.i
RISCV64	694	ecall
RISCV64	695	ebreak
RISCV64	696	rdcycle
RISCV64	697	rdcycleh
RISCV64	698	rdtime
RISCV64	699	rdtimeh
RISCV64	700	rdinstret
RISCV64	701	rdinstreth
RISCV64	702	mul
RISCV64	703	mulh
RISCV64	704	mulhsu
RISCV64	705	mulhu
RISCV64	706	div
RISCV64	707	divu
RISCV64	708	rem
RISCV64	709	remu
RISCV64	710	mulw
RISCV64	711	divw
RISCV64	712	divuw
RISCV64	713	remw
RISCV64	714	remuw
RISCV64	715	fsgnj.s
RISCV64	716	fsgnj.d
RISCV64	717	fadd.s
RISCV64	718	fadd.d
RISCV64	719	fsub.s
RISCV64	720	fsub.d
RISCV64	721	fmul.s
RISCV64	722	fmul.d
RISCV64	723	fdiv.s
RISCV64	724	fdiv.d
RISCV64	725	fmadd.s
RISCV64	726	fmadd.d
RISCV64	727	fmax.s
RISCV64	728	fmax.d
RISCV64	729	fmin.s
RISCV64	730	fmin.d
RISCV64	731	fsqrt.s
RISCV64	732	fsqrt.d
RISCV64	733	feq.s
RISCV64	734	feq.d
RISCV64	735	flt.s
RISCV64	736	flt.d
RISCV64	737	fle.s
RISCV64	738	fle.d
RISCV64	739	fclass.s
RISCV64	740	fclass.d
RISCV64	741	fcvt.w.s
RISCV64	742	fcvt.wu.s
RISCV64	743	fcvt.l.s
RISCV64	744	fcvt.lu.s
RISCV64	745	fcvt.s.w
RISCV64	746	fcvt.s.wu
RISCV64	747	fcvt.s.l
RISCV64	748	fcvt.s.lu
RISCV64	749	fcvt.w.d
RISCV64	750	fcvt.wu.d
RISCV64	751	fcvt.l.d
RISCV64	752	fcvt.lu.d
RISCV64	753	fcvt.d.w
RISCV64	754	fcvt.d.wu
RISCV64	755	fcvt.d.l
RISCV64	756	fcvt.d.lu
RISCV64	757	fcvt.s.d
RISCV64	758	fcvt.d.s
RISCV64	759	c.nop
RISCV64	760	c.li
RISCV64	761	c.lw
RISCV64	762	c.lwsp
RISCV64	763	c.flw
RISCV64	764	c.flwsp
RISCV64	765	c.fld
RISCV64	766	c.fldsp
RISCV64	767	c.ld
RISCV64	768	c.ldsp
RISCV64	769	c.sw
RISCV64	770	c.sd
RISCV64	771	c.swsp
RISCV64	772	c.sdsp
RISCV64	773	c.fsw
RISCV64	774	c.fswsp
RISCV64	775	c.fsd
RISCV64	776	c.fsdsp
RISCV64	777	c.slli
RISCV64	778	c.srli
RISCV64	779	c.srai
RISCV64	780	c.add
RISCV64	781	c.addi
RISCV64	782	c.addi16sp
RISCV64	783	c.addi4spn
RISCV64	784	c.lui
RISCV64	785	c.sub
RISCV64	786	c.mv
RISCV64	787	c.addw
RISCV64	788	c.addiw
RISCV64	789	c.subw
RISCV64	790	c.xor
RISCV64	791	c.or
RISCV64	792	c.and
RISCV64	793	c.andi
RISCV64	794	c.beqz
RISCV64	795	c.bnez
RISCV64	796	c.j
RISCV64	797	c.jr
RISCV64	798	c.jal
RISCV64	799	c.jalr
RISCV64	800	c.ebreak
RISCV64	801	csrrw
RISCV64	802	csrrs
RISCV64	803	csrrc
RISCV64	804	csrrwi
RISCV64	805	csrrsi
RISCV64	806	csrrci
RISCV64	807	cycle
RISCV64	808	fcsr
RISCV64	809	fflags
RISCV64	810	frm
RISCV64	811	instret
RISCV64	812	time
RISCV64	813	cycleh
RISCV64	814	instreth
RISCV64	815	timeh
RISCV64	816	csrc
RISCV64	817	csrci
RISCV64	818	csrr
RISCV64	819	csrs
RISCV64	820	csrsi
RISCV64	821	csrw
RISCV64	822	csrwi
RISCV64	823	frcsr
RISCV64	824	frflags
RISCV64	825	frrm
RISCV64	826	fscsr
RISCV64	827	fsflags
RISCV64	828	fsrm
RISCV64	829	mrts
RISCV64	830	mrth
RISCV64	831	hrts
RISCV64	832	wfi
RISCV64	833	beqz
RISCV64	834	bgez
RISCV64	835	bgt
RISCV64	836	bgtu
RISCV64	837	bgtz
RISCV64	838	ble
RISCV64	839	bleu
RISCV64	840	blez
RISCV64	841	bltz
RISCV64	842	bnez
RISCV64	843	call
RISCV64	844	fabs.d
RISCV64	845	fabs.s
RISCV64	846	fld
RISCV64	847	flw
RISCV64	848	fmv.d
RISCV64	849	fmv.s
RISCV64	850	fneg.d
RISCV64	851	fneg.s
RISCV64	852	fsd
RISCV64	853	fsw
RISCV64	854	j
RISCV64	855	jump
RISCV64	856	jr
RISCV64	857	la
RISCV64	858	li
RISCV64	859	lla
RISCV64	860	mv
RISCV64	861	neg
RISCV64	862	negw
RISCV64	863	nop
RISCV64	864	not
RISCV64	865	ret
RISCV64	866	seqz
RISCV64	867	sext.w
RISCV64	868	sgtz
RISCV64	869	sltz
RISCV64	870	snez
RISCV64	871	tail
RISCV64	872	arch
RISCV64	873	rvc
RISCV64	874	norvc
RISCV64	875	pic
RISCV64	876	nopic
RISCV64	877	relax
RISCV64	878	norelax
RISCV64	879	push
RISCV64	880	pop
RISCV64	881	lr.w
RISCV64	882	lr.w.aq
RISCV64	883	lr.w.rl
RISCV64	884	lr.w.aqrl
RISCV64	885	lr.d
RISCV64	886	lr.d.aq
RISCV64	887	lr.d.rl
RISCV64	888	lr.d.aqrl
RISCV64	889	sc.w
RISCV64	890	sc.w.aq
RISCV64	891	sc.w.rl
RISCV64	892	sc.w.aqrl
RISCV64	893	sc.d
RISCV64	894	sc.d.aq
RISCV64	895	sc.d.rl
RISCV64	896	sc.d.aqrl
RISCV64	897	amoadd.w
RISCV64	898	amoadd.d
RISCV64	899	amoswap.w
RISCV64	900	amoswap.d
RISCV64	901	amoand.w
RISCV64	902	amoand.d
RISCV64	903	amoor.w
RISCV64	904	amoor.d
RISCV64	905	amoxor.w
RISCV64	906	amoxor.d
RISCV64	907	amomax.w
RISCV64	908	amomax.d
RISCV64	909	amomaxu.w
RISCV64	910	amomaxu.d
RISCV64	911	amomin.w
RISCV64	912	amomin.d
RISCV64	913	amominu.w
RISCV64	914	amominu.d
RISCV64	915	amoadd.w.aq
RISCV64	916	amoadd.w.rl
RISCV64	917	amoadd.w.aqrl
RISCV64	918	amoadd.d.aq
RISCV64	919	amoadd.d.rl
RISCV64	920	amoadd.d.aqrl
RISCV64	921	amoswap.w.aq
RISCV64	922	amoswap.w.rl
RISCV64	923	amoswap.w.aqrl
RISCV64	924	amoswap.d.aq
RISCV64	925	amoswap.d.rl
RISCV64	926	amoswap.d.aqrl
RISCV64	927	amoand.w.aq
RISCV64	928	amoand.w.rl
RISCV64	929	amoand.w.aqrl
RISCV64	930	amoand.d.aq
RISCV64	931	amoand.d.rl
RISCV64	932	amoand.d.aqrl
RISCV64	933	amoor.w.aq
RISCV64	934	amoor.w.rl
RISCV64	935	amoor.w.aqrl
RISCV64	936	amoor.d.aq
RISCV64	937	amoor.d.rl
RISCV64	938	amoor.d.aqrl
RISCV64	939	amoxor.w.aq
RISCV64	940	amoxor.w.rl
RISCV64	941	amoxor.w.aqrl
RISCV64	942	amoxor.d.aq
RISCV64	943	amoxor.d.rl
RISCV64	944	amoxor.d.aqrl
RISCV64	945	amomax.w.aq
RISCV64	946	amomax.w.rl
RISCV64	947	amomax.w.aqrl
RISCV64	948	amomax.d.aq
RISCV64	949	amomax.d.rl
RISCV64	950	amomax.d.aqrl
RISCV64	951	amomaxu.w.aq
RISCV64	952	amomaxu.w.rl
RISCV64	953	amomaxu.w.aqrl
RISCV64	954	amomaxu.d.aq
RISCV64	955	amomaxu.d.rl
RISCV64	956	amomaxu.d.aqrl
RISCV64	957	amomin.w.aq
RISCV64	958	amomin.w.rl
RISCV64	959	amomin.w.aqrl
RISCV64	960	amomin.d.aq
RISCV64	961	amomin.d.rl
RISCV64	962	amomin.d.aqrl
RISCV64	963	amominu.w.aq
RISCV64	964	amominu.w.rl
RISCV64	965	amominu.w.aqrl
RISCV64	966	amominu.d.aq
RISCV64	967	amominu.d.rl
RISCV64	968	amominu.d.aqrl
RISCV64	969	rne
RISCV64	970	rtz
RISCV64	971	rdn
RISCV64	972	rup
RISCV64	973	rmm
RISCV64	974	w
RISCV64	975	r
RISCV64	976	rw
RISCV64	977	o
RISCV64	978	ow
RISCV64	979	orw
RISCV64	980	i
RISCV64	981	iw
RISCV64	982	ir
RISCV64	983	irw
RISCV64	984	io
RISCV64	985	iow
RISCV64	986	ior
RISCV64	987	iorw
RISCV64	FIRST_IDENTIFIER	988
C67	256	if
C67	257	else
C67	258	while
C67	259	for
C67	260	do
C67	261	continue
C67	262	break
C67	263	return
C67	264	goto
C67	265	switch
C67	266	case
C67	267	default
C67	268	asm
C67	269	__asm
C67	270	__asm__
C67	271	extern
C67	272	static
C67	273	unsigned
C67	274	_Atomic
C67	275	const
C67	276	__const
C67	277	__const__
C67	278	volatile
C67	279	__volatile
C67	280	__volatile__
C67	281	register
C67	282	signed
C67	283	__signed
C67	284	__signed__
C67	285	auto
C67	286	inline
C67	287	__inline
C67	288	__inline__
C67	289	restrict
C67	290	__restrict
C67	291	__restrict__
C67	292	__extension__
C67	293	_Thread_local
C67	294	__thread
C67	295	_Generic
C67	296	_Static_assert
C67	297	void
C67	298	char
C67	299	int
C67	300	float
C67	301	double
C67	302	_Bool
C67	303	_Complex
C67	304	short
C67	305	long
C67	306	struct
C67	307	union
C67	308	typedef
C67	309	enum
C67	310	sizeof
C67	311	__attribute
C67	312	__attribute__
C67	313	__alignof
C67	314	__alignof__
C67	315	_Alignof
C67	316	_Alignas
C67	317	typeof
C67	318	__typeof
C67	319	__typeof__
C67	320	__label__
C67	321	define
C67	322	include
C67	323	include_next
C67	324	ifdef
C67	325	ifndef
C67	326	elif
C67	327	endif
C67	328	defined
C67	329	undef
C67	330	error
C67	331	warning
C67	332	line
C67	333	pragma
C67	334	__LINE__
C67	335	__FILE__
C67	336	__DATE__
C67	337	__TIME__
C67	338	__FUNCTION__
C67	339	__VA_ARGS__
C67	340	__COUNTER__
C67	341	__has_include
C67	342	__has_include_next
C67	343	__func__
C67	344	__nan__
C67	345	__snan__
C67	346	__inf__
C67	347	section
C67	348	__section__
C67	349	aligned
C67	350	__aligned__
C67	351	packed
C67	352	__packed__
C67	353	weak
C67	354	__weak__
C67	355	alias
C67	356	__alias__
C67	357	used
C67	358	__used__
C67	359	unused
C67	360	__unused__
C67	361	format
C67	362	__format__
C67	363	nodebug
C67	364	__nodebug__
C67	365	cdecl
C67	366	__cdecl
C67	367	__cdecl__
C67	368	stdcall
C67	369	__stdcall
C67	370	__stdcall__
C67	371	fastcall
C67	372	__fastcall
C67	373	__fastcall__
C67	374	thiscall
C67	375	__thiscall
C67	376	__thiscall__
C67	377	regparm
C67	378	__regparm__
C67	379	cleanup
C67	380	__cleanup__
C67	381	constructor
C67	382	__constructor__
C67	383	destructor
C67	384	__destructor__
C67	385	always_inline
C67	386	__always_inline__
C67	387	__noinline__
C67	388	pure
C67	389	__pure__
C67	390	__mode__
C67	391	__QI__
C67	392	__DI__
C67	393	__HI__
C67	394	__SI__
C67	395	__word__
C67	396	dllexport
C67	397	dllimport
C67	398	nodecorate
C67	399	noreturn
C67	400	__noreturn__
C67	401	_Noreturn
C67	402	visibility
C67	403	__visibility__
C67	404	__builtin_types_compatible_p
C67	405	__builtin_choose_expr
C67	406	__builtin_constant_p
C67	407	__builtin_frame_address
C67	408	__builtin_return_address
C67	409	__builtin_expect
C67	410	__builtin_unreachable
C67	411	__atomic_store
C67	412	__atomic_load
C67	413	__atomic_exchange
C67	414	__atomic_compare_exchange
C67	415	__atomic_fetch_add
C67	416	__atomic_fetch_sub
C67	417	__atomic_fetch_or
C67	418	__atomic_fetch_xor
C67	419	__atomic_fetch_and
C67	420	__atomic_fetch_nand
C67	421	__atomic_add_fetch
C67	422	__atomic_sub_fetch
C67	423	__atomic_or_fetch
C67	424	__atomic_xor_fetch
C67	425	__atomic_and_fetch
C67	426	__atomic_nand_fetch
C67	427	pack
C67	428	push
C67	429	pop
C67	430	comment
C67	431	lib
C67	432	push_macro
C67	433	pop_macro
C67	434	once
C67	435	option
C67	436	memcpy
C67	437	memmove
C67	438	memset
C67	439	__divdi3
C67	440	__moddi3
C67	441	__udivdi3
C67	442	__umoddi3
C67	443	__ashrdi3
C67	444	__lshrdi3
C67	445	__ashldi3
C67	446	__floatundisf
C67	447	__floatundidf
C67	448	__floatundixf
C67	449	__fixunsxfdi
C67	450	__fixunssfdi
C67	451	__fixunsdfdi
C67	452	_divi
C67	453	_divu
C67	454	_divf
C67	455	_divd
C67	456	_remi
C67	457	_remu
C67	458	alloca
C67	459	.byte
C67	460	.word
C67	461	.align
C67	462	.balign
C67	463	.p2align
C67	464	.set
C67	465	.skip
C67	466	.space
C67	467	.string
C67	468	.asciz
C67	469	.ascii
C67	470	.file
C67	471	.globl
C67	472	.global
C67	473	.weak
C67	474	.hidden
C67	475	.ident
C67	476	.size
C67	477	.type
C67	478	.text
C67	479	.data
C67	480	.bss
C67	481	.previous
C67	482	.pushsection
C67	483	.popsection
C67	484	.fill
C67	485	.rept
C67	486	.endr
C67	487	.org
C67	488	.quad
C67	489	.code16
C67	490	.code32
C67	491	.short
C67	492	.long
C67	493	.int
C67	494	.symver
C67	495	.reloc
C67	496	.section
C67	FIRST_IDENTIFIER	497
